[2026-07-25T09:06:22.169+0000] {processor.py:186} INFO - Started process (PID=107) to work on /home/airflow/.local/lib/python3.12/site-packages/airflow/example_dags/example_datasets.py
[2026-07-25T09:06:22.169+0000] {processor.py:914} INFO - Processing file /home/airflow/.local/lib/python3.12/site-packages/airflow/example_dags/example_datasets.py for tasks to queue
[2026-07-25T09:06:22.171+0000] {logging_mixin.py:190} INFO - [2026-07-25T09:06:22.171+0000] {dagbag.py:588} INFO - Filling up the DagBag from /home/airflow/.local/lib/python3.12/site-packages/airflow/example_dags/example_datasets.py
[2026-07-25T09:06:26.312+0000] {processor.py:925} INFO - DAG(s) 'dataset_consumes_1', 'dataset_produces_1', 'consume_1_and_2_with_dataset_expressions', 'dataset_consumes_1_never_scheduled', 'dataset_consumes_1_and_2', 'consume_1_or_2_with_dataset_expressions', 'consume_1_or_both_2_and_3_with_dataset_expressions', 'conditional_dataset_and_time_based_timetable', 'dataset_consumes_unknown_never_scheduled', 'dataset_produces_2' retrieved from /home/airflow/.local/lib/python3.12/site-packages/airflow/example_dags/example_datasets.py
[2026-07-25T09:06:26.535+0000] {logging_mixin.py:190} INFO - [2026-07-25T09:06:26.534+0000] {override.py:1932} INFO - Created Permission View: can edit on DAG:dataset_consumes_1
[2026-07-25T09:06:26.542+0000] {logging_mixin.py:190} INFO - [2026-07-25T09:06:26.542+0000] {override.py:1932} INFO - Created Permission View: can read on DAG:dataset_consumes_1
[2026-07-25T09:06:26.547+0000] {logging_mixin.py:190} INFO - [2026-07-25T09:06:26.547+0000] {override.py:1932} INFO - Created Permission View: can delete on DAG:dataset_consumes_1
[2026-07-25T09:06:26.552+0000] {logging_mixin.py:190} INFO - [2026-07-25T09:06:26.552+0000] {override.py:1932} INFO - Created Permission View: can create on DAG Run:dataset_consumes_1
[2026-07-25T09:06:26.558+0000] {logging_mixin.py:190} INFO - [2026-07-25T09:06:26.558+0000] {override.py:1932} INFO - Created Permission View: can read on DAG Run:dataset_consumes_1
[2026-07-25T09:06:26.562+0000] {logging_mixin.py:190} INFO - [2026-07-25T09:06:26.562+0000] {override.py:1932} INFO - Created Permission View: can delete on DAG Run:dataset_consumes_1
[2026-07-25T09:06:26.567+0000] {logging_mixin.py:190} INFO - [2026-07-25T09:06:26.567+0000] {override.py:1932} INFO - Created Permission View: menu access on DAG Run:dataset_consumes_1
[2026-07-25T09:06:26.576+0000] {logging_mixin.py:190} INFO - [2026-07-25T09:06:26.576+0000] {override.py:1932} INFO - Created Permission View: can edit on DAG:dataset_produces_1
[2026-07-25T09:06:26.582+0000] {logging_mixin.py:190} INFO - [2026-07-25T09:06:26.582+0000] {override.py:1932} INFO - Created Permission View: can read on DAG:dataset_produces_1
[2026-07-25T09:06:26.587+0000] {logging_mixin.py:190} INFO - [2026-07-25T09:06:26.587+0000] {override.py:1932} INFO - Created Permission View: can delete on DAG:dataset_produces_1
[2026-07-25T09:06:26.593+0000] {logging_mixin.py:190} INFO - [2026-07-25T09:06:26.593+0000] {override.py:1932} INFO - Created Permission View: can create on DAG Run:dataset_produces_1
[2026-07-25T09:06:26.598+0000] {logging_mixin.py:190} INFO - [2026-07-25T09:06:26.598+0000] {override.py:1932} INFO - Created Permission View: can read on DAG Run:dataset_produces_1
[2026-07-25T09:06:26.603+0000] {logging_mixin.py:190} INFO - [2026-07-25T09:06:26.603+0000] {override.py:1932} INFO - Created Permission View: can delete on DAG Run:dataset_produces_1
[2026-07-25T09:06:26.608+0000] {logging_mixin.py:190} INFO - [2026-07-25T09:06:26.607+0000] {override.py:1932} INFO - Created Permission View: menu access on DAG Run:dataset_produces_1
[2026-07-25T09:06:26.617+0000] {logging_mixin.py:190} INFO - [2026-07-25T09:06:26.617+0000] {override.py:1932} INFO - Created Permission View: can edit on DAG:consume_1_and_2_with_dataset_expressions
[2026-07-25T09:06:26.622+0000] {logging_mixin.py:190} INFO - [2026-07-25T09:06:26.622+0000] {override.py:1932} INFO - Created Permission View: can read on DAG:consume_1_and_2_with_dataset_expressions
[2026-07-25T09:06:26.626+0000] {logging_mixin.py:190} INFO - [2026-07-25T09:06:26.626+0000] {override.py:1932} INFO - Created Permission View: can delete on DAG:consume_1_and_2_with_dataset_expressions
[2026-07-25T09:06:26.632+0000] {logging_mixin.py:190} INFO - [2026-07-25T09:06:26.632+0000] {override.py:1932} INFO - Created Permission View: can create on DAG Run:consume_1_and_2_with_dataset_expressions
[2026-07-25T09:06:26.638+0000] {logging_mixin.py:190} INFO - [2026-07-25T09:06:26.638+0000] {override.py:1932} INFO - Created Permission View: can read on DAG Run:consume_1_and_2_with_dataset_expressions
[2026-07-25T09:06:26.642+0000] {logging_mixin.py:190} INFO - [2026-07-25T09:06:26.642+0000] {override.py:1932} INFO - Created Permission View: can delete on DAG Run:consume_1_and_2_with_dataset_expressions
[2026-07-25T09:06:26.647+0000] {logging_mixin.py:190} INFO - [2026-07-25T09:06:26.647+0000] {override.py:1932} INFO - Created Permission View: menu access on DAG Run:consume_1_and_2_with_dataset_expressions
[2026-07-25T09:06:26.656+0000] {logging_mixin.py:190} INFO - [2026-07-25T09:06:26.656+0000] {override.py:1932} INFO - Created Permission View: can edit on DAG:dataset_consumes_1_never_scheduled
[2026-07-25T09:06:26.662+0000] {logging_mixin.py:190} INFO - [2026-07-25T09:06:26.662+0000] {override.py:1932} INFO - Created Permission View: can read on DAG:dataset_consumes_1_never_scheduled
[2026-07-25T09:06:26.666+0000] {logging_mixin.py:190} INFO - [2026-07-25T09:06:26.666+0000] {override.py:1932} INFO - Created Permission View: can delete on DAG:dataset_consumes_1_never_scheduled
[2026-07-25T09:06:26.673+0000] {logging_mixin.py:190} INFO - [2026-07-25T09:06:26.673+0000] {override.py:1932} INFO - Created Permission View: can create on DAG Run:dataset_consumes_1_never_scheduled
[2026-07-25T09:06:26.678+0000] {logging_mixin.py:190} INFO - [2026-07-25T09:06:26.678+0000] {override.py:1932} INFO - Created Permission View: can read on DAG Run:dataset_consumes_1_never_scheduled
[2026-07-25T09:06:26.683+0000] {logging_mixin.py:190} INFO - [2026-07-25T09:06:26.682+0000] {override.py:1932} INFO - Created Permission View: can delete on DAG Run:dataset_consumes_1_never_scheduled
[2026-07-25T09:06:26.687+0000] {logging_mixin.py:190} INFO - [2026-07-25T09:06:26.687+0000] {override.py:1932} INFO - Created Permission View: menu access on DAG Run:dataset_consumes_1_never_scheduled
[2026-07-25T09:06:26.697+0000] {logging_mixin.py:190} INFO - [2026-07-25T09:06:26.696+0000] {override.py:1932} INFO - Created Permission View: can edit on DAG:dataset_consumes_1_and_2
[2026-07-25T09:06:26.702+0000] {logging_mixin.py:190} INFO - [2026-07-25T09:06:26.702+0000] {override.py:1932} INFO - Created Permission View: can read on DAG:dataset_consumes_1_and_2
[2026-07-25T09:06:26.706+0000] {logging_mixin.py:190} INFO - [2026-07-25T09:06:26.706+0000] {override.py:1932} INFO - Created Permission View: can delete on DAG:dataset_consumes_1_and_2
[2026-07-25T09:06:26.712+0000] {logging_mixin.py:190} INFO - [2026-07-25T09:06:26.712+0000] {override.py:1932} INFO - Created Permission View: can create on DAG Run:dataset_consumes_1_and_2
[2026-07-25T09:06:26.718+0000] {logging_mixin.py:190} INFO - [2026-07-25T09:06:26.718+0000] {override.py:1932} INFO - Created Permission View: can read on DAG Run:dataset_consumes_1_and_2
[2026-07-25T09:06:26.723+0000] {logging_mixin.py:190} INFO - [2026-07-25T09:06:26.723+0000] {override.py:1932} INFO - Created Permission View: can delete on DAG Run:dataset_consumes_1_and_2
[2026-07-25T09:06:26.728+0000] {logging_mixin.py:190} INFO - [2026-07-25T09:06:26.728+0000] {override.py:1932} INFO - Created Permission View: menu access on DAG Run:dataset_consumes_1_and_2
[2026-07-25T09:06:26.737+0000] {logging_mixin.py:190} INFO - [2026-07-25T09:06:26.737+0000] {override.py:1932} INFO - Created Permission View: can edit on DAG:consume_1_or_2_with_dataset_expressions
[2026-07-25T09:06:26.743+0000] {logging_mixin.py:190} INFO - [2026-07-25T09:06:26.743+0000] {override.py:1932} INFO - Created Permission View: can read on DAG:consume_1_or_2_with_dataset_expressions
[2026-07-25T09:06:26.749+0000] {logging_mixin.py:190} INFO - [2026-07-25T09:06:26.749+0000] {override.py:1932} INFO - Created Permission View: can delete on DAG:consume_1_or_2_with_dataset_expressions
[2026-07-25T09:06:26.755+0000] {logging_mixin.py:190} INFO - [2026-07-25T09:06:26.755+0000] {override.py:1932} INFO - Created Permission View: can create on DAG Run:consume_1_or_2_with_dataset_expressions
[2026-07-25T09:06:26.760+0000] {logging_mixin.py:190} INFO - [2026-07-25T09:06:26.760+0000] {override.py:1932} INFO - Created Permission View: can read on DAG Run:consume_1_or_2_with_dataset_expressions
[2026-07-25T09:06:26.767+0000] {logging_mixin.py:190} INFO - [2026-07-25T09:06:26.766+0000] {override.py:1932} INFO - Created Permission View: can delete on DAG Run:consume_1_or_2_with_dataset_expressions
[2026-07-25T09:06:26.774+0000] {logging_mixin.py:190} INFO - [2026-07-25T09:06:26.774+0000] {override.py:1932} INFO - Created Permission View: menu access on DAG Run:consume_1_or_2_with_dataset_expressions
[2026-07-25T09:06:26.784+0000] {logging_mixin.py:190} INFO - [2026-07-25T09:06:26.784+0000] {override.py:1932} INFO - Created Permission View: can edit on DAG:consume_1_or_both_2_and_3_with_dataset_expressions
[2026-07-25T09:06:26.790+0000] {logging_mixin.py:190} INFO - [2026-07-25T09:06:26.790+0000] {override.py:1932} INFO - Created Permission View: can read on DAG:consume_1_or_both_2_and_3_with_dataset_expressions
[2026-07-25T09:06:26.795+0000] {logging_mixin.py:190} INFO - [2026-07-25T09:06:26.795+0000] {override.py:1932} INFO - Created Permission View: can delete on DAG:consume_1_or_both_2_and_3_with_dataset_expressions
[2026-07-25T09:06:26.800+0000] {logging_mixin.py:190} INFO - [2026-07-25T09:06:26.800+0000] {override.py:1932} INFO - Created Permission View: can create on DAG Run:consume_1_or_both_2_and_3_with_dataset_expressions
[2026-07-25T09:06:26.806+0000] {logging_mixin.py:190} INFO - [2026-07-25T09:06:26.806+0000] {override.py:1932} INFO - Created Permission View: can read on DAG Run:consume_1_or_both_2_and_3_with_dataset_expressions
[2026-07-25T09:06:26.810+0000] {logging_mixin.py:190} INFO - [2026-07-25T09:06:26.810+0000] {override.py:1932} INFO - Created Permission View: can delete on DAG Run:consume_1_or_both_2_and_3_with_dataset_expressions
[2026-07-25T09:06:26.815+0000] {logging_mixin.py:190} INFO - [2026-07-25T09:06:26.815+0000] {override.py:1932} INFO - Created Permission View: menu access on DAG Run:consume_1_or_both_2_and_3_with_dataset_expressions
[2026-07-25T09:06:26.825+0000] {logging_mixin.py:190} INFO - [2026-07-25T09:06:26.825+0000] {override.py:1932} INFO - Created Permission View: can edit on DAG:conditional_dataset_and_time_based_timetable
[2026-07-25T09:06:26.830+0000] {logging_mixin.py:190} INFO - [2026-07-25T09:06:26.830+0000] {override.py:1932} INFO - Created Permission View: can read on DAG:conditional_dataset_and_time_based_timetable
[2026-07-25T09:06:26.835+0000] {logging_mixin.py:190} INFO - [2026-07-25T09:06:26.834+0000] {override.py:1932} INFO - Created Permission View: can delete on DAG:conditional_dataset_and_time_based_timetable
[2026-07-25T09:06:26.840+0000] {logging_mixin.py:190} INFO - [2026-07-25T09:06:26.840+0000] {override.py:1932} INFO - Created Permission View: can create on DAG Run:conditional_dataset_and_time_based_timetable
[2026-07-25T09:06:26.847+0000] {logging_mixin.py:190} INFO - [2026-07-25T09:06:26.846+0000] {override.py:1932} INFO - Created Permission View: can read on DAG Run:conditional_dataset_and_time_based_timetable
[2026-07-25T09:06:26.851+0000] {logging_mixin.py:190} INFO - [2026-07-25T09:06:26.851+0000] {override.py:1932} INFO - Created Permission View: can delete on DAG Run:conditional_dataset_and_time_based_timetable
[2026-07-25T09:06:26.856+0000] {logging_mixin.py:190} INFO - [2026-07-25T09:06:26.856+0000] {override.py:1932} INFO - Created Permission View: menu access on DAG Run:conditional_dataset_and_time_based_timetable
[2026-07-25T09:06:26.865+0000] {logging_mixin.py:190} INFO - [2026-07-25T09:06:26.865+0000] {override.py:1932} INFO - Created Permission View: can edit on DAG:dataset_consumes_unknown_never_scheduled
[2026-07-25T09:06:26.871+0000] {logging_mixin.py:190} INFO - [2026-07-25T09:06:26.871+0000] {override.py:1932} INFO - Created Permission View: can read on DAG:dataset_consumes_unknown_never_scheduled
[2026-07-25T09:06:26.876+0000] {logging_mixin.py:190} INFO - [2026-07-25T09:06:26.875+0000] {override.py:1932} INFO - Created Permission View: can delete on DAG:dataset_consumes_unknown_never_scheduled
[2026-07-25T09:06:26.882+0000] {logging_mixin.py:190} INFO - [2026-07-25T09:06:26.881+0000] {override.py:1932} INFO - Created Permission View: can create on DAG Run:dataset_consumes_unknown_never_scheduled
[2026-07-25T09:06:26.887+0000] {logging_mixin.py:190} INFO - [2026-07-25T09:06:26.887+0000] {override.py:1932} INFO - Created Permission View: can read on DAG Run:dataset_consumes_unknown_never_scheduled
[2026-07-25T09:06:26.892+0000] {logging_mixin.py:190} INFO - [2026-07-25T09:06:26.892+0000] {override.py:1932} INFO - Created Permission View: can delete on DAG Run:dataset_consumes_unknown_never_scheduled
[2026-07-25T09:06:26.896+0000] {logging_mixin.py:190} INFO - [2026-07-25T09:06:26.896+0000] {override.py:1932} INFO - Created Permission View: menu access on DAG Run:dataset_consumes_unknown_never_scheduled
[2026-07-25T09:06:26.905+0000] {logging_mixin.py:190} INFO - [2026-07-25T09:06:26.905+0000] {override.py:1932} INFO - Created Permission View: can edit on DAG:dataset_produces_2
[2026-07-25T09:06:26.911+0000] {logging_mixin.py:190} INFO - [2026-07-25T09:06:26.910+0000] {override.py:1932} INFO - Created Permission View: can read on DAG:dataset_produces_2
[2026-07-25T09:06:26.915+0000] {logging_mixin.py:190} INFO - [2026-07-25T09:06:26.915+0000] {override.py:1932} INFO - Created Permission View: can delete on DAG:dataset_produces_2
[2026-07-25T09:06:26.921+0000] {logging_mixin.py:190} INFO - [2026-07-25T09:06:26.921+0000] {override.py:1932} INFO - Created Permission View: can create on DAG Run:dataset_produces_2
[2026-07-25T09:06:26.926+0000] {logging_mixin.py:190} INFO - [2026-07-25T09:06:26.926+0000] {override.py:1932} INFO - Created Permission View: can read on DAG Run:dataset_produces_2
[2026-07-25T09:06:26.931+0000] {logging_mixin.py:190} INFO - [2026-07-25T09:06:26.931+0000] {override.py:1932} INFO - Created Permission View: can delete on DAG Run:dataset_produces_2
[2026-07-25T09:06:26.935+0000] {logging_mixin.py:190} INFO - [2026-07-25T09:06:26.935+0000] {override.py:1932} INFO - Created Permission View: menu access on DAG Run:dataset_produces_2
[2026-07-25T09:06:26.936+0000] {logging_mixin.py:190} INFO - [2026-07-25T09:06:26.935+0000] {dag.py:3239} INFO - Sync 10 DAGs
[2026-07-25T09:06:26.943+0000] {logging_mixin.py:190} INFO - [2026-07-25T09:06:26.943+0000] {dag.py:3262} INFO - Creating ORM DAG for dataset_consumes_unknown_never_scheduled
[2026-07-25T09:06:26.944+0000] {logging_mixin.py:190} INFO - [2026-07-25T09:06:26.944+0000] {dag.py:3262} INFO - Creating ORM DAG for conditional_dataset_and_time_based_timetable
[2026-07-25T09:06:26.945+0000] {logging_mixin.py:190} INFO - [2026-07-25T09:06:26.945+0000] {dag.py:3262} INFO - Creating ORM DAG for consume_1_or_both_2_and_3_with_dataset_expressions
[2026-07-25T09:06:26.945+0000] {logging_mixin.py:190} INFO - [2026-07-25T09:06:26.945+0000] {dag.py:3262} INFO - Creating ORM DAG for dataset_consumes_1
[2026-07-25T09:06:26.946+0000] {logging_mixin.py:190} INFO - [2026-07-25T09:06:26.946+0000] {dag.py:3262} INFO - Creating ORM DAG for consume_1_and_2_with_dataset_expressions
[2026-07-25T09:06:26.947+0000] {logging_mixin.py:190} INFO - [2026-07-25T09:06:26.947+0000] {dag.py:3262} INFO - Creating ORM DAG for consume_1_or_2_with_dataset_expressions
[2026-07-25T09:06:26.947+0000] {logging_mixin.py:190} INFO - [2026-07-25T09:06:26.947+0000] {dag.py:3262} INFO - Creating ORM DAG for dataset_consumes_1_never_scheduled
[2026-07-25T09:06:26.948+0000] {logging_mixin.py:190} INFO - [2026-07-25T09:06:26.948+0000] {dag.py:3262} INFO - Creating ORM DAG for dataset_produces_2
[2026-07-25T09:06:26.949+0000] {logging_mixin.py:190} INFO - [2026-07-25T09:06:26.949+0000] {dag.py:3262} INFO - Creating ORM DAG for dataset_produces_1
[2026-07-25T09:06:26.949+0000] {logging_mixin.py:190} INFO - [2026-07-25T09:06:26.949+0000] {dag.py:3262} INFO - Creating ORM DAG for dataset_consumes_1_and_2
[2026-07-25T09:06:26.955+0000] {logging_mixin.py:190} INFO - [2026-07-25T09:06:26.955+0000] {dag.py:4180} INFO - Setting next_dagrun for conditional_dataset_and_time_based_timetable to 2026-07-22 01:00:00+00:00, run_after=2026-07-22 01:00:00+00:00
[2026-07-25T09:06:26.956+0000] {logging_mixin.py:190} INFO - [2026-07-25T09:06:26.956+0000] {dag.py:4180} INFO - Setting next_dagrun for consume_1_and_2_with_dataset_expressions to None, run_after=None
[2026-07-25T09:06:26.956+0000] {logging_mixin.py:190} INFO - [2026-07-25T09:06:26.956+0000] {dag.py:4180} INFO - Setting next_dagrun for consume_1_or_2_with_dataset_expressions to None, run_after=None
[2026-07-25T09:06:26.957+0000] {logging_mixin.py:190} INFO - [2026-07-25T09:06:26.957+0000] {dag.py:4180} INFO - Setting next_dagrun for consume_1_or_both_2_and_3_with_dataset_expressions to None, run_after=None
[2026-07-25T09:06:26.958+0000] {logging_mixin.py:190} INFO - [2026-07-25T09:06:26.957+0000] {dag.py:4180} INFO - Setting next_dagrun for dataset_consumes_1 to None, run_after=None
[2026-07-25T09:06:26.958+0000] {logging_mixin.py:190} INFO - [2026-07-25T09:06:26.958+0000] {dag.py:4180} INFO - Setting next_dagrun for dataset_consumes_1_and_2 to None, run_after=None
[2026-07-25T09:06:26.959+0000] {logging_mixin.py:190} INFO - [2026-07-25T09:06:26.959+0000] {dag.py:4180} INFO - Setting next_dagrun for dataset_consumes_1_never_scheduled to None, run_after=None
[2026-07-25T09:06:26.960+0000] {logging_mixin.py:190} INFO - [2026-07-25T09:06:26.959+0000] {dag.py:4180} INFO - Setting next_dagrun for dataset_consumes_unknown_never_scheduled to None, run_after=None
[2026-07-25T09:06:26.961+0000] {logging_mixin.py:190} INFO - [2026-07-25T09:06:26.961+0000] {dag.py:4180} INFO - Setting next_dagrun for dataset_produces_1 to 2026-07-24 00:00:00+00:00, run_after=2026-07-25 00:00:00+00:00
[2026-07-25T09:06:26.961+0000] {logging_mixin.py:190} INFO - [2026-07-25T09:06:26.961+0000] {dag.py:4180} INFO - Setting next_dagrun for dataset_produces_2 to None, run_after=None
[2026-07-25T09:06:26.988+0000] {processor.py:208} INFO - Processing /home/airflow/.local/lib/python3.12/site-packages/airflow/example_dags/example_datasets.py took 4.823 seconds
[2026-07-25T09:06:57.119+0000] {processor.py:186} INFO - Started process (PID=174) to work on /home/airflow/.local/lib/python3.12/site-packages/airflow/example_dags/example_datasets.py
[2026-07-25T09:06:57.120+0000] {processor.py:914} INFO - Processing file /home/airflow/.local/lib/python3.12/site-packages/airflow/example_dags/example_datasets.py for tasks to queue
[2026-07-25T09:06:57.122+0000] {logging_mixin.py:190} INFO - [2026-07-25T09:06:57.122+0000] {dagbag.py:588} INFO - Filling up the DagBag from /home/airflow/.local/lib/python3.12/site-packages/airflow/example_dags/example_datasets.py
[2026-07-25T09:07:01.355+0000] {processor.py:925} INFO - DAG(s) 'conditional_dataset_and_time_based_timetable', 'dataset_consumes_unknown_never_scheduled', 'dataset_consumes_1', 'dataset_consumes_1_and_2', 'consume_1_or_both_2_and_3_with_dataset_expressions', 'consume_1_and_2_with_dataset_expressions', 'dataset_consumes_1_never_scheduled', 'consume_1_or_2_with_dataset_expressions', 'dataset_produces_2', 'dataset_produces_1' retrieved from /home/airflow/.local/lib/python3.12/site-packages/airflow/example_dags/example_datasets.py
[2026-07-25T09:07:01.380+0000] {logging_mixin.py:190} INFO - [2026-07-25T09:07:01.380+0000] {dag.py:3239} INFO - Sync 10 DAGs
[2026-07-25T09:07:01.394+0000] {logging_mixin.py:190} INFO - [2026-07-25T09:07:01.394+0000] {dag.py:4180} INFO - Setting next_dagrun for conditional_dataset_and_time_based_timetable to 2026-07-22 01:00:00+00:00, run_after=2026-07-22 01:00:00+00:00
[2026-07-25T09:07:01.396+0000] {logging_mixin.py:190} INFO - [2026-07-25T09:07:01.396+0000] {dag.py:4180} INFO - Setting next_dagrun for consume_1_and_2_with_dataset_expressions to None, run_after=None
[2026-07-25T09:07:01.397+0000] {logging_mixin.py:190} INFO - [2026-07-25T09:07:01.397+0000] {dag.py:4180} INFO - Setting next_dagrun for consume_1_or_2_with_dataset_expressions to None, run_after=None
[2026-07-25T09:07:01.398+0000] {logging_mixin.py:190} INFO - [2026-07-25T09:07:01.398+0000] {dag.py:4180} INFO - Setting next_dagrun for consume_1_or_both_2_and_3_with_dataset_expressions to None, run_after=None
[2026-07-25T09:07:01.399+0000] {logging_mixin.py:190} INFO - [2026-07-25T09:07:01.399+0000] {dag.py:4180} INFO - Setting next_dagrun for dataset_consumes_1 to None, run_after=None
[2026-07-25T09:07:01.400+0000] {logging_mixin.py:190} INFO - [2026-07-25T09:07:01.400+0000] {dag.py:4180} INFO - Setting next_dagrun for dataset_consumes_1_and_2 to None, run_after=None
[2026-07-25T09:07:01.401+0000] {logging_mixin.py:190} INFO - [2026-07-25T09:07:01.401+0000] {dag.py:4180} INFO - Setting next_dagrun for dataset_consumes_1_never_scheduled to None, run_after=None
[2026-07-25T09:07:01.402+0000] {logging_mixin.py:190} INFO - [2026-07-25T09:07:01.402+0000] {dag.py:4180} INFO - Setting next_dagrun for dataset_consumes_unknown_never_scheduled to None, run_after=None
[2026-07-25T09:07:01.404+0000] {logging_mixin.py:190} INFO - [2026-07-25T09:07:01.404+0000] {dag.py:4180} INFO - Setting next_dagrun for dataset_produces_1 to 2026-07-24 00:00:00+00:00, run_after=2026-07-25 00:00:00+00:00
[2026-07-25T09:07:01.405+0000] {logging_mixin.py:190} INFO - [2026-07-25T09:07:01.405+0000] {dag.py:4180} INFO - Setting next_dagrun for dataset_produces_2 to None, run_after=None
[2026-07-25T09:07:01.425+0000] {processor.py:208} INFO - Processing /home/airflow/.local/lib/python3.12/site-packages/airflow/example_dags/example_datasets.py took 4.311 seconds
[2026-07-25T09:07:31.631+0000] {processor.py:186} INFO - Started process (PID=237) to work on /home/airflow/.local/lib/python3.12/site-packages/airflow/example_dags/example_datasets.py
[2026-07-25T09:07:31.632+0000] {processor.py:914} INFO - Processing file /home/airflow/.local/lib/python3.12/site-packages/airflow/example_dags/example_datasets.py for tasks to queue
[2026-07-25T09:07:31.634+0000] {logging_mixin.py:190} INFO - [2026-07-25T09:07:31.634+0000] {dagbag.py:588} INFO - Filling up the DagBag from /home/airflow/.local/lib/python3.12/site-packages/airflow/example_dags/example_datasets.py
[2026-07-25T09:07:35.973+0000] {processor.py:925} INFO - DAG(s) 'consume_1_or_both_2_and_3_with_dataset_expressions', 'consume_1_or_2_with_dataset_expressions', 'dataset_consumes_1', 'dataset_produces_1', 'dataset_consumes_unknown_never_scheduled', 'consume_1_and_2_with_dataset_expressions', 'dataset_produces_2', 'conditional_dataset_and_time_based_timetable', 'dataset_consumes_1_and_2', 'dataset_consumes_1_never_scheduled' retrieved from /home/airflow/.local/lib/python3.12/site-packages/airflow/example_dags/example_datasets.py
[2026-07-25T09:07:35.997+0000] {logging_mixin.py:190} INFO - [2026-07-25T09:07:35.997+0000] {dag.py:3239} INFO - Sync 10 DAGs
[2026-07-25T09:07:36.013+0000] {logging_mixin.py:190} INFO - [2026-07-25T09:07:36.012+0000] {dag.py:4180} INFO - Setting next_dagrun for conditional_dataset_and_time_based_timetable to 2026-07-22 01:00:00+00:00, run_after=2026-07-22 01:00:00+00:00
[2026-07-25T09:07:36.015+0000] {logging_mixin.py:190} INFO - [2026-07-25T09:07:36.015+0000] {dag.py:4180} INFO - Setting next_dagrun for consume_1_and_2_with_dataset_expressions to None, run_after=None
[2026-07-25T09:07:36.016+0000] {logging_mixin.py:190} INFO - [2026-07-25T09:07:36.016+0000] {dag.py:4180} INFO - Setting next_dagrun for consume_1_or_2_with_dataset_expressions to None, run_after=None
[2026-07-25T09:07:36.017+0000] {logging_mixin.py:190} INFO - [2026-07-25T09:07:36.017+0000] {dag.py:4180} INFO - Setting next_dagrun for consume_1_or_both_2_and_3_with_dataset_expressions to None, run_after=None
[2026-07-25T09:07:36.018+0000] {logging_mixin.py:190} INFO - [2026-07-25T09:07:36.018+0000] {dag.py:4180} INFO - Setting next_dagrun for dataset_consumes_1 to None, run_after=None
[2026-07-25T09:07:36.019+0000] {logging_mixin.py:190} INFO - [2026-07-25T09:07:36.019+0000] {dag.py:4180} INFO - Setting next_dagrun for dataset_consumes_1_and_2 to None, run_after=None
[2026-07-25T09:07:36.020+0000] {logging_mixin.py:190} INFO - [2026-07-25T09:07:36.020+0000] {dag.py:4180} INFO - Setting next_dagrun for dataset_consumes_1_never_scheduled to None, run_after=None
[2026-07-25T09:07:36.021+0000] {logging_mixin.py:190} INFO - [2026-07-25T09:07:36.021+0000] {dag.py:4180} INFO - Setting next_dagrun for dataset_consumes_unknown_never_scheduled to None, run_after=None
[2026-07-25T09:07:36.023+0000] {logging_mixin.py:190} INFO - [2026-07-25T09:07:36.022+0000] {dag.py:4180} INFO - Setting next_dagrun for dataset_produces_1 to 2026-07-24 00:00:00+00:00, run_after=2026-07-25 00:00:00+00:00
[2026-07-25T09:07:36.024+0000] {logging_mixin.py:190} INFO - [2026-07-25T09:07:36.023+0000] {dag.py:4180} INFO - Setting next_dagrun for dataset_produces_2 to None, run_after=None
[2026-07-25T09:07:36.043+0000] {processor.py:208} INFO - Processing /home/airflow/.local/lib/python3.12/site-packages/airflow/example_dags/example_datasets.py took 4.415 seconds
[2026-07-25T09:08:06.192+0000] {processor.py:186} INFO - Started process (PID=302) to work on /home/airflow/.local/lib/python3.12/site-packages/airflow/example_dags/example_datasets.py
[2026-07-25T09:08:06.193+0000] {processor.py:914} INFO - Processing file /home/airflow/.local/lib/python3.12/site-packages/airflow/example_dags/example_datasets.py for tasks to queue
[2026-07-25T09:08:06.195+0000] {logging_mixin.py:190} INFO - [2026-07-25T09:08:06.195+0000] {dagbag.py:588} INFO - Filling up the DagBag from /home/airflow/.local/lib/python3.12/site-packages/airflow/example_dags/example_datasets.py
[2026-07-25T09:08:10.488+0000] {processor.py:925} INFO - DAG(s) 'consume_1_or_2_with_dataset_expressions', 'dataset_produces_2', 'dataset_consumes_unknown_never_scheduled', 'consume_1_and_2_with_dataset_expressions', 'dataset_produces_1', 'consume_1_or_both_2_and_3_with_dataset_expressions', 'conditional_dataset_and_time_based_timetable', 'dataset_consumes_1_never_scheduled', 'dataset_consumes_1', 'dataset_consumes_1_and_2' retrieved from /home/airflow/.local/lib/python3.12/site-packages/airflow/example_dags/example_datasets.py
[2026-07-25T09:08:10.512+0000] {logging_mixin.py:190} INFO - [2026-07-25T09:08:10.512+0000] {dag.py:3239} INFO - Sync 10 DAGs
[2026-07-25T09:08:10.526+0000] {logging_mixin.py:190} INFO - [2026-07-25T09:08:10.526+0000] {dag.py:4180} INFO - Setting next_dagrun for conditional_dataset_and_time_based_timetable to 2026-07-22 01:00:00+00:00, run_after=2026-07-22 01:00:00+00:00
[2026-07-25T09:08:10.528+0000] {logging_mixin.py:190} INFO - [2026-07-25T09:08:10.528+0000] {dag.py:4180} INFO - Setting next_dagrun for consume_1_and_2_with_dataset_expressions to None, run_after=None
[2026-07-25T09:08:10.529+0000] {logging_mixin.py:190} INFO - [2026-07-25T09:08:10.529+0000] {dag.py:4180} INFO - Setting next_dagrun for consume_1_or_2_with_dataset_expressions to None, run_after=None
[2026-07-25T09:08:10.530+0000] {logging_mixin.py:190} INFO - [2026-07-25T09:08:10.530+0000] {dag.py:4180} INFO - Setting next_dagrun for consume_1_or_both_2_and_3_with_dataset_expressions to None, run_after=None
[2026-07-25T09:08:10.531+0000] {logging_mixin.py:190} INFO - [2026-07-25T09:08:10.531+0000] {dag.py:4180} INFO - Setting next_dagrun for dataset_consumes_1 to None, run_after=None
[2026-07-25T09:08:10.532+0000] {logging_mixin.py:190} INFO - [2026-07-25T09:08:10.532+0000] {dag.py:4180} INFO - Setting next_dagrun for dataset_consumes_1_and_2 to None, run_after=None
[2026-07-25T09:08:10.533+0000] {logging_mixin.py:190} INFO - [2026-07-25T09:08:10.533+0000] {dag.py:4180} INFO - Setting next_dagrun for dataset_consumes_1_never_scheduled to None, run_after=None
[2026-07-25T09:08:10.534+0000] {logging_mixin.py:190} INFO - [2026-07-25T09:08:10.534+0000] {dag.py:4180} INFO - Setting next_dagrun for dataset_consumes_unknown_never_scheduled to None, run_after=None
[2026-07-25T09:08:10.535+0000] {logging_mixin.py:190} INFO - [2026-07-25T09:08:10.535+0000] {dag.py:4180} INFO - Setting next_dagrun for dataset_produces_1 to 2026-07-24 00:00:00+00:00, run_after=2026-07-25 00:00:00+00:00
[2026-07-25T09:08:10.536+0000] {logging_mixin.py:190} INFO - [2026-07-25T09:08:10.536+0000] {dag.py:4180} INFO - Setting next_dagrun for dataset_produces_2 to None, run_after=None
[2026-07-25T09:08:10.555+0000] {processor.py:208} INFO - Processing /home/airflow/.local/lib/python3.12/site-packages/airflow/example_dags/example_datasets.py took 4.366 seconds
[2026-07-25T09:08:41.248+0000] {processor.py:186} INFO - Started process (PID=366) to work on /home/airflow/.local/lib/python3.12/site-packages/airflow/example_dags/example_datasets.py
[2026-07-25T09:08:41.249+0000] {processor.py:914} INFO - Processing file /home/airflow/.local/lib/python3.12/site-packages/airflow/example_dags/example_datasets.py for tasks to queue
[2026-07-25T09:08:41.250+0000] {logging_mixin.py:190} INFO - [2026-07-25T09:08:41.250+0000] {dagbag.py:588} INFO - Filling up the DagBag from /home/airflow/.local/lib/python3.12/site-packages/airflow/example_dags/example_datasets.py
[2026-07-25T09:08:45.623+0000] {processor.py:925} INFO - DAG(s) 'dataset_consumes_unknown_never_scheduled', 'dataset_consumes_1_and_2', 'dataset_produces_1', 'consume_1_or_both_2_and_3_with_dataset_expressions', 'dataset_consumes_1_never_scheduled', 'dataset_produces_2', 'dataset_consumes_1', 'consume_1_or_2_with_dataset_expressions', 'consume_1_and_2_with_dataset_expressions', 'conditional_dataset_and_time_based_timetable' retrieved from /home/airflow/.local/lib/python3.12/site-packages/airflow/example_dags/example_datasets.py
[2026-07-25T09:08:45.646+0000] {logging_mixin.py:190} INFO - [2026-07-25T09:08:45.646+0000] {dag.py:3239} INFO - Sync 10 DAGs
[2026-07-25T09:08:45.659+0000] {logging_mixin.py:190} INFO - [2026-07-25T09:08:45.659+0000] {dag.py:4180} INFO - Setting next_dagrun for conditional_dataset_and_time_based_timetable to 2026-07-22 01:00:00+00:00, run_after=2026-07-22 01:00:00+00:00
[2026-07-25T09:08:45.661+0000] {logging_mixin.py:190} INFO - [2026-07-25T09:08:45.661+0000] {dag.py:4180} INFO - Setting next_dagrun for consume_1_and_2_with_dataset_expressions to None, run_after=None
[2026-07-25T09:08:45.662+0000] {logging_mixin.py:190} INFO - [2026-07-25T09:08:45.662+0000] {dag.py:4180} INFO - Setting next_dagrun for consume_1_or_2_with_dataset_expressions to None, run_after=None
[2026-07-25T09:08:45.664+0000] {logging_mixin.py:190} INFO - [2026-07-25T09:08:45.664+0000] {dag.py:4180} INFO - Setting next_dagrun for consume_1_or_both_2_and_3_with_dataset_expressions to None, run_after=None
[2026-07-25T09:08:45.665+0000] {logging_mixin.py:190} INFO - [2026-07-25T09:08:45.665+0000] {dag.py:4180} INFO - Setting next_dagrun for dataset_consumes_1 to None, run_after=None
[2026-07-25T09:08:45.666+0000] {logging_mixin.py:190} INFO - [2026-07-25T09:08:45.666+0000] {dag.py:4180} INFO - Setting next_dagrun for dataset_consumes_1_and_2 to None, run_after=None
[2026-07-25T09:08:45.667+0000] {logging_mixin.py:190} INFO - [2026-07-25T09:08:45.667+0000] {dag.py:4180} INFO - Setting next_dagrun for dataset_consumes_1_never_scheduled to None, run_after=None
[2026-07-25T09:08:45.668+0000] {logging_mixin.py:190} INFO - [2026-07-25T09:08:45.668+0000] {dag.py:4180} INFO - Setting next_dagrun for dataset_consumes_unknown_never_scheduled to None, run_after=None
[2026-07-25T09:08:45.669+0000] {logging_mixin.py:190} INFO - [2026-07-25T09:08:45.669+0000] {dag.py:4180} INFO - Setting next_dagrun for dataset_produces_1 to 2026-07-24 00:00:00+00:00, run_after=2026-07-25 00:00:00+00:00
[2026-07-25T09:08:45.671+0000] {logging_mixin.py:190} INFO - [2026-07-25T09:08:45.670+0000] {dag.py:4180} INFO - Setting next_dagrun for dataset_produces_2 to None, run_after=None
[2026-07-25T09:08:45.690+0000] {processor.py:208} INFO - Processing /home/airflow/.local/lib/python3.12/site-packages/airflow/example_dags/example_datasets.py took 4.446 seconds
[2026-07-25T09:09:16.061+0000] {processor.py:186} INFO - Started process (PID=444) to work on /home/airflow/.local/lib/python3.12/site-packages/airflow/example_dags/example_datasets.py
[2026-07-25T09:09:16.062+0000] {processor.py:914} INFO - Processing file /home/airflow/.local/lib/python3.12/site-packages/airflow/example_dags/example_datasets.py for tasks to queue
[2026-07-25T09:09:16.064+0000] {logging_mixin.py:190} INFO - [2026-07-25T09:09:16.064+0000] {dagbag.py:588} INFO - Filling up the DagBag from /home/airflow/.local/lib/python3.12/site-packages/airflow/example_dags/example_datasets.py
[2026-07-25T09:09:19.937+0000] {processor.py:925} INFO - DAG(s) 'dataset_produces_1', 'consume_1_and_2_with_dataset_expressions', 'dataset_consumes_1_and_2', 'conditional_dataset_and_time_based_timetable', 'dataset_consumes_1', 'dataset_produces_2', 'consume_1_or_2_with_dataset_expressions', 'dataset_consumes_1_never_scheduled', 'dataset_consumes_unknown_never_scheduled', 'consume_1_or_both_2_and_3_with_dataset_expressions' retrieved from /home/airflow/.local/lib/python3.12/site-packages/airflow/example_dags/example_datasets.py
[2026-07-25T09:09:19.960+0000] {logging_mixin.py:190} INFO - [2026-07-25T09:09:19.960+0000] {dag.py:3239} INFO - Sync 10 DAGs
[2026-07-25T09:09:19.973+0000] {logging_mixin.py:190} INFO - [2026-07-25T09:09:19.973+0000] {dag.py:4180} INFO - Setting next_dagrun for conditional_dataset_and_time_based_timetable to 2026-07-22 01:00:00+00:00, run_after=2026-07-22 01:00:00+00:00
[2026-07-25T09:09:19.975+0000] {logging_mixin.py:190} INFO - [2026-07-25T09:09:19.975+0000] {dag.py:4180} INFO - Setting next_dagrun for consume_1_and_2_with_dataset_expressions to None, run_after=None
[2026-07-25T09:09:19.976+0000] {logging_mixin.py:190} INFO - [2026-07-25T09:09:19.976+0000] {dag.py:4180} INFO - Setting next_dagrun for consume_1_or_2_with_dataset_expressions to None, run_after=None
[2026-07-25T09:09:19.978+0000] {logging_mixin.py:190} INFO - [2026-07-25T09:09:19.978+0000] {dag.py:4180} INFO - Setting next_dagrun for consume_1_or_both_2_and_3_with_dataset_expressions to None, run_after=None
[2026-07-25T09:09:19.979+0000] {logging_mixin.py:190} INFO - [2026-07-25T09:09:19.979+0000] {dag.py:4180} INFO - Setting next_dagrun for dataset_consumes_1 to None, run_after=None
[2026-07-25T09:09:19.980+0000] {logging_mixin.py:190} INFO - [2026-07-25T09:09:19.980+0000] {dag.py:4180} INFO - Setting next_dagrun for dataset_consumes_1_and_2 to None, run_after=None
[2026-07-25T09:09:19.981+0000] {logging_mixin.py:190} INFO - [2026-07-25T09:09:19.981+0000] {dag.py:4180} INFO - Setting next_dagrun for dataset_consumes_1_never_scheduled to None, run_after=None
[2026-07-25T09:09:19.982+0000] {logging_mixin.py:190} INFO - [2026-07-25T09:09:19.982+0000] {dag.py:4180} INFO - Setting next_dagrun for dataset_consumes_unknown_never_scheduled to None, run_after=None
[2026-07-25T09:09:19.983+0000] {logging_mixin.py:190} INFO - [2026-07-25T09:09:19.983+0000] {dag.py:4180} INFO - Setting next_dagrun for dataset_produces_1 to 2026-07-24 00:00:00+00:00, run_after=2026-07-25 00:00:00+00:00
[2026-07-25T09:09:19.984+0000] {logging_mixin.py:190} INFO - [2026-07-25T09:09:19.984+0000] {dag.py:4180} INFO - Setting next_dagrun for dataset_produces_2 to None, run_after=None
[2026-07-25T09:09:20.003+0000] {processor.py:208} INFO - Processing /home/airflow/.local/lib/python3.12/site-packages/airflow/example_dags/example_datasets.py took 3.946 seconds
[2026-07-25T09:09:50.554+0000] {processor.py:186} INFO - Started process (PID=521) to work on /home/airflow/.local/lib/python3.12/site-packages/airflow/example_dags/example_datasets.py
[2026-07-25T09:09:50.555+0000] {processor.py:914} INFO - Processing file /home/airflow/.local/lib/python3.12/site-packages/airflow/example_dags/example_datasets.py for tasks to queue
[2026-07-25T09:09:50.558+0000] {logging_mixin.py:190} INFO - [2026-07-25T09:09:50.557+0000] {dagbag.py:588} INFO - Filling up the DagBag from /home/airflow/.local/lib/python3.12/site-packages/airflow/example_dags/example_datasets.py
[2026-07-25T09:09:55.255+0000] {processor.py:925} INFO - DAG(s) 'dataset_consumes_1_never_scheduled', 'dataset_consumes_1_and_2', 'conditional_dataset_and_time_based_timetable', 'dataset_produces_2', 'consume_1_or_both_2_and_3_with_dataset_expressions', 'consume_1_or_2_with_dataset_expressions', 'consume_1_and_2_with_dataset_expressions', 'dataset_produces_1', 'dataset_consumes_1', 'dataset_consumes_unknown_never_scheduled' retrieved from /home/airflow/.local/lib/python3.12/site-packages/airflow/example_dags/example_datasets.py
[2026-07-25T09:09:55.283+0000] {logging_mixin.py:190} INFO - [2026-07-25T09:09:55.283+0000] {dag.py:3239} INFO - Sync 10 DAGs
[2026-07-25T09:09:55.300+0000] {logging_mixin.py:190} INFO - [2026-07-25T09:09:55.300+0000] {dag.py:4180} INFO - Setting next_dagrun for conditional_dataset_and_time_based_timetable to 2026-07-22 01:00:00+00:00, run_after=2026-07-22 01:00:00+00:00
[2026-07-25T09:09:55.302+0000] {logging_mixin.py:190} INFO - [2026-07-25T09:09:55.302+0000] {dag.py:4180} INFO - Setting next_dagrun for consume_1_and_2_with_dataset_expressions to None, run_after=None
[2026-07-25T09:09:55.303+0000] {logging_mixin.py:190} INFO - [2026-07-25T09:09:55.303+0000] {dag.py:4180} INFO - Setting next_dagrun for consume_1_or_2_with_dataset_expressions to None, run_after=None
[2026-07-25T09:09:55.304+0000] {logging_mixin.py:190} INFO - [2026-07-25T09:09:55.304+0000] {dag.py:4180} INFO - Setting next_dagrun for consume_1_or_both_2_and_3_with_dataset_expressions to None, run_after=None
[2026-07-25T09:09:55.305+0000] {logging_mixin.py:190} INFO - [2026-07-25T09:09:55.305+0000] {dag.py:4180} INFO - Setting next_dagrun for dataset_consumes_1 to None, run_after=None
[2026-07-25T09:09:55.306+0000] {logging_mixin.py:190} INFO - [2026-07-25T09:09:55.306+0000] {dag.py:4180} INFO - Setting next_dagrun for dataset_consumes_1_and_2 to None, run_after=None
[2026-07-25T09:09:55.307+0000] {logging_mixin.py:190} INFO - [2026-07-25T09:09:55.307+0000] {dag.py:4180} INFO - Setting next_dagrun for dataset_consumes_1_never_scheduled to None, run_after=None
[2026-07-25T09:09:55.308+0000] {logging_mixin.py:190} INFO - [2026-07-25T09:09:55.308+0000] {dag.py:4180} INFO - Setting next_dagrun for dataset_consumes_unknown_never_scheduled to None, run_after=None
[2026-07-25T09:09:55.310+0000] {logging_mixin.py:190} INFO - [2026-07-25T09:09:55.310+0000] {dag.py:4180} INFO - Setting next_dagrun for dataset_produces_1 to 2026-07-24 00:00:00+00:00, run_after=2026-07-25 00:00:00+00:00
[2026-07-25T09:09:55.311+0000] {logging_mixin.py:190} INFO - [2026-07-25T09:09:55.311+0000] {dag.py:4180} INFO - Setting next_dagrun for dataset_produces_2 to None, run_after=None
[2026-07-25T09:09:55.332+0000] {processor.py:208} INFO - Processing /home/airflow/.local/lib/python3.12/site-packages/airflow/example_dags/example_datasets.py took 4.782 seconds
[2026-07-25T09:10:26.103+0000] {processor.py:186} INFO - Started process (PID=593) to work on /home/airflow/.local/lib/python3.12/site-packages/airflow/example_dags/example_datasets.py
[2026-07-25T09:10:26.104+0000] {processor.py:914} INFO - Processing file /home/airflow/.local/lib/python3.12/site-packages/airflow/example_dags/example_datasets.py for tasks to queue
[2026-07-25T09:10:26.105+0000] {logging_mixin.py:190} INFO - [2026-07-25T09:10:26.105+0000] {dagbag.py:588} INFO - Filling up the DagBag from /home/airflow/.local/lib/python3.12/site-packages/airflow/example_dags/example_datasets.py
[2026-07-25T09:10:30.129+0000] {processor.py:925} INFO - DAG(s) 'dataset_consumes_1', 'consume_1_or_2_with_dataset_expressions', 'conditional_dataset_and_time_based_timetable', 'dataset_consumes_1_never_scheduled', 'consume_1_and_2_with_dataset_expressions', 'dataset_produces_1', 'consume_1_or_both_2_and_3_with_dataset_expressions', 'dataset_consumes_unknown_never_scheduled', 'dataset_produces_2', 'dataset_consumes_1_and_2' retrieved from /home/airflow/.local/lib/python3.12/site-packages/airflow/example_dags/example_datasets.py
[2026-07-25T09:10:30.153+0000] {logging_mixin.py:190} INFO - [2026-07-25T09:10:30.153+0000] {dag.py:3239} INFO - Sync 10 DAGs
[2026-07-25T09:10:30.165+0000] {logging_mixin.py:190} INFO - [2026-07-25T09:10:30.165+0000] {dag.py:4180} INFO - Setting next_dagrun for conditional_dataset_and_time_based_timetable to 2026-07-22 01:00:00+00:00, run_after=2026-07-22 01:00:00+00:00
[2026-07-25T09:10:30.167+0000] {logging_mixin.py:190} INFO - [2026-07-25T09:10:30.167+0000] {dag.py:4180} INFO - Setting next_dagrun for consume_1_and_2_with_dataset_expressions to None, run_after=None
[2026-07-25T09:10:30.169+0000] {logging_mixin.py:190} INFO - [2026-07-25T09:10:30.168+0000] {dag.py:4180} INFO - Setting next_dagrun for consume_1_or_2_with_dataset_expressions to None, run_after=None
[2026-07-25T09:10:30.170+0000] {logging_mixin.py:190} INFO - [2026-07-25T09:10:30.169+0000] {dag.py:4180} INFO - Setting next_dagrun for consume_1_or_both_2_and_3_with_dataset_expressions to None, run_after=None
[2026-07-25T09:10:30.171+0000] {logging_mixin.py:190} INFO - [2026-07-25T09:10:30.170+0000] {dag.py:4180} INFO - Setting next_dagrun for dataset_consumes_1 to None, run_after=None
[2026-07-25T09:10:30.172+0000] {logging_mixin.py:190} INFO - [2026-07-25T09:10:30.171+0000] {dag.py:4180} INFO - Setting next_dagrun for dataset_consumes_1_and_2 to None, run_after=None
[2026-07-25T09:10:30.173+0000] {logging_mixin.py:190} INFO - [2026-07-25T09:10:30.173+0000] {dag.py:4180} INFO - Setting next_dagrun for dataset_consumes_1_never_scheduled to None, run_after=None
[2026-07-25T09:10:30.174+0000] {logging_mixin.py:190} INFO - [2026-07-25T09:10:30.174+0000] {dag.py:4180} INFO - Setting next_dagrun for dataset_consumes_unknown_never_scheduled to None, run_after=None
[2026-07-25T09:10:30.175+0000] {logging_mixin.py:190} INFO - [2026-07-25T09:10:30.175+0000] {dag.py:4180} INFO - Setting next_dagrun for dataset_produces_1 to 2026-07-24 00:00:00+00:00, run_after=2026-07-25 00:00:00+00:00
[2026-07-25T09:10:30.176+0000] {logging_mixin.py:190} INFO - [2026-07-25T09:10:30.176+0000] {dag.py:4180} INFO - Setting next_dagrun for dataset_produces_2 to None, run_after=None
[2026-07-25T09:10:30.197+0000] {processor.py:208} INFO - Processing /home/airflow/.local/lib/python3.12/site-packages/airflow/example_dags/example_datasets.py took 4.098 seconds
[2026-07-25T09:11:00.623+0000] {processor.py:186} INFO - Started process (PID=662) to work on /home/airflow/.local/lib/python3.12/site-packages/airflow/example_dags/example_datasets.py
[2026-07-25T09:11:00.623+0000] {processor.py:914} INFO - Processing file /home/airflow/.local/lib/python3.12/site-packages/airflow/example_dags/example_datasets.py for tasks to queue
[2026-07-25T09:11:00.625+0000] {logging_mixin.py:190} INFO - [2026-07-25T09:11:00.625+0000] {dagbag.py:588} INFO - Filling up the DagBag from /home/airflow/.local/lib/python3.12/site-packages/airflow/example_dags/example_datasets.py
[2026-07-25T09:11:05.062+0000] {processor.py:925} INFO - DAG(s) 'dataset_consumes_1_and_2', 'consume_1_or_2_with_dataset_expressions', 'dataset_produces_1', 'dataset_produces_2', 'conditional_dataset_and_time_based_timetable', 'dataset_consumes_1_never_scheduled', 'consume_1_and_2_with_dataset_expressions', 'dataset_consumes_unknown_never_scheduled', 'consume_1_or_both_2_and_3_with_dataset_expressions', 'dataset_consumes_1' retrieved from /home/airflow/.local/lib/python3.12/site-packages/airflow/example_dags/example_datasets.py
[2026-07-25T09:11:05.087+0000] {logging_mixin.py:190} INFO - [2026-07-25T09:11:05.087+0000] {dag.py:3239} INFO - Sync 10 DAGs
[2026-07-25T09:11:05.101+0000] {logging_mixin.py:190} INFO - [2026-07-25T09:11:05.101+0000] {dag.py:4180} INFO - Setting next_dagrun for conditional_dataset_and_time_based_timetable to 2026-07-22 01:00:00+00:00, run_after=2026-07-22 01:00:00+00:00
[2026-07-25T09:11:05.103+0000] {logging_mixin.py:190} INFO - [2026-07-25T09:11:05.103+0000] {dag.py:4180} INFO - Setting next_dagrun for consume_1_and_2_with_dataset_expressions to None, run_after=None
[2026-07-25T09:11:05.104+0000] {logging_mixin.py:190} INFO - [2026-07-25T09:11:05.104+0000] {dag.py:4180} INFO - Setting next_dagrun for consume_1_or_2_with_dataset_expressions to None, run_after=None
[2026-07-25T09:11:05.106+0000] {logging_mixin.py:190} INFO - [2026-07-25T09:11:05.105+0000] {dag.py:4180} INFO - Setting next_dagrun for consume_1_or_both_2_and_3_with_dataset_expressions to None, run_after=None
[2026-07-25T09:11:05.107+0000] {logging_mixin.py:190} INFO - [2026-07-25T09:11:05.106+0000] {dag.py:4180} INFO - Setting next_dagrun for dataset_consumes_1 to None, run_after=None
[2026-07-25T09:11:05.108+0000] {logging_mixin.py:190} INFO - [2026-07-25T09:11:05.108+0000] {dag.py:4180} INFO - Setting next_dagrun for dataset_consumes_1_and_2 to None, run_after=None
[2026-07-25T09:11:05.109+0000] {logging_mixin.py:190} INFO - [2026-07-25T09:11:05.109+0000] {dag.py:4180} INFO - Setting next_dagrun for dataset_consumes_1_never_scheduled to None, run_after=None
[2026-07-25T09:11:05.110+0000] {logging_mixin.py:190} INFO - [2026-07-25T09:11:05.110+0000] {dag.py:4180} INFO - Setting next_dagrun for dataset_consumes_unknown_never_scheduled to None, run_after=None
[2026-07-25T09:11:05.111+0000] {logging_mixin.py:190} INFO - [2026-07-25T09:11:05.111+0000] {dag.py:4180} INFO - Setting next_dagrun for dataset_produces_1 to 2026-07-24 00:00:00+00:00, run_after=2026-07-25 00:00:00+00:00
[2026-07-25T09:11:05.112+0000] {logging_mixin.py:190} INFO - [2026-07-25T09:11:05.112+0000] {dag.py:4180} INFO - Setting next_dagrun for dataset_produces_2 to None, run_after=None
[2026-07-25T09:11:05.132+0000] {processor.py:208} INFO - Processing /home/airflow/.local/lib/python3.12/site-packages/airflow/example_dags/example_datasets.py took 4.512 seconds
[2026-07-25T09:11:35.689+0000] {processor.py:186} INFO - Started process (PID=730) to work on /home/airflow/.local/lib/python3.12/site-packages/airflow/example_dags/example_datasets.py
[2026-07-25T09:11:35.690+0000] {processor.py:914} INFO - Processing file /home/airflow/.local/lib/python3.12/site-packages/airflow/example_dags/example_datasets.py for tasks to queue
[2026-07-25T09:11:35.691+0000] {logging_mixin.py:190} INFO - [2026-07-25T09:11:35.691+0000] {dagbag.py:588} INFO - Filling up the DagBag from /home/airflow/.local/lib/python3.12/site-packages/airflow/example_dags/example_datasets.py
[2026-07-25T09:11:39.862+0000] {processor.py:925} INFO - DAG(s) 'dataset_consumes_1', 'consume_1_and_2_with_dataset_expressions', 'consume_1_or_2_with_dataset_expressions', 'dataset_consumes_1_never_scheduled', 'dataset_produces_1', 'consume_1_or_both_2_and_3_with_dataset_expressions', 'dataset_consumes_1_and_2', 'conditional_dataset_and_time_based_timetable', 'dataset_produces_2', 'dataset_consumes_unknown_never_scheduled' retrieved from /home/airflow/.local/lib/python3.12/site-packages/airflow/example_dags/example_datasets.py
[2026-07-25T09:11:39.886+0000] {logging_mixin.py:190} INFO - [2026-07-25T09:11:39.885+0000] {dag.py:3239} INFO - Sync 10 DAGs
[2026-07-25T09:11:39.899+0000] {logging_mixin.py:190} INFO - [2026-07-25T09:11:39.899+0000] {dag.py:4180} INFO - Setting next_dagrun for conditional_dataset_and_time_based_timetable to 2026-07-22 01:00:00+00:00, run_after=2026-07-22 01:00:00+00:00
[2026-07-25T09:11:39.901+0000] {logging_mixin.py:190} INFO - [2026-07-25T09:11:39.901+0000] {dag.py:4180} INFO - Setting next_dagrun for consume_1_and_2_with_dataset_expressions to None, run_after=None
[2026-07-25T09:11:39.902+0000] {logging_mixin.py:190} INFO - [2026-07-25T09:11:39.902+0000] {dag.py:4180} INFO - Setting next_dagrun for consume_1_or_2_with_dataset_expressions to None, run_after=None
[2026-07-25T09:11:39.904+0000] {logging_mixin.py:190} INFO - [2026-07-25T09:11:39.904+0000] {dag.py:4180} INFO - Setting next_dagrun for consume_1_or_both_2_and_3_with_dataset_expressions to None, run_after=None
[2026-07-25T09:11:39.905+0000] {logging_mixin.py:190} INFO - [2026-07-25T09:11:39.904+0000] {dag.py:4180} INFO - Setting next_dagrun for dataset_consumes_1 to None, run_after=None
[2026-07-25T09:11:39.906+0000] {logging_mixin.py:190} INFO - [2026-07-25T09:11:39.906+0000] {dag.py:4180} INFO - Setting next_dagrun for dataset_consumes_1_and_2 to None, run_after=None
[2026-07-25T09:11:39.907+0000] {logging_mixin.py:190} INFO - [2026-07-25T09:11:39.907+0000] {dag.py:4180} INFO - Setting next_dagrun for dataset_consumes_1_never_scheduled to None, run_after=None
[2026-07-25T09:11:39.908+0000] {logging_mixin.py:190} INFO - [2026-07-25T09:11:39.908+0000] {dag.py:4180} INFO - Setting next_dagrun for dataset_consumes_unknown_never_scheduled to None, run_after=None
[2026-07-25T09:11:39.909+0000] {logging_mixin.py:190} INFO - [2026-07-25T09:11:39.909+0000] {dag.py:4180} INFO - Setting next_dagrun for dataset_produces_1 to 2026-07-24 00:00:00+00:00, run_after=2026-07-25 00:00:00+00:00
[2026-07-25T09:11:39.910+0000] {logging_mixin.py:190} INFO - [2026-07-25T09:11:39.910+0000] {dag.py:4180} INFO - Setting next_dagrun for dataset_produces_2 to None, run_after=None
[2026-07-25T09:11:39.929+0000] {processor.py:208} INFO - Processing /home/airflow/.local/lib/python3.12/site-packages/airflow/example_dags/example_datasets.py took 4.244 seconds
[2026-07-25T09:12:10.334+0000] {processor.py:186} INFO - Started process (PID=795) to work on /home/airflow/.local/lib/python3.12/site-packages/airflow/example_dags/example_datasets.py
[2026-07-25T09:12:10.335+0000] {processor.py:914} INFO - Processing file /home/airflow/.local/lib/python3.12/site-packages/airflow/example_dags/example_datasets.py for tasks to queue
[2026-07-25T09:12:10.337+0000] {logging_mixin.py:190} INFO - [2026-07-25T09:12:10.336+0000] {dagbag.py:588} INFO - Filling up the DagBag from /home/airflow/.local/lib/python3.12/site-packages/airflow/example_dags/example_datasets.py
[2026-07-25T09:12:14.576+0000] {processor.py:925} INFO - DAG(s) 'dataset_produces_2', 'consume_1_or_2_with_dataset_expressions', 'consume_1_and_2_with_dataset_expressions', 'dataset_consumes_1_never_scheduled', 'dataset_consumes_unknown_never_scheduled', 'dataset_consumes_1', 'dataset_consumes_1_and_2', 'consume_1_or_both_2_and_3_with_dataset_expressions', 'dataset_produces_1', 'conditional_dataset_and_time_based_timetable' retrieved from /home/airflow/.local/lib/python3.12/site-packages/airflow/example_dags/example_datasets.py
[2026-07-25T09:12:14.601+0000] {logging_mixin.py:190} INFO - [2026-07-25T09:12:14.601+0000] {dag.py:3239} INFO - Sync 10 DAGs
[2026-07-25T09:12:14.614+0000] {logging_mixin.py:190} INFO - [2026-07-25T09:12:14.614+0000] {dag.py:4180} INFO - Setting next_dagrun for conditional_dataset_and_time_based_timetable to 2026-07-22 01:00:00+00:00, run_after=2026-07-22 01:00:00+00:00
[2026-07-25T09:12:14.616+0000] {logging_mixin.py:190} INFO - [2026-07-25T09:12:14.616+0000] {dag.py:4180} INFO - Setting next_dagrun for consume_1_and_2_with_dataset_expressions to None, run_after=None
[2026-07-25T09:12:14.617+0000] {logging_mixin.py:190} INFO - [2026-07-25T09:12:14.617+0000] {dag.py:4180} INFO - Setting next_dagrun for consume_1_or_2_with_dataset_expressions to None, run_after=None
[2026-07-25T09:12:14.618+0000] {logging_mixin.py:190} INFO - [2026-07-25T09:12:14.618+0000] {dag.py:4180} INFO - Setting next_dagrun for consume_1_or_both_2_and_3_with_dataset_expressions to None, run_after=None
[2026-07-25T09:12:14.619+0000] {logging_mixin.py:190} INFO - [2026-07-25T09:12:14.619+0000] {dag.py:4180} INFO - Setting next_dagrun for dataset_consumes_1 to None, run_after=None
[2026-07-25T09:12:14.620+0000] {logging_mixin.py:190} INFO - [2026-07-25T09:12:14.620+0000] {dag.py:4180} INFO - Setting next_dagrun for dataset_consumes_1_and_2 to None, run_after=None
[2026-07-25T09:12:14.621+0000] {logging_mixin.py:190} INFO - [2026-07-25T09:12:14.621+0000] {dag.py:4180} INFO - Setting next_dagrun for dataset_consumes_1_never_scheduled to None, run_after=None
[2026-07-25T09:12:14.622+0000] {logging_mixin.py:190} INFO - [2026-07-25T09:12:14.622+0000] {dag.py:4180} INFO - Setting next_dagrun for dataset_consumes_unknown_never_scheduled to None, run_after=None
[2026-07-25T09:12:14.624+0000] {logging_mixin.py:190} INFO - [2026-07-25T09:12:14.624+0000] {dag.py:4180} INFO - Setting next_dagrun for dataset_produces_1 to 2026-07-24 00:00:00+00:00, run_after=2026-07-25 00:00:00+00:00
[2026-07-25T09:12:14.625+0000] {logging_mixin.py:190} INFO - [2026-07-25T09:12:14.625+0000] {dag.py:4180} INFO - Setting next_dagrun for dataset_produces_2 to None, run_after=None
[2026-07-25T09:12:14.644+0000] {processor.py:208} INFO - Processing /home/airflow/.local/lib/python3.12/site-packages/airflow/example_dags/example_datasets.py took 4.313 seconds
[2026-07-25T09:12:45.336+0000] {processor.py:186} INFO - Started process (PID=862) to work on /home/airflow/.local/lib/python3.12/site-packages/airflow/example_dags/example_datasets.py
[2026-07-25T09:12:45.337+0000] {processor.py:914} INFO - Processing file /home/airflow/.local/lib/python3.12/site-packages/airflow/example_dags/example_datasets.py for tasks to queue
[2026-07-25T09:12:45.340+0000] {logging_mixin.py:190} INFO - [2026-07-25T09:12:45.340+0000] {dagbag.py:588} INFO - Filling up the DagBag from /home/airflow/.local/lib/python3.12/site-packages/airflow/example_dags/example_datasets.py
[2026-07-25T09:12:49.593+0000] {processor.py:925} INFO - DAG(s) 'dataset_produces_1', 'dataset_produces_2', 'dataset_consumes_1_and_2', 'consume_1_or_both_2_and_3_with_dataset_expressions', 'dataset_consumes_1', 'consume_1_and_2_with_dataset_expressions', 'dataset_consumes_unknown_never_scheduled', 'dataset_consumes_1_never_scheduled', 'conditional_dataset_and_time_based_timetable', 'consume_1_or_2_with_dataset_expressions' retrieved from /home/airflow/.local/lib/python3.12/site-packages/airflow/example_dags/example_datasets.py
[2026-07-25T09:12:49.617+0000] {logging_mixin.py:190} INFO - [2026-07-25T09:12:49.617+0000] {dag.py:3239} INFO - Sync 10 DAGs
[2026-07-25T09:12:49.631+0000] {logging_mixin.py:190} INFO - [2026-07-25T09:12:49.631+0000] {dag.py:4180} INFO - Setting next_dagrun for conditional_dataset_and_time_based_timetable to 2026-07-22 01:00:00+00:00, run_after=2026-07-22 01:00:00+00:00
[2026-07-25T09:12:49.633+0000] {logging_mixin.py:190} INFO - [2026-07-25T09:12:49.633+0000] {dag.py:4180} INFO - Setting next_dagrun for consume_1_and_2_with_dataset_expressions to None, run_after=None
[2026-07-25T09:12:49.634+0000] {logging_mixin.py:190} INFO - [2026-07-25T09:12:49.634+0000] {dag.py:4180} INFO - Setting next_dagrun for consume_1_or_2_with_dataset_expressions to None, run_after=None
[2026-07-25T09:12:49.635+0000] {logging_mixin.py:190} INFO - [2026-07-25T09:12:49.635+0000] {dag.py:4180} INFO - Setting next_dagrun for consume_1_or_both_2_and_3_with_dataset_expressions to None, run_after=None
[2026-07-25T09:12:49.636+0000] {logging_mixin.py:190} INFO - [2026-07-25T09:12:49.636+0000] {dag.py:4180} INFO - Setting next_dagrun for dataset_consumes_1 to None, run_after=None
[2026-07-25T09:12:49.637+0000] {logging_mixin.py:190} INFO - [2026-07-25T09:12:49.637+0000] {dag.py:4180} INFO - Setting next_dagrun for dataset_consumes_1_and_2 to None, run_after=None
[2026-07-25T09:12:49.638+0000] {logging_mixin.py:190} INFO - [2026-07-25T09:12:49.638+0000] {dag.py:4180} INFO - Setting next_dagrun for dataset_consumes_1_never_scheduled to None, run_after=None
[2026-07-25T09:12:49.639+0000] {logging_mixin.py:190} INFO - [2026-07-25T09:12:49.639+0000] {dag.py:4180} INFO - Setting next_dagrun for dataset_consumes_unknown_never_scheduled to None, run_after=None
[2026-07-25T09:12:49.641+0000] {logging_mixin.py:190} INFO - [2026-07-25T09:12:49.641+0000] {dag.py:4180} INFO - Setting next_dagrun for dataset_produces_1 to 2026-07-24 00:00:00+00:00, run_after=2026-07-25 00:00:00+00:00
[2026-07-25T09:12:49.642+0000] {logging_mixin.py:190} INFO - [2026-07-25T09:12:49.642+0000] {dag.py:4180} INFO - Setting next_dagrun for dataset_produces_2 to None, run_after=None
[2026-07-25T09:12:49.660+0000] {processor.py:208} INFO - Processing /home/airflow/.local/lib/python3.12/site-packages/airflow/example_dags/example_datasets.py took 4.327 seconds
[2026-07-25T09:13:19.991+0000] {processor.py:186} INFO - Started process (PID=935) to work on /home/airflow/.local/lib/python3.12/site-packages/airflow/example_dags/example_datasets.py
[2026-07-25T09:13:19.992+0000] {processor.py:914} INFO - Processing file /home/airflow/.local/lib/python3.12/site-packages/airflow/example_dags/example_datasets.py for tasks to queue
[2026-07-25T09:13:19.994+0000] {logging_mixin.py:190} INFO - [2026-07-25T09:13:19.994+0000] {dagbag.py:588} INFO - Filling up the DagBag from /home/airflow/.local/lib/python3.12/site-packages/airflow/example_dags/example_datasets.py
[2026-07-25T09:13:24.435+0000] {processor.py:925} INFO - DAG(s) 'dataset_produces_1', 'dataset_consumes_1', 'dataset_produces_2', 'conditional_dataset_and_time_based_timetable', 'consume_1_and_2_with_dataset_expressions', 'consume_1_or_2_with_dataset_expressions', 'dataset_consumes_unknown_never_scheduled', 'dataset_consumes_1_never_scheduled', 'dataset_consumes_1_and_2', 'consume_1_or_both_2_and_3_with_dataset_expressions' retrieved from /home/airflow/.local/lib/python3.12/site-packages/airflow/example_dags/example_datasets.py
[2026-07-25T09:13:24.460+0000] {logging_mixin.py:190} INFO - [2026-07-25T09:13:24.460+0000] {dag.py:3239} INFO - Sync 10 DAGs
[2026-07-25T09:13:24.473+0000] {logging_mixin.py:190} INFO - [2026-07-25T09:13:24.473+0000] {dag.py:4180} INFO - Setting next_dagrun for conditional_dataset_and_time_based_timetable to 2026-07-22 01:00:00+00:00, run_after=2026-07-22 01:00:00+00:00
[2026-07-25T09:13:24.476+0000] {logging_mixin.py:190} INFO - [2026-07-25T09:13:24.476+0000] {dag.py:4180} INFO - Setting next_dagrun for consume_1_and_2_with_dataset_expressions to None, run_after=None
[2026-07-25T09:13:24.477+0000] {logging_mixin.py:190} INFO - [2026-07-25T09:13:24.477+0000] {dag.py:4180} INFO - Setting next_dagrun for consume_1_or_2_with_dataset_expressions to None, run_after=None
[2026-07-25T09:13:24.478+0000] {logging_mixin.py:190} INFO - [2026-07-25T09:13:24.478+0000] {dag.py:4180} INFO - Setting next_dagrun for consume_1_or_both_2_and_3_with_dataset_expressions to None, run_after=None
[2026-07-25T09:13:24.479+0000] {logging_mixin.py:190} INFO - [2026-07-25T09:13:24.479+0000] {dag.py:4180} INFO - Setting next_dagrun for dataset_consumes_1 to None, run_after=None
[2026-07-25T09:13:24.480+0000] {logging_mixin.py:190} INFO - [2026-07-25T09:13:24.480+0000] {dag.py:4180} INFO - Setting next_dagrun for dataset_consumes_1_and_2 to None, run_after=None
[2026-07-25T09:13:24.481+0000] {logging_mixin.py:190} INFO - [2026-07-25T09:13:24.481+0000] {dag.py:4180} INFO - Setting next_dagrun for dataset_consumes_1_never_scheduled to None, run_after=None
[2026-07-25T09:13:24.482+0000] {logging_mixin.py:190} INFO - [2026-07-25T09:13:24.482+0000] {dag.py:4180} INFO - Setting next_dagrun for dataset_consumes_unknown_never_scheduled to None, run_after=None
[2026-07-25T09:13:24.484+0000] {logging_mixin.py:190} INFO - [2026-07-25T09:13:24.484+0000] {dag.py:4180} INFO - Setting next_dagrun for dataset_produces_1 to 2026-07-24 00:00:00+00:00, run_after=2026-07-25 00:00:00+00:00
[2026-07-25T09:13:24.485+0000] {logging_mixin.py:190} INFO - [2026-07-25T09:13:24.485+0000] {dag.py:4180} INFO - Setting next_dagrun for dataset_produces_2 to None, run_after=None
[2026-07-25T09:13:24.504+0000] {processor.py:208} INFO - Processing /home/airflow/.local/lib/python3.12/site-packages/airflow/example_dags/example_datasets.py took 4.517 seconds
[2026-07-25T09:13:54.575+0000] {processor.py:186} INFO - Started process (PID=999) to work on /home/airflow/.local/lib/python3.12/site-packages/airflow/example_dags/example_datasets.py
[2026-07-25T09:13:54.575+0000] {processor.py:914} INFO - Processing file /home/airflow/.local/lib/python3.12/site-packages/airflow/example_dags/example_datasets.py for tasks to queue
[2026-07-25T09:13:54.577+0000] {logging_mixin.py:190} INFO - [2026-07-25T09:13:54.577+0000] {dagbag.py:588} INFO - Filling up the DagBag from /home/airflow/.local/lib/python3.12/site-packages/airflow/example_dags/example_datasets.py
[2026-07-25T09:13:58.766+0000] {processor.py:925} INFO - DAG(s) 'dataset_produces_1', 'dataset_consumes_unknown_never_scheduled', 'dataset_consumes_1_and_2', 'dataset_produces_2', 'consume_1_or_both_2_and_3_with_dataset_expressions', 'consume_1_or_2_with_dataset_expressions', 'consume_1_and_2_with_dataset_expressions', 'dataset_consumes_1_never_scheduled', 'conditional_dataset_and_time_based_timetable', 'dataset_consumes_1' retrieved from /home/airflow/.local/lib/python3.12/site-packages/airflow/example_dags/example_datasets.py
[2026-07-25T09:13:58.790+0000] {logging_mixin.py:190} INFO - [2026-07-25T09:13:58.790+0000] {dag.py:3239} INFO - Sync 10 DAGs
[2026-07-25T09:13:58.804+0000] {logging_mixin.py:190} INFO - [2026-07-25T09:13:58.804+0000] {dag.py:4180} INFO - Setting next_dagrun for conditional_dataset_and_time_based_timetable to 2026-07-22 01:00:00+00:00, run_after=2026-07-22 01:00:00+00:00
[2026-07-25T09:13:58.806+0000] {logging_mixin.py:190} INFO - [2026-07-25T09:13:58.806+0000] {dag.py:4180} INFO - Setting next_dagrun for consume_1_and_2_with_dataset_expressions to None, run_after=None
[2026-07-25T09:13:58.807+0000] {logging_mixin.py:190} INFO - [2026-07-25T09:13:58.807+0000] {dag.py:4180} INFO - Setting next_dagrun for consume_1_or_2_with_dataset_expressions to None, run_after=None
[2026-07-25T09:13:58.808+0000] {logging_mixin.py:190} INFO - [2026-07-25T09:13:58.808+0000] {dag.py:4180} INFO - Setting next_dagrun for consume_1_or_both_2_and_3_with_dataset_expressions to None, run_after=None
[2026-07-25T09:13:58.809+0000] {logging_mixin.py:190} INFO - [2026-07-25T09:13:58.809+0000] {dag.py:4180} INFO - Setting next_dagrun for dataset_consumes_1 to None, run_after=None
[2026-07-25T09:13:58.810+0000] {logging_mixin.py:190} INFO - [2026-07-25T09:13:58.810+0000] {dag.py:4180} INFO - Setting next_dagrun for dataset_consumes_1_and_2 to None, run_after=None
[2026-07-25T09:13:58.811+0000] {logging_mixin.py:190} INFO - [2026-07-25T09:13:58.811+0000] {dag.py:4180} INFO - Setting next_dagrun for dataset_consumes_1_never_scheduled to None, run_after=None
[2026-07-25T09:13:58.812+0000] {logging_mixin.py:190} INFO - [2026-07-25T09:13:58.812+0000] {dag.py:4180} INFO - Setting next_dagrun for dataset_consumes_unknown_never_scheduled to None, run_after=None
[2026-07-25T09:13:58.814+0000] {logging_mixin.py:190} INFO - [2026-07-25T09:13:58.814+0000] {dag.py:4180} INFO - Setting next_dagrun for dataset_produces_1 to 2026-07-24 00:00:00+00:00, run_after=2026-07-25 00:00:00+00:00
[2026-07-25T09:13:58.815+0000] {logging_mixin.py:190} INFO - [2026-07-25T09:13:58.815+0000] {dag.py:4180} INFO - Setting next_dagrun for dataset_produces_2 to None, run_after=None
[2026-07-25T09:13:58.834+0000] {processor.py:208} INFO - Processing /home/airflow/.local/lib/python3.12/site-packages/airflow/example_dags/example_datasets.py took 4.263 seconds
[2026-07-25T09:14:29.999+0000] {processor.py:186} INFO - Started process (PID=1084) to work on /home/airflow/.local/lib/python3.12/site-packages/airflow/example_dags/example_datasets.py
[2026-07-25T09:14:30.000+0000] {processor.py:914} INFO - Processing file /home/airflow/.local/lib/python3.12/site-packages/airflow/example_dags/example_datasets.py for tasks to queue
[2026-07-25T09:14:30.002+0000] {logging_mixin.py:190} INFO - [2026-07-25T09:14:30.002+0000] {dagbag.py:588} INFO - Filling up the DagBag from /home/airflow/.local/lib/python3.12/site-packages/airflow/example_dags/example_datasets.py
[2026-07-25T09:14:34.412+0000] {processor.py:925} INFO - DAG(s) 'dataset_consumes_unknown_never_scheduled', 'dataset_consumes_1_never_scheduled', 'consume_1_and_2_with_dataset_expressions', 'dataset_consumes_1_and_2', 'consume_1_or_both_2_and_3_with_dataset_expressions', 'dataset_produces_1', 'conditional_dataset_and_time_based_timetable', 'dataset_produces_2', 'dataset_consumes_1', 'consume_1_or_2_with_dataset_expressions' retrieved from /home/airflow/.local/lib/python3.12/site-packages/airflow/example_dags/example_datasets.py
[2026-07-25T09:14:34.437+0000] {logging_mixin.py:190} INFO - [2026-07-25T09:14:34.437+0000] {dag.py:3239} INFO - Sync 10 DAGs
[2026-07-25T09:14:34.452+0000] {logging_mixin.py:190} INFO - [2026-07-25T09:14:34.452+0000] {dag.py:4180} INFO - Setting next_dagrun for conditional_dataset_and_time_based_timetable to 2026-07-22 01:00:00+00:00, run_after=2026-07-22 01:00:00+00:00
[2026-07-25T09:14:34.454+0000] {logging_mixin.py:190} INFO - [2026-07-25T09:14:34.454+0000] {dag.py:4180} INFO - Setting next_dagrun for consume_1_and_2_with_dataset_expressions to None, run_after=None
[2026-07-25T09:14:34.455+0000] {logging_mixin.py:190} INFO - [2026-07-25T09:14:34.455+0000] {dag.py:4180} INFO - Setting next_dagrun for consume_1_or_2_with_dataset_expressions to None, run_after=None
[2026-07-25T09:14:34.457+0000] {logging_mixin.py:190} INFO - [2026-07-25T09:14:34.457+0000] {dag.py:4180} INFO - Setting next_dagrun for consume_1_or_both_2_and_3_with_dataset_expressions to None, run_after=None
[2026-07-25T09:14:34.458+0000] {logging_mixin.py:190} INFO - [2026-07-25T09:14:34.458+0000] {dag.py:4180} INFO - Setting next_dagrun for dataset_consumes_1 to None, run_after=None
[2026-07-25T09:14:34.459+0000] {logging_mixin.py:190} INFO - [2026-07-25T09:14:34.459+0000] {dag.py:4180} INFO - Setting next_dagrun for dataset_consumes_1_and_2 to None, run_after=None
[2026-07-25T09:14:34.460+0000] {logging_mixin.py:190} INFO - [2026-07-25T09:14:34.460+0000] {dag.py:4180} INFO - Setting next_dagrun for dataset_consumes_1_never_scheduled to None, run_after=None
[2026-07-25T09:14:34.461+0000] {logging_mixin.py:190} INFO - [2026-07-25T09:14:34.461+0000] {dag.py:4180} INFO - Setting next_dagrun for dataset_consumes_unknown_never_scheduled to None, run_after=None
[2026-07-25T09:14:34.462+0000] {logging_mixin.py:190} INFO - [2026-07-25T09:14:34.462+0000] {dag.py:4180} INFO - Setting next_dagrun for dataset_produces_1 to 2026-07-24 00:00:00+00:00, run_after=2026-07-25 00:00:00+00:00
[2026-07-25T09:14:34.463+0000] {logging_mixin.py:190} INFO - [2026-07-25T09:14:34.463+0000] {dag.py:4180} INFO - Setting next_dagrun for dataset_produces_2 to None, run_after=None
[2026-07-25T09:14:34.482+0000] {processor.py:208} INFO - Processing /home/airflow/.local/lib/python3.12/site-packages/airflow/example_dags/example_datasets.py took 4.488 seconds
[2026-07-25T09:15:40.279+0000] {processor.py:186} INFO - Started process (PID=107) to work on /home/airflow/.local/lib/python3.12/site-packages/airflow/example_dags/example_datasets.py
[2026-07-25T09:15:40.280+0000] {processor.py:914} INFO - Processing file /home/airflow/.local/lib/python3.12/site-packages/airflow/example_dags/example_datasets.py for tasks to queue
[2026-07-25T09:15:40.283+0000] {logging_mixin.py:190} INFO - [2026-07-25T09:15:40.283+0000] {dagbag.py:588} INFO - Filling up the DagBag from /home/airflow/.local/lib/python3.12/site-packages/airflow/example_dags/example_datasets.py
[2026-07-25T09:15:44.707+0000] {processor.py:925} INFO - DAG(s) 'consume_1_and_2_with_dataset_expressions', 'dataset_consumes_1', 'conditional_dataset_and_time_based_timetable', 'dataset_consumes_1_never_scheduled', 'dataset_consumes_1_and_2', 'consume_1_or_2_with_dataset_expressions', 'dataset_produces_2', 'consume_1_or_both_2_and_3_with_dataset_expressions', 'dataset_consumes_unknown_never_scheduled', 'dataset_produces_1' retrieved from /home/airflow/.local/lib/python3.12/site-packages/airflow/example_dags/example_datasets.py
[2026-07-25T09:15:44.736+0000] {logging_mixin.py:190} INFO - [2026-07-25T09:15:44.736+0000] {dag.py:3239} INFO - Sync 10 DAGs
[2026-07-25T09:15:44.918+0000] {logging_mixin.py:190} INFO - [2026-07-25T09:15:44.918+0000] {dag.py:4180} INFO - Setting next_dagrun for conditional_dataset_and_time_based_timetable to 2026-07-22 01:00:00+00:00, run_after=2026-07-22 01:00:00+00:00
[2026-07-25T09:15:44.920+0000] {logging_mixin.py:190} INFO - [2026-07-25T09:15:44.920+0000] {dag.py:4180} INFO - Setting next_dagrun for consume_1_and_2_with_dataset_expressions to None, run_after=None
[2026-07-25T09:15:44.921+0000] {logging_mixin.py:190} INFO - [2026-07-25T09:15:44.921+0000] {dag.py:4180} INFO - Setting next_dagrun for consume_1_or_2_with_dataset_expressions to None, run_after=None
[2026-07-25T09:15:44.922+0000] {logging_mixin.py:190} INFO - [2026-07-25T09:15:44.922+0000] {dag.py:4180} INFO - Setting next_dagrun for consume_1_or_both_2_and_3_with_dataset_expressions to None, run_after=None
[2026-07-25T09:15:44.923+0000] {logging_mixin.py:190} INFO - [2026-07-25T09:15:44.923+0000] {dag.py:4180} INFO - Setting next_dagrun for dataset_consumes_1 to None, run_after=None
[2026-07-25T09:15:44.924+0000] {logging_mixin.py:190} INFO - [2026-07-25T09:15:44.924+0000] {dag.py:4180} INFO - Setting next_dagrun for dataset_consumes_1_and_2 to None, run_after=None
[2026-07-25T09:15:44.925+0000] {logging_mixin.py:190} INFO - [2026-07-25T09:15:44.925+0000] {dag.py:4180} INFO - Setting next_dagrun for dataset_consumes_1_never_scheduled to None, run_after=None
[2026-07-25T09:15:44.926+0000] {logging_mixin.py:190} INFO - [2026-07-25T09:15:44.926+0000] {dag.py:4180} INFO - Setting next_dagrun for dataset_consumes_unknown_never_scheduled to None, run_after=None
[2026-07-25T09:15:44.928+0000] {logging_mixin.py:190} INFO - [2026-07-25T09:15:44.928+0000] {dag.py:4180} INFO - Setting next_dagrun for dataset_produces_1 to 2026-07-24 00:00:00+00:00, run_after=2026-07-25 00:00:00+00:00
[2026-07-25T09:15:44.929+0000] {logging_mixin.py:190} INFO - [2026-07-25T09:15:44.929+0000] {dag.py:4180} INFO - Setting next_dagrun for dataset_produces_2 to None, run_after=None
[2026-07-25T09:15:44.948+0000] {processor.py:208} INFO - Processing /home/airflow/.local/lib/python3.12/site-packages/airflow/example_dags/example_datasets.py took 4.673 seconds
[2026-07-25T09:16:15.185+0000] {processor.py:186} INFO - Started process (PID=174) to work on /home/airflow/.local/lib/python3.12/site-packages/airflow/example_dags/example_datasets.py
[2026-07-25T09:16:15.186+0000] {processor.py:914} INFO - Processing file /home/airflow/.local/lib/python3.12/site-packages/airflow/example_dags/example_datasets.py for tasks to queue
[2026-07-25T09:16:15.188+0000] {logging_mixin.py:190} INFO - [2026-07-25T09:16:15.188+0000] {dagbag.py:588} INFO - Filling up the DagBag from /home/airflow/.local/lib/python3.12/site-packages/airflow/example_dags/example_datasets.py
[2026-07-25T09:16:19.194+0000] {processor.py:925} INFO - DAG(s) 'dataset_consumes_1_and_2', 'dataset_produces_2', 'dataset_produces_1', 'dataset_consumes_1', 'conditional_dataset_and_time_based_timetable', 'dataset_consumes_unknown_never_scheduled', 'consume_1_or_both_2_and_3_with_dataset_expressions', 'consume_1_or_2_with_dataset_expressions', 'dataset_consumes_1_never_scheduled', 'consume_1_and_2_with_dataset_expressions' retrieved from /home/airflow/.local/lib/python3.12/site-packages/airflow/example_dags/example_datasets.py
[2026-07-25T09:16:19.220+0000] {logging_mixin.py:190} INFO - [2026-07-25T09:16:19.220+0000] {dag.py:3239} INFO - Sync 10 DAGs
[2026-07-25T09:16:19.235+0000] {logging_mixin.py:190} INFO - [2026-07-25T09:16:19.235+0000] {dag.py:4180} INFO - Setting next_dagrun for conditional_dataset_and_time_based_timetable to 2026-07-22 01:00:00+00:00, run_after=2026-07-22 01:00:00+00:00
[2026-07-25T09:16:19.237+0000] {logging_mixin.py:190} INFO - [2026-07-25T09:16:19.237+0000] {dag.py:4180} INFO - Setting next_dagrun for consume_1_and_2_with_dataset_expressions to None, run_after=None
[2026-07-25T09:16:19.238+0000] {logging_mixin.py:190} INFO - [2026-07-25T09:16:19.238+0000] {dag.py:4180} INFO - Setting next_dagrun for consume_1_or_2_with_dataset_expressions to None, run_after=None
[2026-07-25T09:16:19.239+0000] {logging_mixin.py:190} INFO - [2026-07-25T09:16:19.239+0000] {dag.py:4180} INFO - Setting next_dagrun for consume_1_or_both_2_and_3_with_dataset_expressions to None, run_after=None
[2026-07-25T09:16:19.240+0000] {logging_mixin.py:190} INFO - [2026-07-25T09:16:19.240+0000] {dag.py:4180} INFO - Setting next_dagrun for dataset_consumes_1 to None, run_after=None
[2026-07-25T09:16:19.241+0000] {logging_mixin.py:190} INFO - [2026-07-25T09:16:19.241+0000] {dag.py:4180} INFO - Setting next_dagrun for dataset_consumes_1_and_2 to None, run_after=None
[2026-07-25T09:16:19.242+0000] {logging_mixin.py:190} INFO - [2026-07-25T09:16:19.242+0000] {dag.py:4180} INFO - Setting next_dagrun for dataset_consumes_1_never_scheduled to None, run_after=None
[2026-07-25T09:16:19.243+0000] {logging_mixin.py:190} INFO - [2026-07-25T09:16:19.243+0000] {dag.py:4180} INFO - Setting next_dagrun for dataset_consumes_unknown_never_scheduled to None, run_after=None
[2026-07-25T09:16:19.245+0000] {logging_mixin.py:190} INFO - [2026-07-25T09:16:19.245+0000] {dag.py:4180} INFO - Setting next_dagrun for dataset_produces_1 to 2026-07-24 00:00:00+00:00, run_after=2026-07-25 00:00:00+00:00
[2026-07-25T09:16:19.246+0000] {logging_mixin.py:190} INFO - [2026-07-25T09:16:19.246+0000] {dag.py:4180} INFO - Setting next_dagrun for dataset_produces_2 to None, run_after=None
[2026-07-25T09:16:19.405+0000] {processor.py:208} INFO - Processing /home/airflow/.local/lib/python3.12/site-packages/airflow/example_dags/example_datasets.py took 4.224 seconds
[2026-07-25T09:16:50.159+0000] {processor.py:186} INFO - Started process (PID=248) to work on /home/airflow/.local/lib/python3.12/site-packages/airflow/example_dags/example_datasets.py
[2026-07-25T09:16:50.160+0000] {processor.py:914} INFO - Processing file /home/airflow/.local/lib/python3.12/site-packages/airflow/example_dags/example_datasets.py for tasks to queue
[2026-07-25T09:16:50.162+0000] {logging_mixin.py:190} INFO - [2026-07-25T09:16:50.161+0000] {dagbag.py:588} INFO - Filling up the DagBag from /home/airflow/.local/lib/python3.12/site-packages/airflow/example_dags/example_datasets.py
[2026-07-25T09:16:54.418+0000] {processor.py:925} INFO - DAG(s) 'consume_1_and_2_with_dataset_expressions', 'dataset_consumes_1_never_scheduled', 'dataset_consumes_1', 'dataset_consumes_1_and_2', 'dataset_consumes_unknown_never_scheduled', 'dataset_produces_1', 'conditional_dataset_and_time_based_timetable', 'dataset_produces_2', 'consume_1_or_2_with_dataset_expressions', 'consume_1_or_both_2_and_3_with_dataset_expressions' retrieved from /home/airflow/.local/lib/python3.12/site-packages/airflow/example_dags/example_datasets.py
[2026-07-25T09:16:54.442+0000] {logging_mixin.py:190} INFO - [2026-07-25T09:16:54.442+0000] {dag.py:3239} INFO - Sync 10 DAGs
[2026-07-25T09:16:54.455+0000] {logging_mixin.py:190} INFO - [2026-07-25T09:16:54.455+0000] {dag.py:4180} INFO - Setting next_dagrun for conditional_dataset_and_time_based_timetable to 2026-07-22 01:00:00+00:00, run_after=2026-07-22 01:00:00+00:00
[2026-07-25T09:16:54.458+0000] {logging_mixin.py:190} INFO - [2026-07-25T09:16:54.457+0000] {dag.py:4180} INFO - Setting next_dagrun for consume_1_and_2_with_dataset_expressions to None, run_after=None
[2026-07-25T09:16:54.459+0000] {logging_mixin.py:190} INFO - [2026-07-25T09:16:54.459+0000] {dag.py:4180} INFO - Setting next_dagrun for consume_1_or_2_with_dataset_expressions to None, run_after=None
[2026-07-25T09:16:54.461+0000] {logging_mixin.py:190} INFO - [2026-07-25T09:16:54.460+0000] {dag.py:4180} INFO - Setting next_dagrun for consume_1_or_both_2_and_3_with_dataset_expressions to None, run_after=None
[2026-07-25T09:16:54.462+0000] {logging_mixin.py:190} INFO - [2026-07-25T09:16:54.461+0000] {dag.py:4180} INFO - Setting next_dagrun for dataset_consumes_1 to None, run_after=None
[2026-07-25T09:16:54.463+0000] {logging_mixin.py:190} INFO - [2026-07-25T09:16:54.462+0000] {dag.py:4180} INFO - Setting next_dagrun for dataset_consumes_1_and_2 to None, run_after=None
[2026-07-25T09:16:54.464+0000] {logging_mixin.py:190} INFO - [2026-07-25T09:16:54.463+0000] {dag.py:4180} INFO - Setting next_dagrun for dataset_consumes_1_never_scheduled to None, run_after=None
[2026-07-25T09:16:54.465+0000] {logging_mixin.py:190} INFO - [2026-07-25T09:16:54.464+0000] {dag.py:4180} INFO - Setting next_dagrun for dataset_consumes_unknown_never_scheduled to None, run_after=None
[2026-07-25T09:16:54.466+0000] {logging_mixin.py:190} INFO - [2026-07-25T09:16:54.466+0000] {dag.py:4180} INFO - Setting next_dagrun for dataset_produces_1 to 2026-07-24 00:00:00+00:00, run_after=2026-07-25 00:00:00+00:00
[2026-07-25T09:16:54.467+0000] {logging_mixin.py:190} INFO - [2026-07-25T09:16:54.467+0000] {dag.py:4180} INFO - Setting next_dagrun for dataset_produces_2 to None, run_after=None
[2026-07-25T09:16:54.488+0000] {processor.py:208} INFO - Processing /home/airflow/.local/lib/python3.12/site-packages/airflow/example_dags/example_datasets.py took 4.332 seconds
[2026-07-25T09:17:24.566+0000] {processor.py:186} INFO - Started process (PID=311) to work on /home/airflow/.local/lib/python3.12/site-packages/airflow/example_dags/example_datasets.py
[2026-07-25T09:17:24.566+0000] {processor.py:914} INFO - Processing file /home/airflow/.local/lib/python3.12/site-packages/airflow/example_dags/example_datasets.py for tasks to queue
[2026-07-25T09:17:24.568+0000] {logging_mixin.py:190} INFO - [2026-07-25T09:17:24.568+0000] {dagbag.py:588} INFO - Filling up the DagBag from /home/airflow/.local/lib/python3.12/site-packages/airflow/example_dags/example_datasets.py
[2026-07-25T09:17:28.311+0000] {processor.py:925} INFO - DAG(s) 'consume_1_or_2_with_dataset_expressions', 'consume_1_and_2_with_dataset_expressions', 'dataset_produces_1', 'consume_1_or_both_2_and_3_with_dataset_expressions', 'dataset_consumes_1_and_2', 'conditional_dataset_and_time_based_timetable', 'dataset_consumes_1_never_scheduled', 'dataset_consumes_unknown_never_scheduled', 'dataset_produces_2', 'dataset_consumes_1' retrieved from /home/airflow/.local/lib/python3.12/site-packages/airflow/example_dags/example_datasets.py
[2026-07-25T09:17:28.334+0000] {logging_mixin.py:190} INFO - [2026-07-25T09:17:28.334+0000] {dag.py:3239} INFO - Sync 10 DAGs
[2026-07-25T09:17:28.346+0000] {logging_mixin.py:190} INFO - [2026-07-25T09:17:28.346+0000] {dag.py:4180} INFO - Setting next_dagrun for conditional_dataset_and_time_based_timetable to 2026-07-22 01:00:00+00:00, run_after=2026-07-22 01:00:00+00:00
[2026-07-25T09:17:28.348+0000] {logging_mixin.py:190} INFO - [2026-07-25T09:17:28.348+0000] {dag.py:4180} INFO - Setting next_dagrun for consume_1_and_2_with_dataset_expressions to None, run_after=None
[2026-07-25T09:17:28.349+0000] {logging_mixin.py:190} INFO - [2026-07-25T09:17:28.349+0000] {dag.py:4180} INFO - Setting next_dagrun for consume_1_or_2_with_dataset_expressions to None, run_after=None
[2026-07-25T09:17:28.350+0000] {logging_mixin.py:190} INFO - [2026-07-25T09:17:28.350+0000] {dag.py:4180} INFO - Setting next_dagrun for consume_1_or_both_2_and_3_with_dataset_expressions to None, run_after=None
[2026-07-25T09:17:28.351+0000] {logging_mixin.py:190} INFO - [2026-07-25T09:17:28.351+0000] {dag.py:4180} INFO - Setting next_dagrun for dataset_consumes_1 to None, run_after=None
[2026-07-25T09:17:28.352+0000] {logging_mixin.py:190} INFO - [2026-07-25T09:17:28.352+0000] {dag.py:4180} INFO - Setting next_dagrun for dataset_consumes_1_and_2 to None, run_after=None
[2026-07-25T09:17:28.353+0000] {logging_mixin.py:190} INFO - [2026-07-25T09:17:28.353+0000] {dag.py:4180} INFO - Setting next_dagrun for dataset_consumes_1_never_scheduled to None, run_after=None
[2026-07-25T09:17:28.354+0000] {logging_mixin.py:190} INFO - [2026-07-25T09:17:28.354+0000] {dag.py:4180} INFO - Setting next_dagrun for dataset_consumes_unknown_never_scheduled to None, run_after=None
[2026-07-25T09:17:28.355+0000] {logging_mixin.py:190} INFO - [2026-07-25T09:17:28.355+0000] {dag.py:4180} INFO - Setting next_dagrun for dataset_produces_1 to 2026-07-24 00:00:00+00:00, run_after=2026-07-25 00:00:00+00:00
[2026-07-25T09:17:28.356+0000] {logging_mixin.py:190} INFO - [2026-07-25T09:17:28.356+0000] {dag.py:4180} INFO - Setting next_dagrun for dataset_produces_2 to None, run_after=None
[2026-07-25T09:17:28.374+0000] {processor.py:208} INFO - Processing /home/airflow/.local/lib/python3.12/site-packages/airflow/example_dags/example_datasets.py took 3.812 seconds
[2026-07-25T09:17:58.740+0000] {processor.py:186} INFO - Started process (PID=374) to work on /home/airflow/.local/lib/python3.12/site-packages/airflow/example_dags/example_datasets.py
[2026-07-25T09:17:58.741+0000] {processor.py:914} INFO - Processing file /home/airflow/.local/lib/python3.12/site-packages/airflow/example_dags/example_datasets.py for tasks to queue
[2026-07-25T09:17:58.743+0000] {logging_mixin.py:190} INFO - [2026-07-25T09:17:58.743+0000] {dagbag.py:588} INFO - Filling up the DagBag from /home/airflow/.local/lib/python3.12/site-packages/airflow/example_dags/example_datasets.py
[2026-07-25T09:18:02.873+0000] {processor.py:925} INFO - DAG(s) 'consume_1_or_2_with_dataset_expressions', 'dataset_produces_1', 'conditional_dataset_and_time_based_timetable', 'dataset_consumes_1_and_2', 'dataset_produces_2', 'consume_1_and_2_with_dataset_expressions', 'dataset_consumes_1', 'consume_1_or_both_2_and_3_with_dataset_expressions', 'dataset_consumes_1_never_scheduled', 'dataset_consumes_unknown_never_scheduled' retrieved from /home/airflow/.local/lib/python3.12/site-packages/airflow/example_dags/example_datasets.py
[2026-07-25T09:18:03.042+0000] {logging_mixin.py:190} INFO - [2026-07-25T09:18:03.042+0000] {dag.py:3239} INFO - Sync 10 DAGs
[2026-07-25T09:18:03.055+0000] {logging_mixin.py:190} INFO - [2026-07-25T09:18:03.055+0000] {dag.py:4180} INFO - Setting next_dagrun for conditional_dataset_and_time_based_timetable to 2026-07-22 01:00:00+00:00, run_after=2026-07-22 01:00:00+00:00
[2026-07-25T09:18:03.057+0000] {logging_mixin.py:190} INFO - [2026-07-25T09:18:03.057+0000] {dag.py:4180} INFO - Setting next_dagrun for consume_1_and_2_with_dataset_expressions to None, run_after=None
[2026-07-25T09:18:03.058+0000] {logging_mixin.py:190} INFO - [2026-07-25T09:18:03.058+0000] {dag.py:4180} INFO - Setting next_dagrun for consume_1_or_2_with_dataset_expressions to None, run_after=None
[2026-07-25T09:18:03.059+0000] {logging_mixin.py:190} INFO - [2026-07-25T09:18:03.058+0000] {dag.py:4180} INFO - Setting next_dagrun for consume_1_or_both_2_and_3_with_dataset_expressions to None, run_after=None
[2026-07-25T09:18:03.059+0000] {logging_mixin.py:190} INFO - [2026-07-25T09:18:03.059+0000] {dag.py:4180} INFO - Setting next_dagrun for dataset_consumes_1 to None, run_after=None
[2026-07-25T09:18:03.060+0000] {logging_mixin.py:190} INFO - [2026-07-25T09:18:03.060+0000] {dag.py:4180} INFO - Setting next_dagrun for dataset_consumes_1_and_2 to None, run_after=None
[2026-07-25T09:18:03.061+0000] {logging_mixin.py:190} INFO - [2026-07-25T09:18:03.061+0000] {dag.py:4180} INFO - Setting next_dagrun for dataset_consumes_1_never_scheduled to None, run_after=None
[2026-07-25T09:18:03.062+0000] {logging_mixin.py:190} INFO - [2026-07-25T09:18:03.062+0000] {dag.py:4180} INFO - Setting next_dagrun for dataset_consumes_unknown_never_scheduled to None, run_after=None
[2026-07-25T09:18:03.064+0000] {logging_mixin.py:190} INFO - [2026-07-25T09:18:03.063+0000] {dag.py:4180} INFO - Setting next_dagrun for dataset_produces_1 to 2026-07-24 00:00:00+00:00, run_after=2026-07-25 00:00:00+00:00
[2026-07-25T09:18:03.065+0000] {logging_mixin.py:190} INFO - [2026-07-25T09:18:03.065+0000] {dag.py:4180} INFO - Setting next_dagrun for dataset_produces_2 to None, run_after=None
[2026-07-25T09:18:03.084+0000] {processor.py:208} INFO - Processing /home/airflow/.local/lib/python3.12/site-packages/airflow/example_dags/example_datasets.py took 4.350 seconds
[2026-07-25T09:18:33.445+0000] {processor.py:186} INFO - Started process (PID=437) to work on /home/airflow/.local/lib/python3.12/site-packages/airflow/example_dags/example_datasets.py
[2026-07-25T09:18:33.446+0000] {processor.py:914} INFO - Processing file /home/airflow/.local/lib/python3.12/site-packages/airflow/example_dags/example_datasets.py for tasks to queue
[2026-07-25T09:18:33.448+0000] {logging_mixin.py:190} INFO - [2026-07-25T09:18:33.447+0000] {dagbag.py:588} INFO - Filling up the DagBag from /home/airflow/.local/lib/python3.12/site-packages/airflow/example_dags/example_datasets.py
[2026-07-25T09:18:37.860+0000] {processor.py:925} INFO - DAG(s) 'dataset_consumes_unknown_never_scheduled', 'conditional_dataset_and_time_based_timetable', 'dataset_produces_2', 'dataset_consumes_1_never_scheduled', 'dataset_produces_1', 'consume_1_or_2_with_dataset_expressions', 'consume_1_and_2_with_dataset_expressions', 'dataset_consumes_1_and_2', 'consume_1_or_both_2_and_3_with_dataset_expressions', 'dataset_consumes_1' retrieved from /home/airflow/.local/lib/python3.12/site-packages/airflow/example_dags/example_datasets.py
[2026-07-25T09:18:37.889+0000] {logging_mixin.py:190} INFO - [2026-07-25T09:18:37.889+0000] {dag.py:3239} INFO - Sync 10 DAGs
[2026-07-25T09:18:37.907+0000] {logging_mixin.py:190} INFO - [2026-07-25T09:18:37.907+0000] {dag.py:4180} INFO - Setting next_dagrun for conditional_dataset_and_time_based_timetable to 2026-07-22 01:00:00+00:00, run_after=2026-07-22 01:00:00+00:00
[2026-07-25T09:18:37.909+0000] {logging_mixin.py:190} INFO - [2026-07-25T09:18:37.909+0000] {dag.py:4180} INFO - Setting next_dagrun for consume_1_and_2_with_dataset_expressions to None, run_after=None
[2026-07-25T09:18:37.910+0000] {logging_mixin.py:190} INFO - [2026-07-25T09:18:37.910+0000] {dag.py:4180} INFO - Setting next_dagrun for consume_1_or_2_with_dataset_expressions to None, run_after=None
[2026-07-25T09:18:37.911+0000] {logging_mixin.py:190} INFO - [2026-07-25T09:18:37.911+0000] {dag.py:4180} INFO - Setting next_dagrun for consume_1_or_both_2_and_3_with_dataset_expressions to None, run_after=None
[2026-07-25T09:18:37.912+0000] {logging_mixin.py:190} INFO - [2026-07-25T09:18:37.912+0000] {dag.py:4180} INFO - Setting next_dagrun for dataset_consumes_1 to None, run_after=None
[2026-07-25T09:18:37.913+0000] {logging_mixin.py:190} INFO - [2026-07-25T09:18:37.913+0000] {dag.py:4180} INFO - Setting next_dagrun for dataset_consumes_1_and_2 to None, run_after=None
[2026-07-25T09:18:37.914+0000] {logging_mixin.py:190} INFO - [2026-07-25T09:18:37.914+0000] {dag.py:4180} INFO - Setting next_dagrun for dataset_consumes_1_never_scheduled to None, run_after=None
[2026-07-25T09:18:37.915+0000] {logging_mixin.py:190} INFO - [2026-07-25T09:18:37.915+0000] {dag.py:4180} INFO - Setting next_dagrun for dataset_consumes_unknown_never_scheduled to None, run_after=None
[2026-07-25T09:18:37.917+0000] {logging_mixin.py:190} INFO - [2026-07-25T09:18:37.917+0000] {dag.py:4180} INFO - Setting next_dagrun for dataset_produces_1 to 2026-07-24 00:00:00+00:00, run_after=2026-07-25 00:00:00+00:00
[2026-07-25T09:18:37.918+0000] {logging_mixin.py:190} INFO - [2026-07-25T09:18:37.918+0000] {dag.py:4180} INFO - Setting next_dagrun for dataset_produces_2 to None, run_after=None
[2026-07-25T09:18:37.938+0000] {processor.py:208} INFO - Processing /home/airflow/.local/lib/python3.12/site-packages/airflow/example_dags/example_datasets.py took 4.497 seconds
[2026-07-25T09:19:09.099+0000] {processor.py:186} INFO - Started process (PID=528) to work on /home/airflow/.local/lib/python3.12/site-packages/airflow/example_dags/example_datasets.py
[2026-07-25T09:19:09.101+0000] {processor.py:914} INFO - Processing file /home/airflow/.local/lib/python3.12/site-packages/airflow/example_dags/example_datasets.py for tasks to queue
[2026-07-25T09:19:09.103+0000] {logging_mixin.py:190} INFO - [2026-07-25T09:19:09.103+0000] {dagbag.py:588} INFO - Filling up the DagBag from /home/airflow/.local/lib/python3.12/site-packages/airflow/example_dags/example_datasets.py
[2026-07-25T09:19:13.143+0000] {processor.py:925} INFO - DAG(s) 'dataset_consumes_1_never_scheduled', 'consume_1_or_2_with_dataset_expressions', 'dataset_consumes_unknown_never_scheduled', 'consume_1_and_2_with_dataset_expressions', 'dataset_produces_2', 'dataset_consumes_1_and_2', 'dataset_consumes_1', 'conditional_dataset_and_time_based_timetable', 'dataset_produces_1', 'consume_1_or_both_2_and_3_with_dataset_expressions' retrieved from /home/airflow/.local/lib/python3.12/site-packages/airflow/example_dags/example_datasets.py
[2026-07-25T09:19:13.167+0000] {logging_mixin.py:190} INFO - [2026-07-25T09:19:13.167+0000] {dag.py:3239} INFO - Sync 10 DAGs
[2026-07-25T09:19:13.182+0000] {logging_mixin.py:190} INFO - [2026-07-25T09:19:13.182+0000] {dag.py:4180} INFO - Setting next_dagrun for conditional_dataset_and_time_based_timetable to 2026-07-22 01:00:00+00:00, run_after=2026-07-22 01:00:00+00:00
[2026-07-25T09:19:13.184+0000] {logging_mixin.py:190} INFO - [2026-07-25T09:19:13.184+0000] {dag.py:4180} INFO - Setting next_dagrun for consume_1_and_2_with_dataset_expressions to None, run_after=None
[2026-07-25T09:19:13.185+0000] {logging_mixin.py:190} INFO - [2026-07-25T09:19:13.185+0000] {dag.py:4180} INFO - Setting next_dagrun for consume_1_or_2_with_dataset_expressions to None, run_after=None
[2026-07-25T09:19:13.186+0000] {logging_mixin.py:190} INFO - [2026-07-25T09:19:13.186+0000] {dag.py:4180} INFO - Setting next_dagrun for consume_1_or_both_2_and_3_with_dataset_expressions to None, run_after=None
[2026-07-25T09:19:13.187+0000] {logging_mixin.py:190} INFO - [2026-07-25T09:19:13.187+0000] {dag.py:4180} INFO - Setting next_dagrun for dataset_consumes_1 to None, run_after=None
[2026-07-25T09:19:13.188+0000] {logging_mixin.py:190} INFO - [2026-07-25T09:19:13.188+0000] {dag.py:4180} INFO - Setting next_dagrun for dataset_consumes_1_and_2 to None, run_after=None
[2026-07-25T09:19:13.189+0000] {logging_mixin.py:190} INFO - [2026-07-25T09:19:13.189+0000] {dag.py:4180} INFO - Setting next_dagrun for dataset_consumes_1_never_scheduled to None, run_after=None
[2026-07-25T09:19:13.190+0000] {logging_mixin.py:190} INFO - [2026-07-25T09:19:13.190+0000] {dag.py:4180} INFO - Setting next_dagrun for dataset_consumes_unknown_never_scheduled to None, run_after=None
[2026-07-25T09:19:13.192+0000] {logging_mixin.py:190} INFO - [2026-07-25T09:19:13.192+0000] {dag.py:4180} INFO - Setting next_dagrun for dataset_produces_1 to 2026-07-24 00:00:00+00:00, run_after=2026-07-25 00:00:00+00:00
[2026-07-25T09:19:13.193+0000] {logging_mixin.py:190} INFO - [2026-07-25T09:19:13.193+0000] {dag.py:4180} INFO - Setting next_dagrun for dataset_produces_2 to None, run_after=None
[2026-07-25T09:19:13.212+0000] {processor.py:208} INFO - Processing /home/airflow/.local/lib/python3.12/site-packages/airflow/example_dags/example_datasets.py took 4.117 seconds
[2026-07-25T09:20:52.444+0000] {processor.py:186} INFO - Started process (PID=107) to work on /home/airflow/.local/lib/python3.12/site-packages/airflow/example_dags/example_datasets.py
[2026-07-25T09:20:52.445+0000] {processor.py:914} INFO - Processing file /home/airflow/.local/lib/python3.12/site-packages/airflow/example_dags/example_datasets.py for tasks to queue
[2026-07-25T09:20:52.448+0000] {logging_mixin.py:190} INFO - [2026-07-25T09:20:52.448+0000] {dagbag.py:588} INFO - Filling up the DagBag from /home/airflow/.local/lib/python3.12/site-packages/airflow/example_dags/example_datasets.py
[2026-07-25T09:20:57.600+0000] {processor.py:925} INFO - DAG(s) 'dataset_produces_1', 'dataset_consumes_1_never_scheduled', 'dataset_produces_2', 'dataset_consumes_1_and_2', 'consume_1_and_2_with_dataset_expressions', 'consume_1_or_2_with_dataset_expressions', 'dataset_consumes_unknown_never_scheduled', 'consume_1_or_both_2_and_3_with_dataset_expressions', 'conditional_dataset_and_time_based_timetable', 'dataset_consumes_1' retrieved from /home/airflow/.local/lib/python3.12/site-packages/airflow/example_dags/example_datasets.py
[2026-07-25T09:20:57.628+0000] {logging_mixin.py:190} INFO - [2026-07-25T09:20:57.628+0000] {dag.py:3239} INFO - Sync 10 DAGs
[2026-07-25T09:20:57.826+0000] {logging_mixin.py:190} INFO - [2026-07-25T09:20:57.826+0000] {dag.py:4180} INFO - Setting next_dagrun for conditional_dataset_and_time_based_timetable to 2026-07-22 01:00:00+00:00, run_after=2026-07-22 01:00:00+00:00
[2026-07-25T09:20:57.829+0000] {logging_mixin.py:190} INFO - [2026-07-25T09:20:57.829+0000] {dag.py:4180} INFO - Setting next_dagrun for consume_1_and_2_with_dataset_expressions to None, run_after=None
[2026-07-25T09:20:57.830+0000] {logging_mixin.py:190} INFO - [2026-07-25T09:20:57.830+0000] {dag.py:4180} INFO - Setting next_dagrun for consume_1_or_2_with_dataset_expressions to None, run_after=None
[2026-07-25T09:20:57.831+0000] {logging_mixin.py:190} INFO - [2026-07-25T09:20:57.831+0000] {dag.py:4180} INFO - Setting next_dagrun for consume_1_or_both_2_and_3_with_dataset_expressions to None, run_after=None
[2026-07-25T09:20:57.832+0000] {logging_mixin.py:190} INFO - [2026-07-25T09:20:57.832+0000] {dag.py:4180} INFO - Setting next_dagrun for dataset_consumes_1 to None, run_after=None
[2026-07-25T09:20:57.833+0000] {logging_mixin.py:190} INFO - [2026-07-25T09:20:57.833+0000] {dag.py:4180} INFO - Setting next_dagrun for dataset_consumes_1_and_2 to None, run_after=None
[2026-07-25T09:20:57.834+0000] {logging_mixin.py:190} INFO - [2026-07-25T09:20:57.834+0000] {dag.py:4180} INFO - Setting next_dagrun for dataset_consumes_1_never_scheduled to None, run_after=None
[2026-07-25T09:20:57.836+0000] {logging_mixin.py:190} INFO - [2026-07-25T09:20:57.835+0000] {dag.py:4180} INFO - Setting next_dagrun for dataset_consumes_unknown_never_scheduled to None, run_after=None
[2026-07-25T09:20:57.837+0000] {logging_mixin.py:190} INFO - [2026-07-25T09:20:57.837+0000] {dag.py:4180} INFO - Setting next_dagrun for dataset_produces_1 to 2026-07-24 00:00:00+00:00, run_after=2026-07-25 00:00:00+00:00
[2026-07-25T09:20:57.838+0000] {logging_mixin.py:190} INFO - [2026-07-25T09:20:57.838+0000] {dag.py:4180} INFO - Setting next_dagrun for dataset_produces_2 to None, run_after=None
[2026-07-25T09:20:57.858+0000] {processor.py:208} INFO - Processing /home/airflow/.local/lib/python3.12/site-packages/airflow/example_dags/example_datasets.py took 5.419 seconds
[2026-07-25T09:21:27.951+0000] {processor.py:186} INFO - Started process (PID=174) to work on /home/airflow/.local/lib/python3.12/site-packages/airflow/example_dags/example_datasets.py
[2026-07-25T09:21:27.952+0000] {processor.py:914} INFO - Processing file /home/airflow/.local/lib/python3.12/site-packages/airflow/example_dags/example_datasets.py for tasks to queue
[2026-07-25T09:21:27.954+0000] {logging_mixin.py:190} INFO - [2026-07-25T09:21:27.954+0000] {dagbag.py:588} INFO - Filling up the DagBag from /home/airflow/.local/lib/python3.12/site-packages/airflow/example_dags/example_datasets.py
[2026-07-25T09:21:32.083+0000] {processor.py:925} INFO - DAG(s) 'dataset_consumes_1_never_scheduled', 'consume_1_or_both_2_and_3_with_dataset_expressions', 'dataset_consumes_1', 'consume_1_or_2_with_dataset_expressions', 'dataset_consumes_unknown_never_scheduled', 'dataset_produces_1', 'dataset_produces_2', 'consume_1_and_2_with_dataset_expressions', 'conditional_dataset_and_time_based_timetable', 'dataset_consumes_1_and_2' retrieved from /home/airflow/.local/lib/python3.12/site-packages/airflow/example_dags/example_datasets.py
[2026-07-25T09:21:32.108+0000] {logging_mixin.py:190} INFO - [2026-07-25T09:21:32.108+0000] {dag.py:3239} INFO - Sync 10 DAGs
[2026-07-25T09:21:32.122+0000] {logging_mixin.py:190} INFO - [2026-07-25T09:21:32.122+0000] {dag.py:4180} INFO - Setting next_dagrun for conditional_dataset_and_time_based_timetable to 2026-07-22 01:00:00+00:00, run_after=2026-07-22 01:00:00+00:00
[2026-07-25T09:21:32.124+0000] {logging_mixin.py:190} INFO - [2026-07-25T09:21:32.124+0000] {dag.py:4180} INFO - Setting next_dagrun for consume_1_and_2_with_dataset_expressions to None, run_after=None
[2026-07-25T09:21:32.125+0000] {logging_mixin.py:190} INFO - [2026-07-25T09:21:32.125+0000] {dag.py:4180} INFO - Setting next_dagrun for consume_1_or_2_with_dataset_expressions to None, run_after=None
[2026-07-25T09:21:32.126+0000] {logging_mixin.py:190} INFO - [2026-07-25T09:21:32.126+0000] {dag.py:4180} INFO - Setting next_dagrun for consume_1_or_both_2_and_3_with_dataset_expressions to None, run_after=None
[2026-07-25T09:21:32.127+0000] {logging_mixin.py:190} INFO - [2026-07-25T09:21:32.127+0000] {dag.py:4180} INFO - Setting next_dagrun for dataset_consumes_1 to None, run_after=None
[2026-07-25T09:21:32.128+0000] {logging_mixin.py:190} INFO - [2026-07-25T09:21:32.128+0000] {dag.py:4180} INFO - Setting next_dagrun for dataset_consumes_1_and_2 to None, run_after=None
[2026-07-25T09:21:32.129+0000] {logging_mixin.py:190} INFO - [2026-07-25T09:21:32.129+0000] {dag.py:4180} INFO - Setting next_dagrun for dataset_consumes_1_never_scheduled to None, run_after=None
[2026-07-25T09:21:32.130+0000] {logging_mixin.py:190} INFO - [2026-07-25T09:21:32.130+0000] {dag.py:4180} INFO - Setting next_dagrun for dataset_consumes_unknown_never_scheduled to None, run_after=None
[2026-07-25T09:21:32.131+0000] {logging_mixin.py:190} INFO - [2026-07-25T09:21:32.131+0000] {dag.py:4180} INFO - Setting next_dagrun for dataset_produces_1 to 2026-07-24 00:00:00+00:00, run_after=2026-07-25 00:00:00+00:00
[2026-07-25T09:21:32.132+0000] {logging_mixin.py:190} INFO - [2026-07-25T09:21:32.132+0000] {dag.py:4180} INFO - Setting next_dagrun for dataset_produces_2 to None, run_after=None
[2026-07-25T09:21:32.152+0000] {processor.py:208} INFO - Processing /home/airflow/.local/lib/python3.12/site-packages/airflow/example_dags/example_datasets.py took 4.206 seconds
[2026-07-25T09:22:02.380+0000] {processor.py:186} INFO - Started process (PID=248) to work on /home/airflow/.local/lib/python3.12/site-packages/airflow/example_dags/example_datasets.py
[2026-07-25T09:22:02.380+0000] {processor.py:914} INFO - Processing file /home/airflow/.local/lib/python3.12/site-packages/airflow/example_dags/example_datasets.py for tasks to queue
[2026-07-25T09:22:02.382+0000] {logging_mixin.py:190} INFO - [2026-07-25T09:22:02.382+0000] {dagbag.py:588} INFO - Filling up the DagBag from /home/airflow/.local/lib/python3.12/site-packages/airflow/example_dags/example_datasets.py
[2026-07-25T09:22:06.435+0000] {processor.py:925} INFO - DAG(s) 'dataset_produces_1', 'dataset_consumes_unknown_never_scheduled', 'dataset_consumes_1_never_scheduled', 'consume_1_or_both_2_and_3_with_dataset_expressions', 'dataset_consumes_1_and_2', 'dataset_produces_2', 'dataset_consumes_1', 'consume_1_or_2_with_dataset_expressions', 'consume_1_and_2_with_dataset_expressions', 'conditional_dataset_and_time_based_timetable' retrieved from /home/airflow/.local/lib/python3.12/site-packages/airflow/example_dags/example_datasets.py
[2026-07-25T09:22:06.458+0000] {logging_mixin.py:190} INFO - [2026-07-25T09:22:06.458+0000] {dag.py:3239} INFO - Sync 10 DAGs
[2026-07-25T09:22:06.471+0000] {logging_mixin.py:190} INFO - [2026-07-25T09:22:06.471+0000] {dag.py:4180} INFO - Setting next_dagrun for conditional_dataset_and_time_based_timetable to 2026-07-22 01:00:00+00:00, run_after=2026-07-22 01:00:00+00:00
[2026-07-25T09:22:06.473+0000] {logging_mixin.py:190} INFO - [2026-07-25T09:22:06.473+0000] {dag.py:4180} INFO - Setting next_dagrun for consume_1_and_2_with_dataset_expressions to None, run_after=None
[2026-07-25T09:22:06.474+0000] {logging_mixin.py:190} INFO - [2026-07-25T09:22:06.474+0000] {dag.py:4180} INFO - Setting next_dagrun for consume_1_or_2_with_dataset_expressions to None, run_after=None
[2026-07-25T09:22:06.475+0000] {logging_mixin.py:190} INFO - [2026-07-25T09:22:06.475+0000] {dag.py:4180} INFO - Setting next_dagrun for consume_1_or_both_2_and_3_with_dataset_expressions to None, run_after=None
[2026-07-25T09:22:06.476+0000] {logging_mixin.py:190} INFO - [2026-07-25T09:22:06.476+0000] {dag.py:4180} INFO - Setting next_dagrun for dataset_consumes_1 to None, run_after=None
[2026-07-25T09:22:06.477+0000] {logging_mixin.py:190} INFO - [2026-07-25T09:22:06.477+0000] {dag.py:4180} INFO - Setting next_dagrun for dataset_consumes_1_and_2 to None, run_after=None
[2026-07-25T09:22:06.478+0000] {logging_mixin.py:190} INFO - [2026-07-25T09:22:06.478+0000] {dag.py:4180} INFO - Setting next_dagrun for dataset_consumes_1_never_scheduled to None, run_after=None
[2026-07-25T09:22:06.479+0000] {logging_mixin.py:190} INFO - [2026-07-25T09:22:06.479+0000] {dag.py:4180} INFO - Setting next_dagrun for dataset_consumes_unknown_never_scheduled to None, run_after=None
[2026-07-25T09:22:06.481+0000] {logging_mixin.py:190} INFO - [2026-07-25T09:22:06.481+0000] {dag.py:4180} INFO - Setting next_dagrun for dataset_produces_1 to 2026-07-24 00:00:00+00:00, run_after=2026-07-25 00:00:00+00:00
[2026-07-25T09:22:06.482+0000] {logging_mixin.py:190} INFO - [2026-07-25T09:22:06.482+0000] {dag.py:4180} INFO - Setting next_dagrun for dataset_produces_2 to None, run_after=None
[2026-07-25T09:22:06.501+0000] {processor.py:208} INFO - Processing /home/airflow/.local/lib/python3.12/site-packages/airflow/example_dags/example_datasets.py took 4.124 seconds
[2026-07-25T09:22:37.384+0000] {processor.py:186} INFO - Started process (PID=311) to work on /home/airflow/.local/lib/python3.12/site-packages/airflow/example_dags/example_datasets.py
[2026-07-25T09:22:37.385+0000] {processor.py:914} INFO - Processing file /home/airflow/.local/lib/python3.12/site-packages/airflow/example_dags/example_datasets.py for tasks to queue
[2026-07-25T09:22:37.387+0000] {logging_mixin.py:190} INFO - [2026-07-25T09:22:37.387+0000] {dagbag.py:588} INFO - Filling up the DagBag from /home/airflow/.local/lib/python3.12/site-packages/airflow/example_dags/example_datasets.py
[2026-07-25T09:22:41.414+0000] {processor.py:925} INFO - DAG(s) 'dataset_consumes_unknown_never_scheduled', 'dataset_consumes_1_and_2', 'dataset_produces_1', 'consume_1_or_both_2_and_3_with_dataset_expressions', 'dataset_produces_2', 'consume_1_or_2_with_dataset_expressions', 'conditional_dataset_and_time_based_timetable', 'consume_1_and_2_with_dataset_expressions', 'dataset_consumes_1_never_scheduled', 'dataset_consumes_1' retrieved from /home/airflow/.local/lib/python3.12/site-packages/airflow/example_dags/example_datasets.py
[2026-07-25T09:22:41.440+0000] {logging_mixin.py:190} INFO - [2026-07-25T09:22:41.440+0000] {dag.py:3239} INFO - Sync 10 DAGs
[2026-07-25T09:22:41.455+0000] {logging_mixin.py:190} INFO - [2026-07-25T09:22:41.455+0000] {dag.py:4180} INFO - Setting next_dagrun for conditional_dataset_and_time_based_timetable to 2026-07-22 01:00:00+00:00, run_after=2026-07-22 01:00:00+00:00
[2026-07-25T09:22:41.458+0000] {logging_mixin.py:190} INFO - [2026-07-25T09:22:41.458+0000] {dag.py:4180} INFO - Setting next_dagrun for consume_1_and_2_with_dataset_expressions to None, run_after=None
[2026-07-25T09:22:41.459+0000] {logging_mixin.py:190} INFO - [2026-07-25T09:22:41.459+0000] {dag.py:4180} INFO - Setting next_dagrun for consume_1_or_2_with_dataset_expressions to None, run_after=None
[2026-07-25T09:22:41.460+0000] {logging_mixin.py:190} INFO - [2026-07-25T09:22:41.460+0000] {dag.py:4180} INFO - Setting next_dagrun for consume_1_or_both_2_and_3_with_dataset_expressions to None, run_after=None
[2026-07-25T09:22:41.461+0000] {logging_mixin.py:190} INFO - [2026-07-25T09:22:41.461+0000] {dag.py:4180} INFO - Setting next_dagrun for dataset_consumes_1 to None, run_after=None
[2026-07-25T09:22:41.462+0000] {logging_mixin.py:190} INFO - [2026-07-25T09:22:41.462+0000] {dag.py:4180} INFO - Setting next_dagrun for dataset_consumes_1_and_2 to None, run_after=None
[2026-07-25T09:22:41.463+0000] {logging_mixin.py:190} INFO - [2026-07-25T09:22:41.463+0000] {dag.py:4180} INFO - Setting next_dagrun for dataset_consumes_1_never_scheduled to None, run_after=None
[2026-07-25T09:22:41.464+0000] {logging_mixin.py:190} INFO - [2026-07-25T09:22:41.464+0000] {dag.py:4180} INFO - Setting next_dagrun for dataset_consumes_unknown_never_scheduled to None, run_after=None
[2026-07-25T09:22:41.465+0000] {logging_mixin.py:190} INFO - [2026-07-25T09:22:41.465+0000] {dag.py:4180} INFO - Setting next_dagrun for dataset_produces_1 to 2026-07-24 00:00:00+00:00, run_after=2026-07-25 00:00:00+00:00
[2026-07-25T09:22:41.466+0000] {logging_mixin.py:190} INFO - [2026-07-25T09:22:41.466+0000] {dag.py:4180} INFO - Setting next_dagrun for dataset_produces_2 to None, run_after=None
[2026-07-25T09:22:41.486+0000] {processor.py:208} INFO - Processing /home/airflow/.local/lib/python3.12/site-packages/airflow/example_dags/example_datasets.py took 4.106 seconds
[2026-07-25T09:24:03.896+0000] {processor.py:186} INFO - Started process (PID=107) to work on /home/airflow/.local/lib/python3.12/site-packages/airflow/example_dags/example_datasets.py
[2026-07-25T09:24:03.898+0000] {processor.py:914} INFO - Processing file /home/airflow/.local/lib/python3.12/site-packages/airflow/example_dags/example_datasets.py for tasks to queue
[2026-07-25T09:24:03.900+0000] {logging_mixin.py:190} INFO - [2026-07-25T09:24:03.900+0000] {dagbag.py:588} INFO - Filling up the DagBag from /home/airflow/.local/lib/python3.12/site-packages/airflow/example_dags/example_datasets.py
[2026-07-25T09:24:08.176+0000] {processor.py:925} INFO - DAG(s) 'consume_1_or_2_with_dataset_expressions', 'dataset_consumes_1_and_2', 'dataset_produces_2', 'dataset_consumes_1', 'conditional_dataset_and_time_based_timetable', 'consume_1_and_2_with_dataset_expressions', 'consume_1_or_both_2_and_3_with_dataset_expressions', 'dataset_consumes_1_never_scheduled', 'dataset_produces_1', 'dataset_consumes_unknown_never_scheduled' retrieved from /home/airflow/.local/lib/python3.12/site-packages/airflow/example_dags/example_datasets.py
[2026-07-25T09:24:08.204+0000] {logging_mixin.py:190} INFO - [2026-07-25T09:24:08.204+0000] {dag.py:3239} INFO - Sync 10 DAGs
[2026-07-25T09:24:08.377+0000] {logging_mixin.py:190} INFO - [2026-07-25T09:24:08.377+0000] {dag.py:4180} INFO - Setting next_dagrun for conditional_dataset_and_time_based_timetable to 2026-07-22 01:00:00+00:00, run_after=2026-07-22 01:00:00+00:00
[2026-07-25T09:24:08.380+0000] {logging_mixin.py:190} INFO - [2026-07-25T09:24:08.380+0000] {dag.py:4180} INFO - Setting next_dagrun for consume_1_and_2_with_dataset_expressions to None, run_after=None
[2026-07-25T09:24:08.381+0000] {logging_mixin.py:190} INFO - [2026-07-25T09:24:08.381+0000] {dag.py:4180} INFO - Setting next_dagrun for consume_1_or_2_with_dataset_expressions to None, run_after=None
[2026-07-25T09:24:08.382+0000] {logging_mixin.py:190} INFO - [2026-07-25T09:24:08.382+0000] {dag.py:4180} INFO - Setting next_dagrun for consume_1_or_both_2_and_3_with_dataset_expressions to None, run_after=None
[2026-07-25T09:24:08.383+0000] {logging_mixin.py:190} INFO - [2026-07-25T09:24:08.383+0000] {dag.py:4180} INFO - Setting next_dagrun for dataset_consumes_1 to None, run_after=None
[2026-07-25T09:24:08.384+0000] {logging_mixin.py:190} INFO - [2026-07-25T09:24:08.384+0000] {dag.py:4180} INFO - Setting next_dagrun for dataset_consumes_1_and_2 to None, run_after=None
[2026-07-25T09:24:08.386+0000] {logging_mixin.py:190} INFO - [2026-07-25T09:24:08.385+0000] {dag.py:4180} INFO - Setting next_dagrun for dataset_consumes_1_never_scheduled to None, run_after=None
[2026-07-25T09:24:08.387+0000] {logging_mixin.py:190} INFO - [2026-07-25T09:24:08.387+0000] {dag.py:4180} INFO - Setting next_dagrun for dataset_consumes_unknown_never_scheduled to None, run_after=None
[2026-07-25T09:24:08.389+0000] {logging_mixin.py:190} INFO - [2026-07-25T09:24:08.388+0000] {dag.py:4180} INFO - Setting next_dagrun for dataset_produces_1 to 2026-07-24 00:00:00+00:00, run_after=2026-07-25 00:00:00+00:00
[2026-07-25T09:24:08.390+0000] {logging_mixin.py:190} INFO - [2026-07-25T09:24:08.390+0000] {dag.py:4180} INFO - Setting next_dagrun for dataset_produces_2 to None, run_after=None
[2026-07-25T09:24:08.411+0000] {processor.py:208} INFO - Processing /home/airflow/.local/lib/python3.12/site-packages/airflow/example_dags/example_datasets.py took 4.520 seconds
[2026-07-25T09:24:39.206+0000] {processor.py:186} INFO - Started process (PID=174) to work on /home/airflow/.local/lib/python3.12/site-packages/airflow/example_dags/example_datasets.py
[2026-07-25T09:24:39.207+0000] {processor.py:914} INFO - Processing file /home/airflow/.local/lib/python3.12/site-packages/airflow/example_dags/example_datasets.py for tasks to queue
[2026-07-25T09:24:39.209+0000] {logging_mixin.py:190} INFO - [2026-07-25T09:24:39.209+0000] {dagbag.py:588} INFO - Filling up the DagBag from /home/airflow/.local/lib/python3.12/site-packages/airflow/example_dags/example_datasets.py
[2026-07-25T09:24:43.507+0000] {processor.py:925} INFO - DAG(s) 'dataset_produces_1', 'dataset_produces_2', 'consume_1_and_2_with_dataset_expressions', 'conditional_dataset_and_time_based_timetable', 'consume_1_or_both_2_and_3_with_dataset_expressions', 'dataset_consumes_unknown_never_scheduled', 'dataset_consumes_1_and_2', 'consume_1_or_2_with_dataset_expressions', 'dataset_consumes_1_never_scheduled', 'dataset_consumes_1' retrieved from /home/airflow/.local/lib/python3.12/site-packages/airflow/example_dags/example_datasets.py
[2026-07-25T09:24:43.533+0000] {logging_mixin.py:190} INFO - [2026-07-25T09:24:43.533+0000] {dag.py:3239} INFO - Sync 10 DAGs
[2026-07-25T09:24:43.549+0000] {logging_mixin.py:190} INFO - [2026-07-25T09:24:43.549+0000] {dag.py:4180} INFO - Setting next_dagrun for conditional_dataset_and_time_based_timetable to 2026-07-22 01:00:00+00:00, run_after=2026-07-22 01:00:00+00:00
[2026-07-25T09:24:43.551+0000] {logging_mixin.py:190} INFO - [2026-07-25T09:24:43.551+0000] {dag.py:4180} INFO - Setting next_dagrun for consume_1_and_2_with_dataset_expressions to None, run_after=None
[2026-07-25T09:24:43.552+0000] {logging_mixin.py:190} INFO - [2026-07-25T09:24:43.552+0000] {dag.py:4180} INFO - Setting next_dagrun for consume_1_or_2_with_dataset_expressions to None, run_after=None
[2026-07-25T09:24:43.553+0000] {logging_mixin.py:190} INFO - [2026-07-25T09:24:43.553+0000] {dag.py:4180} INFO - Setting next_dagrun for consume_1_or_both_2_and_3_with_dataset_expressions to None, run_after=None
[2026-07-25T09:24:43.554+0000] {logging_mixin.py:190} INFO - [2026-07-25T09:24:43.554+0000] {dag.py:4180} INFO - Setting next_dagrun for dataset_consumes_1 to None, run_after=None
[2026-07-25T09:24:43.555+0000] {logging_mixin.py:190} INFO - [2026-07-25T09:24:43.555+0000] {dag.py:4180} INFO - Setting next_dagrun for dataset_consumes_1_and_2 to None, run_after=None
[2026-07-25T09:24:43.556+0000] {logging_mixin.py:190} INFO - [2026-07-25T09:24:43.556+0000] {dag.py:4180} INFO - Setting next_dagrun for dataset_consumes_1_never_scheduled to None, run_after=None
[2026-07-25T09:24:43.557+0000] {logging_mixin.py:190} INFO - [2026-07-25T09:24:43.557+0000] {dag.py:4180} INFO - Setting next_dagrun for dataset_consumes_unknown_never_scheduled to None, run_after=None
[2026-07-25T09:24:43.559+0000] {logging_mixin.py:190} INFO - [2026-07-25T09:24:43.559+0000] {dag.py:4180} INFO - Setting next_dagrun for dataset_produces_1 to 2026-07-24 00:00:00+00:00, run_after=2026-07-25 00:00:00+00:00
[2026-07-25T09:24:43.560+0000] {logging_mixin.py:190} INFO - [2026-07-25T09:24:43.560+0000] {dag.py:4180} INFO - Setting next_dagrun for dataset_produces_2 to None, run_after=None
[2026-07-25T09:24:43.768+0000] {processor.py:208} INFO - Processing /home/airflow/.local/lib/python3.12/site-packages/airflow/example_dags/example_datasets.py took 4.565 seconds
[2026-07-25T09:25:13.873+0000] {processor.py:186} INFO - Started process (PID=248) to work on /home/airflow/.local/lib/python3.12/site-packages/airflow/example_dags/example_datasets.py
[2026-07-25T09:25:13.874+0000] {processor.py:914} INFO - Processing file /home/airflow/.local/lib/python3.12/site-packages/airflow/example_dags/example_datasets.py for tasks to queue
[2026-07-25T09:25:13.876+0000] {logging_mixin.py:190} INFO - [2026-07-25T09:25:13.876+0000] {dagbag.py:588} INFO - Filling up the DagBag from /home/airflow/.local/lib/python3.12/site-packages/airflow/example_dags/example_datasets.py
[2026-07-25T09:25:18.171+0000] {processor.py:925} INFO - DAG(s) 'dataset_produces_2', 'consume_1_or_2_with_dataset_expressions', 'dataset_consumes_1_and_2', 'dataset_consumes_unknown_never_scheduled', 'dataset_produces_1', 'consume_1_and_2_with_dataset_expressions', 'consume_1_or_both_2_and_3_with_dataset_expressions', 'conditional_dataset_and_time_based_timetable', 'dataset_consumes_1', 'dataset_consumes_1_never_scheduled' retrieved from /home/airflow/.local/lib/python3.12/site-packages/airflow/example_dags/example_datasets.py
[2026-07-25T09:25:18.199+0000] {logging_mixin.py:190} INFO - [2026-07-25T09:25:18.199+0000] {dag.py:3239} INFO - Sync 10 DAGs
[2026-07-25T09:25:18.215+0000] {logging_mixin.py:190} INFO - [2026-07-25T09:25:18.215+0000] {dag.py:4180} INFO - Setting next_dagrun for conditional_dataset_and_time_based_timetable to 2026-07-22 01:00:00+00:00, run_after=2026-07-22 01:00:00+00:00
[2026-07-25T09:25:18.218+0000] {logging_mixin.py:190} INFO - [2026-07-25T09:25:18.218+0000] {dag.py:4180} INFO - Setting next_dagrun for consume_1_and_2_with_dataset_expressions to None, run_after=None
[2026-07-25T09:25:18.219+0000] {logging_mixin.py:190} INFO - [2026-07-25T09:25:18.219+0000] {dag.py:4180} INFO - Setting next_dagrun for consume_1_or_2_with_dataset_expressions to None, run_after=None
[2026-07-25T09:25:18.220+0000] {logging_mixin.py:190} INFO - [2026-07-25T09:25:18.220+0000] {dag.py:4180} INFO - Setting next_dagrun for consume_1_or_both_2_and_3_with_dataset_expressions to None, run_after=None
[2026-07-25T09:25:18.221+0000] {logging_mixin.py:190} INFO - [2026-07-25T09:25:18.221+0000] {dag.py:4180} INFO - Setting next_dagrun for dataset_consumes_1 to None, run_after=None
[2026-07-25T09:25:18.222+0000] {logging_mixin.py:190} INFO - [2026-07-25T09:25:18.222+0000] {dag.py:4180} INFO - Setting next_dagrun for dataset_consumes_1_and_2 to None, run_after=None
[2026-07-25T09:25:18.223+0000] {logging_mixin.py:190} INFO - [2026-07-25T09:25:18.223+0000] {dag.py:4180} INFO - Setting next_dagrun for dataset_consumes_1_never_scheduled to None, run_after=None
[2026-07-25T09:25:18.224+0000] {logging_mixin.py:190} INFO - [2026-07-25T09:25:18.224+0000] {dag.py:4180} INFO - Setting next_dagrun for dataset_consumes_unknown_never_scheduled to None, run_after=None
[2026-07-25T09:25:18.226+0000] {logging_mixin.py:190} INFO - [2026-07-25T09:25:18.226+0000] {dag.py:4180} INFO - Setting next_dagrun for dataset_produces_1 to 2026-07-24 00:00:00+00:00, run_after=2026-07-25 00:00:00+00:00
[2026-07-25T09:25:18.227+0000] {logging_mixin.py:190} INFO - [2026-07-25T09:25:18.227+0000] {dag.py:4180} INFO - Setting next_dagrun for dataset_produces_2 to None, run_after=None
[2026-07-25T09:25:18.404+0000] {processor.py:208} INFO - Processing /home/airflow/.local/lib/python3.12/site-packages/airflow/example_dags/example_datasets.py took 4.534 seconds
[2026-07-25T09:25:48.643+0000] {processor.py:186} INFO - Started process (PID=311) to work on /home/airflow/.local/lib/python3.12/site-packages/airflow/example_dags/example_datasets.py
[2026-07-25T09:25:48.644+0000] {processor.py:914} INFO - Processing file /home/airflow/.local/lib/python3.12/site-packages/airflow/example_dags/example_datasets.py for tasks to queue
[2026-07-25T09:25:48.646+0000] {logging_mixin.py:190} INFO - [2026-07-25T09:25:48.646+0000] {dagbag.py:588} INFO - Filling up the DagBag from /home/airflow/.local/lib/python3.12/site-packages/airflow/example_dags/example_datasets.py
[2026-07-25T09:25:52.780+0000] {processor.py:925} INFO - DAG(s) 'dataset_produces_1', 'dataset_produces_2', 'consume_1_or_2_with_dataset_expressions', 'dataset_consumes_unknown_never_scheduled', 'dataset_consumes_1_never_scheduled', 'consume_1_and_2_with_dataset_expressions', 'dataset_consumes_1', 'conditional_dataset_and_time_based_timetable', 'dataset_consumes_1_and_2', 'consume_1_or_both_2_and_3_with_dataset_expressions' retrieved from /home/airflow/.local/lib/python3.12/site-packages/airflow/example_dags/example_datasets.py
[2026-07-25T09:25:52.805+0000] {logging_mixin.py:190} INFO - [2026-07-25T09:25:52.805+0000] {dag.py:3239} INFO - Sync 10 DAGs
[2026-07-25T09:25:52.820+0000] {logging_mixin.py:190} INFO - [2026-07-25T09:25:52.820+0000] {dag.py:4180} INFO - Setting next_dagrun for conditional_dataset_and_time_based_timetable to 2026-07-22 01:00:00+00:00, run_after=2026-07-22 01:00:00+00:00
[2026-07-25T09:25:52.822+0000] {logging_mixin.py:190} INFO - [2026-07-25T09:25:52.822+0000] {dag.py:4180} INFO - Setting next_dagrun for consume_1_and_2_with_dataset_expressions to None, run_after=None
[2026-07-25T09:25:52.823+0000] {logging_mixin.py:190} INFO - [2026-07-25T09:25:52.823+0000] {dag.py:4180} INFO - Setting next_dagrun for consume_1_or_2_with_dataset_expressions to None, run_after=None
[2026-07-25T09:25:52.824+0000] {logging_mixin.py:190} INFO - [2026-07-25T09:25:52.824+0000] {dag.py:4180} INFO - Setting next_dagrun for consume_1_or_both_2_and_3_with_dataset_expressions to None, run_after=None
[2026-07-25T09:25:52.825+0000] {logging_mixin.py:190} INFO - [2026-07-25T09:25:52.825+0000] {dag.py:4180} INFO - Setting next_dagrun for dataset_consumes_1 to None, run_after=None
[2026-07-25T09:25:52.826+0000] {logging_mixin.py:190} INFO - [2026-07-25T09:25:52.826+0000] {dag.py:4180} INFO - Setting next_dagrun for dataset_consumes_1_and_2 to None, run_after=None
[2026-07-25T09:25:52.827+0000] {logging_mixin.py:190} INFO - [2026-07-25T09:25:52.827+0000] {dag.py:4180} INFO - Setting next_dagrun for dataset_consumes_1_never_scheduled to None, run_after=None
[2026-07-25T09:25:52.828+0000] {logging_mixin.py:190} INFO - [2026-07-25T09:25:52.828+0000] {dag.py:4180} INFO - Setting next_dagrun for dataset_consumes_unknown_never_scheduled to None, run_after=None
[2026-07-25T09:25:52.830+0000] {logging_mixin.py:190} INFO - [2026-07-25T09:25:52.830+0000] {dag.py:4180} INFO - Setting next_dagrun for dataset_produces_1 to 2026-07-24 00:00:00+00:00, run_after=2026-07-25 00:00:00+00:00
[2026-07-25T09:25:52.831+0000] {logging_mixin.py:190} INFO - [2026-07-25T09:25:52.831+0000] {dag.py:4180} INFO - Setting next_dagrun for dataset_produces_2 to None, run_after=None
[2026-07-25T09:25:52.858+0000] {processor.py:208} INFO - Processing /home/airflow/.local/lib/python3.12/site-packages/airflow/example_dags/example_datasets.py took 4.218 seconds
[2026-07-25T09:26:58.349+0000] {processor.py:186} INFO - Started process (PID=107) to work on /home/airflow/.local/lib/python3.12/site-packages/airflow/example_dags/example_datasets.py
[2026-07-25T09:26:58.350+0000] {processor.py:914} INFO - Processing file /home/airflow/.local/lib/python3.12/site-packages/airflow/example_dags/example_datasets.py for tasks to queue
[2026-07-25T09:26:58.352+0000] {logging_mixin.py:190} INFO - [2026-07-25T09:26:58.352+0000] {dagbag.py:588} INFO - Filling up the DagBag from /home/airflow/.local/lib/python3.12/site-packages/airflow/example_dags/example_datasets.py
[2026-07-25T09:27:02.735+0000] {processor.py:925} INFO - DAG(s) 'conditional_dataset_and_time_based_timetable', 'dataset_produces_1', 'dataset_produces_2', 'dataset_consumes_unknown_never_scheduled', 'dataset_consumes_1_never_scheduled', 'dataset_consumes_1_and_2', 'dataset_consumes_1', 'consume_1_or_2_with_dataset_expressions', 'consume_1_or_both_2_and_3_with_dataset_expressions', 'consume_1_and_2_with_dataset_expressions' retrieved from /home/airflow/.local/lib/python3.12/site-packages/airflow/example_dags/example_datasets.py
[2026-07-25T09:27:02.974+0000] {logging_mixin.py:190} INFO - [2026-07-25T09:27:02.973+0000] {override.py:1932} INFO - Created Permission View: can edit on DAG:conditional_dataset_and_time_based_timetable
[2026-07-25T09:27:02.981+0000] {logging_mixin.py:190} INFO - [2026-07-25T09:27:02.980+0000] {override.py:1932} INFO - Created Permission View: can read on DAG:conditional_dataset_and_time_based_timetable
[2026-07-25T09:27:02.986+0000] {logging_mixin.py:190} INFO - [2026-07-25T09:27:02.986+0000] {override.py:1932} INFO - Created Permission View: can delete on DAG:conditional_dataset_and_time_based_timetable
[2026-07-25T09:27:02.992+0000] {logging_mixin.py:190} INFO - [2026-07-25T09:27:02.992+0000] {override.py:1932} INFO - Created Permission View: menu access on DAG Run:conditional_dataset_and_time_based_timetable
[2026-07-25T09:27:02.997+0000] {logging_mixin.py:190} INFO - [2026-07-25T09:27:02.997+0000] {override.py:1932} INFO - Created Permission View: can read on DAG Run:conditional_dataset_and_time_based_timetable
[2026-07-25T09:27:03.001+0000] {logging_mixin.py:190} INFO - [2026-07-25T09:27:03.001+0000] {override.py:1932} INFO - Created Permission View: can create on DAG Run:conditional_dataset_and_time_based_timetable
[2026-07-25T09:27:03.006+0000] {logging_mixin.py:190} INFO - [2026-07-25T09:27:03.006+0000] {override.py:1932} INFO - Created Permission View: can delete on DAG Run:conditional_dataset_and_time_based_timetable
[2026-07-25T09:27:03.015+0000] {logging_mixin.py:190} INFO - [2026-07-25T09:27:03.015+0000] {override.py:1932} INFO - Created Permission View: can edit on DAG:dataset_produces_1
[2026-07-25T09:27:03.020+0000] {logging_mixin.py:190} INFO - [2026-07-25T09:27:03.020+0000] {override.py:1932} INFO - Created Permission View: can read on DAG:dataset_produces_1
[2026-07-25T09:27:03.025+0000] {logging_mixin.py:190} INFO - [2026-07-25T09:27:03.025+0000] {override.py:1932} INFO - Created Permission View: can delete on DAG:dataset_produces_1
[2026-07-25T09:27:03.032+0000] {logging_mixin.py:190} INFO - [2026-07-25T09:27:03.032+0000] {override.py:1932} INFO - Created Permission View: menu access on DAG Run:dataset_produces_1
[2026-07-25T09:27:03.037+0000] {logging_mixin.py:190} INFO - [2026-07-25T09:27:03.037+0000] {override.py:1932} INFO - Created Permission View: can read on DAG Run:dataset_produces_1
[2026-07-25T09:27:03.042+0000] {logging_mixin.py:190} INFO - [2026-07-25T09:27:03.042+0000] {override.py:1932} INFO - Created Permission View: can create on DAG Run:dataset_produces_1
[2026-07-25T09:27:03.047+0000] {logging_mixin.py:190} INFO - [2026-07-25T09:27:03.047+0000] {override.py:1932} INFO - Created Permission View: can delete on DAG Run:dataset_produces_1
[2026-07-25T09:27:03.056+0000] {logging_mixin.py:190} INFO - [2026-07-25T09:27:03.056+0000] {override.py:1932} INFO - Created Permission View: can edit on DAG:dataset_produces_2
[2026-07-25T09:27:03.060+0000] {logging_mixin.py:190} INFO - [2026-07-25T09:27:03.060+0000] {override.py:1932} INFO - Created Permission View: can read on DAG:dataset_produces_2
[2026-07-25T09:27:03.065+0000] {logging_mixin.py:190} INFO - [2026-07-25T09:27:03.065+0000] {override.py:1932} INFO - Created Permission View: can delete on DAG:dataset_produces_2
[2026-07-25T09:27:03.071+0000] {logging_mixin.py:190} INFO - [2026-07-25T09:27:03.071+0000] {override.py:1932} INFO - Created Permission View: menu access on DAG Run:dataset_produces_2
[2026-07-25T09:27:03.076+0000] {logging_mixin.py:190} INFO - [2026-07-25T09:27:03.075+0000] {override.py:1932} INFO - Created Permission View: can read on DAG Run:dataset_produces_2
[2026-07-25T09:27:03.080+0000] {logging_mixin.py:190} INFO - [2026-07-25T09:27:03.080+0000] {override.py:1932} INFO - Created Permission View: can create on DAG Run:dataset_produces_2
[2026-07-25T09:27:03.085+0000] {logging_mixin.py:190} INFO - [2026-07-25T09:27:03.085+0000] {override.py:1932} INFO - Created Permission View: can delete on DAG Run:dataset_produces_2
[2026-07-25T09:27:03.093+0000] {logging_mixin.py:190} INFO - [2026-07-25T09:27:03.093+0000] {override.py:1932} INFO - Created Permission View: can edit on DAG:dataset_consumes_unknown_never_scheduled
[2026-07-25T09:27:03.098+0000] {logging_mixin.py:190} INFO - [2026-07-25T09:27:03.098+0000] {override.py:1932} INFO - Created Permission View: can read on DAG:dataset_consumes_unknown_never_scheduled
[2026-07-25T09:27:03.102+0000] {logging_mixin.py:190} INFO - [2026-07-25T09:27:03.102+0000] {override.py:1932} INFO - Created Permission View: can delete on DAG:dataset_consumes_unknown_never_scheduled
[2026-07-25T09:27:03.108+0000] {logging_mixin.py:190} INFO - [2026-07-25T09:27:03.108+0000] {override.py:1932} INFO - Created Permission View: menu access on DAG Run:dataset_consumes_unknown_never_scheduled
[2026-07-25T09:27:03.113+0000] {logging_mixin.py:190} INFO - [2026-07-25T09:27:03.113+0000] {override.py:1932} INFO - Created Permission View: can read on DAG Run:dataset_consumes_unknown_never_scheduled
[2026-07-25T09:27:03.118+0000] {logging_mixin.py:190} INFO - [2026-07-25T09:27:03.118+0000] {override.py:1932} INFO - Created Permission View: can create on DAG Run:dataset_consumes_unknown_never_scheduled
[2026-07-25T09:27:03.123+0000] {logging_mixin.py:190} INFO - [2026-07-25T09:27:03.122+0000] {override.py:1932} INFO - Created Permission View: can delete on DAG Run:dataset_consumes_unknown_never_scheduled
[2026-07-25T09:27:03.131+0000] {logging_mixin.py:190} INFO - [2026-07-25T09:27:03.131+0000] {override.py:1932} INFO - Created Permission View: can edit on DAG:dataset_consumes_1_never_scheduled
[2026-07-25T09:27:03.136+0000] {logging_mixin.py:190} INFO - [2026-07-25T09:27:03.135+0000] {override.py:1932} INFO - Created Permission View: can read on DAG:dataset_consumes_1_never_scheduled
[2026-07-25T09:27:03.140+0000] {logging_mixin.py:190} INFO - [2026-07-25T09:27:03.140+0000] {override.py:1932} INFO - Created Permission View: can delete on DAG:dataset_consumes_1_never_scheduled
[2026-07-25T09:27:03.146+0000] {logging_mixin.py:190} INFO - [2026-07-25T09:27:03.146+0000] {override.py:1932} INFO - Created Permission View: menu access on DAG Run:dataset_consumes_1_never_scheduled
[2026-07-25T09:27:03.151+0000] {logging_mixin.py:190} INFO - [2026-07-25T09:27:03.151+0000] {override.py:1932} INFO - Created Permission View: can read on DAG Run:dataset_consumes_1_never_scheduled
[2026-07-25T09:27:03.156+0000] {logging_mixin.py:190} INFO - [2026-07-25T09:27:03.156+0000] {override.py:1932} INFO - Created Permission View: can create on DAG Run:dataset_consumes_1_never_scheduled
[2026-07-25T09:27:03.163+0000] {logging_mixin.py:190} INFO - [2026-07-25T09:27:03.163+0000] {override.py:1932} INFO - Created Permission View: can delete on DAG Run:dataset_consumes_1_never_scheduled
[2026-07-25T09:27:03.172+0000] {logging_mixin.py:190} INFO - [2026-07-25T09:27:03.172+0000] {override.py:1932} INFO - Created Permission View: can edit on DAG:dataset_consumes_1_and_2
[2026-07-25T09:27:03.177+0000] {logging_mixin.py:190} INFO - [2026-07-25T09:27:03.177+0000] {override.py:1932} INFO - Created Permission View: can read on DAG:dataset_consumes_1_and_2
[2026-07-25T09:27:03.182+0000] {logging_mixin.py:190} INFO - [2026-07-25T09:27:03.182+0000] {override.py:1932} INFO - Created Permission View: can delete on DAG:dataset_consumes_1_and_2
[2026-07-25T09:27:03.188+0000] {logging_mixin.py:190} INFO - [2026-07-25T09:27:03.188+0000] {override.py:1932} INFO - Created Permission View: menu access on DAG Run:dataset_consumes_1_and_2
[2026-07-25T09:27:03.193+0000] {logging_mixin.py:190} INFO - [2026-07-25T09:27:03.193+0000] {override.py:1932} INFO - Created Permission View: can read on DAG Run:dataset_consumes_1_and_2
[2026-07-25T09:27:03.198+0000] {logging_mixin.py:190} INFO - [2026-07-25T09:27:03.198+0000] {override.py:1932} INFO - Created Permission View: can create on DAG Run:dataset_consumes_1_and_2
[2026-07-25T09:27:03.202+0000] {logging_mixin.py:190} INFO - [2026-07-25T09:27:03.202+0000] {override.py:1932} INFO - Created Permission View: can delete on DAG Run:dataset_consumes_1_and_2
[2026-07-25T09:27:03.211+0000] {logging_mixin.py:190} INFO - [2026-07-25T09:27:03.210+0000] {override.py:1932} INFO - Created Permission View: can edit on DAG:dataset_consumes_1
[2026-07-25T09:27:03.215+0000] {logging_mixin.py:190} INFO - [2026-07-25T09:27:03.215+0000] {override.py:1932} INFO - Created Permission View: can read on DAG:dataset_consumes_1
[2026-07-25T09:27:03.220+0000] {logging_mixin.py:190} INFO - [2026-07-25T09:27:03.219+0000] {override.py:1932} INFO - Created Permission View: can delete on DAG:dataset_consumes_1
[2026-07-25T09:27:03.225+0000] {logging_mixin.py:190} INFO - [2026-07-25T09:27:03.225+0000] {override.py:1932} INFO - Created Permission View: menu access on DAG Run:dataset_consumes_1
[2026-07-25T09:27:03.230+0000] {logging_mixin.py:190} INFO - [2026-07-25T09:27:03.230+0000] {override.py:1932} INFO - Created Permission View: can read on DAG Run:dataset_consumes_1
[2026-07-25T09:27:03.235+0000] {logging_mixin.py:190} INFO - [2026-07-25T09:27:03.235+0000] {override.py:1932} INFO - Created Permission View: can create on DAG Run:dataset_consumes_1
[2026-07-25T09:27:03.240+0000] {logging_mixin.py:190} INFO - [2026-07-25T09:27:03.240+0000] {override.py:1932} INFO - Created Permission View: can delete on DAG Run:dataset_consumes_1
[2026-07-25T09:27:03.248+0000] {logging_mixin.py:190} INFO - [2026-07-25T09:27:03.248+0000] {override.py:1932} INFO - Created Permission View: can edit on DAG:consume_1_or_2_with_dataset_expressions
[2026-07-25T09:27:03.253+0000] {logging_mixin.py:190} INFO - [2026-07-25T09:27:03.253+0000] {override.py:1932} INFO - Created Permission View: can read on DAG:consume_1_or_2_with_dataset_expressions
[2026-07-25T09:27:03.258+0000] {logging_mixin.py:190} INFO - [2026-07-25T09:27:03.258+0000] {override.py:1932} INFO - Created Permission View: can delete on DAG:consume_1_or_2_with_dataset_expressions
[2026-07-25T09:27:03.264+0000] {logging_mixin.py:190} INFO - [2026-07-25T09:27:03.264+0000] {override.py:1932} INFO - Created Permission View: menu access on DAG Run:consume_1_or_2_with_dataset_expressions
[2026-07-25T09:27:03.269+0000] {logging_mixin.py:190} INFO - [2026-07-25T09:27:03.269+0000] {override.py:1932} INFO - Created Permission View: can read on DAG Run:consume_1_or_2_with_dataset_expressions
[2026-07-25T09:27:03.274+0000] {logging_mixin.py:190} INFO - [2026-07-25T09:27:03.274+0000] {override.py:1932} INFO - Created Permission View: can create on DAG Run:consume_1_or_2_with_dataset_expressions
[2026-07-25T09:27:03.279+0000] {logging_mixin.py:190} INFO - [2026-07-25T09:27:03.278+0000] {override.py:1932} INFO - Created Permission View: can delete on DAG Run:consume_1_or_2_with_dataset_expressions
[2026-07-25T09:27:03.287+0000] {logging_mixin.py:190} INFO - [2026-07-25T09:27:03.287+0000] {override.py:1932} INFO - Created Permission View: can edit on DAG:consume_1_or_both_2_and_3_with_dataset_expressions
[2026-07-25T09:27:03.292+0000] {logging_mixin.py:190} INFO - [2026-07-25T09:27:03.292+0000] {override.py:1932} INFO - Created Permission View: can read on DAG:consume_1_or_both_2_and_3_with_dataset_expressions
[2026-07-25T09:27:03.297+0000] {logging_mixin.py:190} INFO - [2026-07-25T09:27:03.297+0000] {override.py:1932} INFO - Created Permission View: can delete on DAG:consume_1_or_both_2_and_3_with_dataset_expressions
[2026-07-25T09:27:03.304+0000] {logging_mixin.py:190} INFO - [2026-07-25T09:27:03.304+0000] {override.py:1932} INFO - Created Permission View: menu access on DAG Run:consume_1_or_both_2_and_3_with_dataset_expressions
[2026-07-25T09:27:03.309+0000] {logging_mixin.py:190} INFO - [2026-07-25T09:27:03.308+0000] {override.py:1932} INFO - Created Permission View: can read on DAG Run:consume_1_or_both_2_and_3_with_dataset_expressions
[2026-07-25T09:27:03.314+0000] {logging_mixin.py:190} INFO - [2026-07-25T09:27:03.313+0000] {override.py:1932} INFO - Created Permission View: can create on DAG Run:consume_1_or_both_2_and_3_with_dataset_expressions
[2026-07-25T09:27:03.319+0000] {logging_mixin.py:190} INFO - [2026-07-25T09:27:03.319+0000] {override.py:1932} INFO - Created Permission View: can delete on DAG Run:consume_1_or_both_2_and_3_with_dataset_expressions
[2026-07-25T09:27:03.327+0000] {logging_mixin.py:190} INFO - [2026-07-25T09:27:03.327+0000] {override.py:1932} INFO - Created Permission View: can edit on DAG:consume_1_and_2_with_dataset_expressions
[2026-07-25T09:27:03.332+0000] {logging_mixin.py:190} INFO - [2026-07-25T09:27:03.332+0000] {override.py:1932} INFO - Created Permission View: can read on DAG:consume_1_and_2_with_dataset_expressions
[2026-07-25T09:27:03.337+0000] {logging_mixin.py:190} INFO - [2026-07-25T09:27:03.337+0000] {override.py:1932} INFO - Created Permission View: can delete on DAG:consume_1_and_2_with_dataset_expressions
[2026-07-25T09:27:03.342+0000] {logging_mixin.py:190} INFO - [2026-07-25T09:27:03.342+0000] {override.py:1932} INFO - Created Permission View: menu access on DAG Run:consume_1_and_2_with_dataset_expressions
[2026-07-25T09:27:03.347+0000] {logging_mixin.py:190} INFO - [2026-07-25T09:27:03.347+0000] {override.py:1932} INFO - Created Permission View: can read on DAG Run:consume_1_and_2_with_dataset_expressions
[2026-07-25T09:27:03.352+0000] {logging_mixin.py:190} INFO - [2026-07-25T09:27:03.352+0000] {override.py:1932} INFO - Created Permission View: can create on DAG Run:consume_1_and_2_with_dataset_expressions
[2026-07-25T09:27:03.356+0000] {logging_mixin.py:190} INFO - [2026-07-25T09:27:03.356+0000] {override.py:1932} INFO - Created Permission View: can delete on DAG Run:consume_1_and_2_with_dataset_expressions
[2026-07-25T09:27:03.357+0000] {logging_mixin.py:190} INFO - [2026-07-25T09:27:03.357+0000] {dag.py:3239} INFO - Sync 10 DAGs
[2026-07-25T09:27:03.365+0000] {logging_mixin.py:190} INFO - [2026-07-25T09:27:03.364+0000] {dag.py:3262} INFO - Creating ORM DAG for dataset_consumes_1_and_2
[2026-07-25T09:27:03.365+0000] {logging_mixin.py:190} INFO - [2026-07-25T09:27:03.365+0000] {dag.py:3262} INFO - Creating ORM DAG for consume_1_or_2_with_dataset_expressions
[2026-07-25T09:27:03.366+0000] {logging_mixin.py:190} INFO - [2026-07-25T09:27:03.366+0000] {dag.py:3262} INFO - Creating ORM DAG for dataset_consumes_1
[2026-07-25T09:27:03.367+0000] {logging_mixin.py:190} INFO - [2026-07-25T09:27:03.367+0000] {dag.py:3262} INFO - Creating ORM DAG for consume_1_and_2_with_dataset_expressions
[2026-07-25T09:27:03.368+0000] {logging_mixin.py:190} INFO - [2026-07-25T09:27:03.368+0000] {dag.py:3262} INFO - Creating ORM DAG for conditional_dataset_and_time_based_timetable
[2026-07-25T09:27:03.368+0000] {logging_mixin.py:190} INFO - [2026-07-25T09:27:03.368+0000] {dag.py:3262} INFO - Creating ORM DAG for dataset_consumes_1_never_scheduled
[2026-07-25T09:27:03.369+0000] {logging_mixin.py:190} INFO - [2026-07-25T09:27:03.369+0000] {dag.py:3262} INFO - Creating ORM DAG for dataset_produces_1
[2026-07-25T09:27:03.370+0000] {logging_mixin.py:190} INFO - [2026-07-25T09:27:03.370+0000] {dag.py:3262} INFO - Creating ORM DAG for dataset_produces_2
[2026-07-25T09:27:03.370+0000] {logging_mixin.py:190} INFO - [2026-07-25T09:27:03.370+0000] {dag.py:3262} INFO - Creating ORM DAG for dataset_consumes_unknown_never_scheduled
[2026-07-25T09:27:03.371+0000] {logging_mixin.py:190} INFO - [2026-07-25T09:27:03.371+0000] {dag.py:3262} INFO - Creating ORM DAG for consume_1_or_both_2_and_3_with_dataset_expressions
[2026-07-25T09:27:03.377+0000] {logging_mixin.py:190} INFO - [2026-07-25T09:27:03.377+0000] {dag.py:4180} INFO - Setting next_dagrun for conditional_dataset_and_time_based_timetable to 2026-07-22 01:00:00+00:00, run_after=2026-07-22 01:00:00+00:00
[2026-07-25T09:27:03.377+0000] {logging_mixin.py:190} INFO - [2026-07-25T09:27:03.377+0000] {dag.py:4180} INFO - Setting next_dagrun for consume_1_and_2_with_dataset_expressions to None, run_after=None
[2026-07-25T09:27:03.378+0000] {logging_mixin.py:190} INFO - [2026-07-25T09:27:03.378+0000] {dag.py:4180} INFO - Setting next_dagrun for consume_1_or_2_with_dataset_expressions to None, run_after=None
[2026-07-25T09:27:03.379+0000] {logging_mixin.py:190} INFO - [2026-07-25T09:27:03.379+0000] {dag.py:4180} INFO - Setting next_dagrun for consume_1_or_both_2_and_3_with_dataset_expressions to None, run_after=None
[2026-07-25T09:27:03.379+0000] {logging_mixin.py:190} INFO - [2026-07-25T09:27:03.379+0000] {dag.py:4180} INFO - Setting next_dagrun for dataset_consumes_1 to None, run_after=None
[2026-07-25T09:27:03.380+0000] {logging_mixin.py:190} INFO - [2026-07-25T09:27:03.380+0000] {dag.py:4180} INFO - Setting next_dagrun for dataset_consumes_1_and_2 to None, run_after=None
[2026-07-25T09:27:03.381+0000] {logging_mixin.py:190} INFO - [2026-07-25T09:27:03.380+0000] {dag.py:4180} INFO - Setting next_dagrun for dataset_consumes_1_never_scheduled to None, run_after=None
[2026-07-25T09:27:03.381+0000] {logging_mixin.py:190} INFO - [2026-07-25T09:27:03.381+0000] {dag.py:4180} INFO - Setting next_dagrun for dataset_consumes_unknown_never_scheduled to None, run_after=None
[2026-07-25T09:27:03.383+0000] {logging_mixin.py:190} INFO - [2026-07-25T09:27:03.382+0000] {dag.py:4180} INFO - Setting next_dagrun for dataset_produces_1 to 2026-07-24 00:00:00+00:00, run_after=2026-07-25 00:00:00+00:00
[2026-07-25T09:27:03.383+0000] {logging_mixin.py:190} INFO - [2026-07-25T09:27:03.383+0000] {dag.py:4180} INFO - Setting next_dagrun for dataset_produces_2 to None, run_after=None
[2026-07-25T09:27:03.408+0000] {processor.py:208} INFO - Processing /home/airflow/.local/lib/python3.12/site-packages/airflow/example_dags/example_datasets.py took 5.064 seconds
[2026-07-25T09:27:33.717+0000] {processor.py:186} INFO - Started process (PID=174) to work on /home/airflow/.local/lib/python3.12/site-packages/airflow/example_dags/example_datasets.py
[2026-07-25T09:27:33.717+0000] {processor.py:914} INFO - Processing file /home/airflow/.local/lib/python3.12/site-packages/airflow/example_dags/example_datasets.py for tasks to queue
[2026-07-25T09:27:33.719+0000] {logging_mixin.py:190} INFO - [2026-07-25T09:27:33.719+0000] {dagbag.py:588} INFO - Filling up the DagBag from /home/airflow/.local/lib/python3.12/site-packages/airflow/example_dags/example_datasets.py
[2026-07-25T09:27:38.077+0000] {processor.py:925} INFO - DAG(s) 'dataset_consumes_1_and_2', 'dataset_produces_2', 'consume_1_or_both_2_and_3_with_dataset_expressions', 'dataset_consumes_1_never_scheduled', 'dataset_consumes_1', 'conditional_dataset_and_time_based_timetable', 'dataset_consumes_unknown_never_scheduled', 'dataset_produces_1', 'consume_1_and_2_with_dataset_expressions', 'consume_1_or_2_with_dataset_expressions' retrieved from /home/airflow/.local/lib/python3.12/site-packages/airflow/example_dags/example_datasets.py
[2026-07-25T09:27:38.104+0000] {logging_mixin.py:190} INFO - [2026-07-25T09:27:38.104+0000] {dag.py:3239} INFO - Sync 10 DAGs
[2026-07-25T09:27:38.119+0000] {logging_mixin.py:190} INFO - [2026-07-25T09:27:38.118+0000] {dag.py:4180} INFO - Setting next_dagrun for conditional_dataset_and_time_based_timetable to 2026-07-22 01:00:00+00:00, run_after=2026-07-22 01:00:00+00:00
[2026-07-25T09:27:38.121+0000] {logging_mixin.py:190} INFO - [2026-07-25T09:27:38.121+0000] {dag.py:4180} INFO - Setting next_dagrun for consume_1_and_2_with_dataset_expressions to None, run_after=None
[2026-07-25T09:27:38.122+0000] {logging_mixin.py:190} INFO - [2026-07-25T09:27:38.122+0000] {dag.py:4180} INFO - Setting next_dagrun for consume_1_or_2_with_dataset_expressions to None, run_after=None
[2026-07-25T09:27:38.123+0000] {logging_mixin.py:190} INFO - [2026-07-25T09:27:38.123+0000] {dag.py:4180} INFO - Setting next_dagrun for consume_1_or_both_2_and_3_with_dataset_expressions to None, run_after=None
[2026-07-25T09:27:38.124+0000] {logging_mixin.py:190} INFO - [2026-07-25T09:27:38.124+0000] {dag.py:4180} INFO - Setting next_dagrun for dataset_consumes_1 to None, run_after=None
[2026-07-25T09:27:38.125+0000] {logging_mixin.py:190} INFO - [2026-07-25T09:27:38.125+0000] {dag.py:4180} INFO - Setting next_dagrun for dataset_consumes_1_and_2 to None, run_after=None
[2026-07-25T09:27:38.126+0000] {logging_mixin.py:190} INFO - [2026-07-25T09:27:38.126+0000] {dag.py:4180} INFO - Setting next_dagrun for dataset_consumes_1_never_scheduled to None, run_after=None
[2026-07-25T09:27:38.127+0000] {logging_mixin.py:190} INFO - [2026-07-25T09:27:38.127+0000] {dag.py:4180} INFO - Setting next_dagrun for dataset_consumes_unknown_never_scheduled to None, run_after=None
[2026-07-25T09:27:38.128+0000] {logging_mixin.py:190} INFO - [2026-07-25T09:27:38.128+0000] {dag.py:4180} INFO - Setting next_dagrun for dataset_produces_1 to 2026-07-24 00:00:00+00:00, run_after=2026-07-25 00:00:00+00:00
[2026-07-25T09:27:38.130+0000] {logging_mixin.py:190} INFO - [2026-07-25T09:27:38.129+0000] {dag.py:4180} INFO - Setting next_dagrun for dataset_produces_2 to None, run_after=None
[2026-07-25T09:27:38.152+0000] {processor.py:208} INFO - Processing /home/airflow/.local/lib/python3.12/site-packages/airflow/example_dags/example_datasets.py took 4.439 seconds
[2026-07-25T09:28:08.605+0000] {processor.py:186} INFO - Started process (PID=239) to work on /home/airflow/.local/lib/python3.12/site-packages/airflow/example_dags/example_datasets.py
[2026-07-25T09:28:08.606+0000] {processor.py:914} INFO - Processing file /home/airflow/.local/lib/python3.12/site-packages/airflow/example_dags/example_datasets.py for tasks to queue
[2026-07-25T09:28:08.608+0000] {logging_mixin.py:190} INFO - [2026-07-25T09:28:08.608+0000] {dagbag.py:588} INFO - Filling up the DagBag from /home/airflow/.local/lib/python3.12/site-packages/airflow/example_dags/example_datasets.py
[2026-07-25T09:28:12.842+0000] {processor.py:925} INFO - DAG(s) 'conditional_dataset_and_time_based_timetable', 'dataset_consumes_1_and_2', 'dataset_consumes_1_never_scheduled', 'consume_1_and_2_with_dataset_expressions', 'dataset_produces_2', 'dataset_produces_1', 'consume_1_or_2_with_dataset_expressions', 'dataset_consumes_1', 'consume_1_or_both_2_and_3_with_dataset_expressions', 'dataset_consumes_unknown_never_scheduled' retrieved from /home/airflow/.local/lib/python3.12/site-packages/airflow/example_dags/example_datasets.py
[2026-07-25T09:28:12.871+0000] {logging_mixin.py:190} INFO - [2026-07-25T09:28:12.870+0000] {dag.py:3239} INFO - Sync 10 DAGs
[2026-07-25T09:28:12.886+0000] {logging_mixin.py:190} INFO - [2026-07-25T09:28:12.886+0000] {dag.py:4180} INFO - Setting next_dagrun for conditional_dataset_and_time_based_timetable to 2026-07-22 01:00:00+00:00, run_after=2026-07-22 01:00:00+00:00
[2026-07-25T09:28:12.889+0000] {logging_mixin.py:190} INFO - [2026-07-25T09:28:12.889+0000] {dag.py:4180} INFO - Setting next_dagrun for consume_1_and_2_with_dataset_expressions to None, run_after=None
[2026-07-25T09:28:12.890+0000] {logging_mixin.py:190} INFO - [2026-07-25T09:28:12.890+0000] {dag.py:4180} INFO - Setting next_dagrun for consume_1_or_2_with_dataset_expressions to None, run_after=None
[2026-07-25T09:28:12.891+0000] {logging_mixin.py:190} INFO - [2026-07-25T09:28:12.891+0000] {dag.py:4180} INFO - Setting next_dagrun for consume_1_or_both_2_and_3_with_dataset_expressions to None, run_after=None
[2026-07-25T09:28:12.892+0000] {logging_mixin.py:190} INFO - [2026-07-25T09:28:12.892+0000] {dag.py:4180} INFO - Setting next_dagrun for dataset_consumes_1 to None, run_after=None
[2026-07-25T09:28:12.893+0000] {logging_mixin.py:190} INFO - [2026-07-25T09:28:12.893+0000] {dag.py:4180} INFO - Setting next_dagrun for dataset_consumes_1_and_2 to None, run_after=None
[2026-07-25T09:28:12.894+0000] {logging_mixin.py:190} INFO - [2026-07-25T09:28:12.894+0000] {dag.py:4180} INFO - Setting next_dagrun for dataset_consumes_1_never_scheduled to None, run_after=None
[2026-07-25T09:28:12.895+0000] {logging_mixin.py:190} INFO - [2026-07-25T09:28:12.895+0000] {dag.py:4180} INFO - Setting next_dagrun for dataset_consumes_unknown_never_scheduled to None, run_after=None
[2026-07-25T09:28:12.897+0000] {logging_mixin.py:190} INFO - [2026-07-25T09:28:12.897+0000] {dag.py:4180} INFO - Setting next_dagrun for dataset_produces_1 to 2026-07-24 00:00:00+00:00, run_after=2026-07-25 00:00:00+00:00
[2026-07-25T09:28:12.898+0000] {logging_mixin.py:190} INFO - [2026-07-25T09:28:12.898+0000] {dag.py:4180} INFO - Setting next_dagrun for dataset_produces_2 to None, run_after=None
[2026-07-25T09:28:12.926+0000] {processor.py:208} INFO - Processing /home/airflow/.local/lib/python3.12/site-packages/airflow/example_dags/example_datasets.py took 4.324 seconds
[2026-07-25T09:28:43.640+0000] {processor.py:186} INFO - Started process (PID=311) to work on /home/airflow/.local/lib/python3.12/site-packages/airflow/example_dags/example_datasets.py
[2026-07-25T09:28:43.641+0000] {processor.py:914} INFO - Processing file /home/airflow/.local/lib/python3.12/site-packages/airflow/example_dags/example_datasets.py for tasks to queue
[2026-07-25T09:28:43.643+0000] {logging_mixin.py:190} INFO - [2026-07-25T09:28:43.643+0000] {dagbag.py:588} INFO - Filling up the DagBag from /home/airflow/.local/lib/python3.12/site-packages/airflow/example_dags/example_datasets.py
[2026-07-25T09:28:48.047+0000] {processor.py:925} INFO - DAG(s) 'consume_1_or_both_2_and_3_with_dataset_expressions', 'dataset_produces_1', 'consume_1_and_2_with_dataset_expressions', 'consume_1_or_2_with_dataset_expressions', 'dataset_consumes_unknown_never_scheduled', 'dataset_consumes_1', 'conditional_dataset_and_time_based_timetable', 'dataset_produces_2', 'dataset_consumes_1_and_2', 'dataset_consumes_1_never_scheduled' retrieved from /home/airflow/.local/lib/python3.12/site-packages/airflow/example_dags/example_datasets.py
[2026-07-25T09:28:48.074+0000] {logging_mixin.py:190} INFO - [2026-07-25T09:28:48.073+0000] {dag.py:3239} INFO - Sync 10 DAGs
[2026-07-25T09:28:48.089+0000] {logging_mixin.py:190} INFO - [2026-07-25T09:28:48.089+0000] {dag.py:4180} INFO - Setting next_dagrun for conditional_dataset_and_time_based_timetable to 2026-07-22 01:00:00+00:00, run_after=2026-07-22 01:00:00+00:00
[2026-07-25T09:28:48.092+0000] {logging_mixin.py:190} INFO - [2026-07-25T09:28:48.092+0000] {dag.py:4180} INFO - Setting next_dagrun for consume_1_and_2_with_dataset_expressions to None, run_after=None
[2026-07-25T09:28:48.093+0000] {logging_mixin.py:190} INFO - [2026-07-25T09:28:48.093+0000] {dag.py:4180} INFO - Setting next_dagrun for consume_1_or_2_with_dataset_expressions to None, run_after=None
[2026-07-25T09:28:48.094+0000] {logging_mixin.py:190} INFO - [2026-07-25T09:28:48.094+0000] {dag.py:4180} INFO - Setting next_dagrun for consume_1_or_both_2_and_3_with_dataset_expressions to None, run_after=None
[2026-07-25T09:28:48.095+0000] {logging_mixin.py:190} INFO - [2026-07-25T09:28:48.095+0000] {dag.py:4180} INFO - Setting next_dagrun for dataset_consumes_1 to None, run_after=None
[2026-07-25T09:28:48.096+0000] {logging_mixin.py:190} INFO - [2026-07-25T09:28:48.096+0000] {dag.py:4180} INFO - Setting next_dagrun for dataset_consumes_1_and_2 to None, run_after=None
[2026-07-25T09:28:48.097+0000] {logging_mixin.py:190} INFO - [2026-07-25T09:28:48.097+0000] {dag.py:4180} INFO - Setting next_dagrun for dataset_consumes_1_never_scheduled to None, run_after=None
[2026-07-25T09:28:48.099+0000] {logging_mixin.py:190} INFO - [2026-07-25T09:28:48.098+0000] {dag.py:4180} INFO - Setting next_dagrun for dataset_consumes_unknown_never_scheduled to None, run_after=None
[2026-07-25T09:28:48.100+0000] {logging_mixin.py:190} INFO - [2026-07-25T09:28:48.100+0000] {dag.py:4180} INFO - Setting next_dagrun for dataset_produces_1 to 2026-07-24 00:00:00+00:00, run_after=2026-07-25 00:00:00+00:00
[2026-07-25T09:28:48.101+0000] {logging_mixin.py:190} INFO - [2026-07-25T09:28:48.101+0000] {dag.py:4180} INFO - Setting next_dagrun for dataset_produces_2 to None, run_after=None
[2026-07-25T09:28:48.123+0000] {processor.py:208} INFO - Processing /home/airflow/.local/lib/python3.12/site-packages/airflow/example_dags/example_datasets.py took 4.487 seconds
[2026-07-25T09:29:18.283+0000] {processor.py:186} INFO - Started process (PID=374) to work on /home/airflow/.local/lib/python3.12/site-packages/airflow/example_dags/example_datasets.py
[2026-07-25T09:29:18.284+0000] {processor.py:914} INFO - Processing file /home/airflow/.local/lib/python3.12/site-packages/airflow/example_dags/example_datasets.py for tasks to queue
[2026-07-25T09:29:18.286+0000] {logging_mixin.py:190} INFO - [2026-07-25T09:29:18.286+0000] {dagbag.py:588} INFO - Filling up the DagBag from /home/airflow/.local/lib/python3.12/site-packages/airflow/example_dags/example_datasets.py
[2026-07-25T09:29:22.416+0000] {processor.py:925} INFO - DAG(s) 'conditional_dataset_and_time_based_timetable', 'dataset_consumes_1', 'consume_1_and_2_with_dataset_expressions', 'dataset_consumes_unknown_never_scheduled', 'dataset_produces_1', 'dataset_consumes_1_and_2', 'consume_1_or_both_2_and_3_with_dataset_expressions', 'dataset_produces_2', 'consume_1_or_2_with_dataset_expressions', 'dataset_consumes_1_never_scheduled' retrieved from /home/airflow/.local/lib/python3.12/site-packages/airflow/example_dags/example_datasets.py
[2026-07-25T09:29:22.444+0000] {logging_mixin.py:190} INFO - [2026-07-25T09:29:22.444+0000] {dag.py:3239} INFO - Sync 10 DAGs
[2026-07-25T09:29:22.460+0000] {logging_mixin.py:190} INFO - [2026-07-25T09:29:22.460+0000] {dag.py:4180} INFO - Setting next_dagrun for conditional_dataset_and_time_based_timetable to 2026-07-22 01:00:00+00:00, run_after=2026-07-22 01:00:00+00:00
[2026-07-25T09:29:22.462+0000] {logging_mixin.py:190} INFO - [2026-07-25T09:29:22.462+0000] {dag.py:4180} INFO - Setting next_dagrun for consume_1_and_2_with_dataset_expressions to None, run_after=None
[2026-07-25T09:29:22.464+0000] {logging_mixin.py:190} INFO - [2026-07-25T09:29:22.463+0000] {dag.py:4180} INFO - Setting next_dagrun for consume_1_or_2_with_dataset_expressions to None, run_after=None
[2026-07-25T09:29:22.465+0000] {logging_mixin.py:190} INFO - [2026-07-25T09:29:22.465+0000] {dag.py:4180} INFO - Setting next_dagrun for consume_1_or_both_2_and_3_with_dataset_expressions to None, run_after=None
[2026-07-25T09:29:22.466+0000] {logging_mixin.py:190} INFO - [2026-07-25T09:29:22.466+0000] {dag.py:4180} INFO - Setting next_dagrun for dataset_consumes_1 to None, run_after=None
[2026-07-25T09:29:22.467+0000] {logging_mixin.py:190} INFO - [2026-07-25T09:29:22.467+0000] {dag.py:4180} INFO - Setting next_dagrun for dataset_consumes_1_and_2 to None, run_after=None
[2026-07-25T09:29:22.468+0000] {logging_mixin.py:190} INFO - [2026-07-25T09:29:22.468+0000] {dag.py:4180} INFO - Setting next_dagrun for dataset_consumes_1_never_scheduled to None, run_after=None
[2026-07-25T09:29:22.470+0000] {logging_mixin.py:190} INFO - [2026-07-25T09:29:22.470+0000] {dag.py:4180} INFO - Setting next_dagrun for dataset_consumes_unknown_never_scheduled to None, run_after=None
[2026-07-25T09:29:22.471+0000] {logging_mixin.py:190} INFO - [2026-07-25T09:29:22.471+0000] {dag.py:4180} INFO - Setting next_dagrun for dataset_produces_1 to 2026-07-24 00:00:00+00:00, run_after=2026-07-25 00:00:00+00:00
[2026-07-25T09:29:22.473+0000] {logging_mixin.py:190} INFO - [2026-07-25T09:29:22.473+0000] {dag.py:4180} INFO - Setting next_dagrun for dataset_produces_2 to None, run_after=None
[2026-07-25T09:29:22.499+0000] {processor.py:208} INFO - Processing /home/airflow/.local/lib/python3.12/site-packages/airflow/example_dags/example_datasets.py took 4.219 seconds
[2026-07-25T09:29:52.552+0000] {processor.py:186} INFO - Started process (PID=445) to work on /home/airflow/.local/lib/python3.12/site-packages/airflow/example_dags/example_datasets.py
[2026-07-25T09:29:52.553+0000] {processor.py:914} INFO - Processing file /home/airflow/.local/lib/python3.12/site-packages/airflow/example_dags/example_datasets.py for tasks to queue
[2026-07-25T09:29:52.556+0000] {logging_mixin.py:190} INFO - [2026-07-25T09:29:52.555+0000] {dagbag.py:588} INFO - Filling up the DagBag from /home/airflow/.local/lib/python3.12/site-packages/airflow/example_dags/example_datasets.py
[2026-07-25T09:29:57.008+0000] {processor.py:925} INFO - DAG(s) 'dataset_consumes_unknown_never_scheduled', 'dataset_consumes_1_and_2', 'consume_1_or_both_2_and_3_with_dataset_expressions', 'dataset_consumes_1_never_scheduled', 'dataset_produces_1', 'conditional_dataset_and_time_based_timetable', 'consume_1_or_2_with_dataset_expressions', 'dataset_produces_2', 'consume_1_and_2_with_dataset_expressions', 'dataset_consumes_1' retrieved from /home/airflow/.local/lib/python3.12/site-packages/airflow/example_dags/example_datasets.py
[2026-07-25T09:29:57.035+0000] {logging_mixin.py:190} INFO - [2026-07-25T09:29:57.035+0000] {dag.py:3239} INFO - Sync 10 DAGs
[2026-07-25T09:29:57.050+0000] {logging_mixin.py:190} INFO - [2026-07-25T09:29:57.050+0000] {dag.py:4180} INFO - Setting next_dagrun for conditional_dataset_and_time_based_timetable to 2026-07-22 01:00:00+00:00, run_after=2026-07-22 01:00:00+00:00
[2026-07-25T09:29:57.053+0000] {logging_mixin.py:190} INFO - [2026-07-25T09:29:57.052+0000] {dag.py:4180} INFO - Setting next_dagrun for consume_1_and_2_with_dataset_expressions to None, run_after=None
[2026-07-25T09:29:57.054+0000] {logging_mixin.py:190} INFO - [2026-07-25T09:29:57.054+0000] {dag.py:4180} INFO - Setting next_dagrun for consume_1_or_2_with_dataset_expressions to None, run_after=None
[2026-07-25T09:29:57.055+0000] {logging_mixin.py:190} INFO - [2026-07-25T09:29:57.055+0000] {dag.py:4180} INFO - Setting next_dagrun for consume_1_or_both_2_and_3_with_dataset_expressions to None, run_after=None
[2026-07-25T09:29:57.056+0000] {logging_mixin.py:190} INFO - [2026-07-25T09:29:57.056+0000] {dag.py:4180} INFO - Setting next_dagrun for dataset_consumes_1 to None, run_after=None
[2026-07-25T09:29:57.057+0000] {logging_mixin.py:190} INFO - [2026-07-25T09:29:57.057+0000] {dag.py:4180} INFO - Setting next_dagrun for dataset_consumes_1_and_2 to None, run_after=None
[2026-07-25T09:29:57.058+0000] {logging_mixin.py:190} INFO - [2026-07-25T09:29:57.058+0000] {dag.py:4180} INFO - Setting next_dagrun for dataset_consumes_1_never_scheduled to None, run_after=None
[2026-07-25T09:29:57.059+0000] {logging_mixin.py:190} INFO - [2026-07-25T09:29:57.059+0000] {dag.py:4180} INFO - Setting next_dagrun for dataset_consumes_unknown_never_scheduled to None, run_after=None
[2026-07-25T09:29:57.060+0000] {logging_mixin.py:190} INFO - [2026-07-25T09:29:57.060+0000] {dag.py:4180} INFO - Setting next_dagrun for dataset_produces_1 to 2026-07-24 00:00:00+00:00, run_after=2026-07-25 00:00:00+00:00
[2026-07-25T09:29:57.061+0000] {logging_mixin.py:190} INFO - [2026-07-25T09:29:57.061+0000] {dag.py:4180} INFO - Setting next_dagrun for dataset_produces_2 to None, run_after=None
[2026-07-25T09:29:57.097+0000] {processor.py:208} INFO - Processing /home/airflow/.local/lib/python3.12/site-packages/airflow/example_dags/example_datasets.py took 4.549 seconds
[2026-07-25T09:30:27.432+0000] {processor.py:186} INFO - Started process (PID=522) to work on /home/airflow/.local/lib/python3.12/site-packages/airflow/example_dags/example_datasets.py
[2026-07-25T09:30:27.433+0000] {processor.py:914} INFO - Processing file /home/airflow/.local/lib/python3.12/site-packages/airflow/example_dags/example_datasets.py for tasks to queue
[2026-07-25T09:30:27.434+0000] {logging_mixin.py:190} INFO - [2026-07-25T09:30:27.434+0000] {dagbag.py:588} INFO - Filling up the DagBag from /home/airflow/.local/lib/python3.12/site-packages/airflow/example_dags/example_datasets.py
[2026-07-25T09:30:31.634+0000] {processor.py:925} INFO - DAG(s) 'dataset_produces_2', 'dataset_consumes_1', 'consume_1_or_2_with_dataset_expressions', 'dataset_consumes_1_and_2', 'dataset_produces_1', 'conditional_dataset_and_time_based_timetable', 'consume_1_or_both_2_and_3_with_dataset_expressions', 'dataset_consumes_unknown_never_scheduled', 'consume_1_and_2_with_dataset_expressions', 'dataset_consumes_1_never_scheduled' retrieved from /home/airflow/.local/lib/python3.12/site-packages/airflow/example_dags/example_datasets.py
[2026-07-25T09:30:31.662+0000] {logging_mixin.py:190} INFO - [2026-07-25T09:30:31.662+0000] {dag.py:3239} INFO - Sync 10 DAGs
[2026-07-25T09:30:31.679+0000] {logging_mixin.py:190} INFO - [2026-07-25T09:30:31.678+0000] {dag.py:4180} INFO - Setting next_dagrun for conditional_dataset_and_time_based_timetable to 2026-07-22 01:00:00+00:00, run_after=2026-07-22 01:00:00+00:00
[2026-07-25T09:30:31.681+0000] {logging_mixin.py:190} INFO - [2026-07-25T09:30:31.681+0000] {dag.py:4180} INFO - Setting next_dagrun for consume_1_and_2_with_dataset_expressions to None, run_after=None
[2026-07-25T09:30:31.682+0000] {logging_mixin.py:190} INFO - [2026-07-25T09:30:31.682+0000] {dag.py:4180} INFO - Setting next_dagrun for consume_1_or_2_with_dataset_expressions to None, run_after=None
[2026-07-25T09:30:31.683+0000] {logging_mixin.py:190} INFO - [2026-07-25T09:30:31.683+0000] {dag.py:4180} INFO - Setting next_dagrun for consume_1_or_both_2_and_3_with_dataset_expressions to None, run_after=None
[2026-07-25T09:30:31.684+0000] {logging_mixin.py:190} INFO - [2026-07-25T09:30:31.684+0000] {dag.py:4180} INFO - Setting next_dagrun for dataset_consumes_1 to None, run_after=None
[2026-07-25T09:30:31.685+0000] {logging_mixin.py:190} INFO - [2026-07-25T09:30:31.685+0000] {dag.py:4180} INFO - Setting next_dagrun for dataset_consumes_1_and_2 to None, run_after=None
[2026-07-25T09:30:31.686+0000] {logging_mixin.py:190} INFO - [2026-07-25T09:30:31.686+0000] {dag.py:4180} INFO - Setting next_dagrun for dataset_consumes_1_never_scheduled to None, run_after=None
[2026-07-25T09:30:31.687+0000] {logging_mixin.py:190} INFO - [2026-07-25T09:30:31.687+0000] {dag.py:4180} INFO - Setting next_dagrun for dataset_consumes_unknown_never_scheduled to None, run_after=None
[2026-07-25T09:30:31.689+0000] {logging_mixin.py:190} INFO - [2026-07-25T09:30:31.689+0000] {dag.py:4180} INFO - Setting next_dagrun for dataset_produces_1 to 2026-07-24 00:00:00+00:00, run_after=2026-07-25 00:00:00+00:00
[2026-07-25T09:30:31.690+0000] {logging_mixin.py:190} INFO - [2026-07-25T09:30:31.690+0000] {dag.py:4180} INFO - Setting next_dagrun for dataset_produces_2 to None, run_after=None
[2026-07-25T09:30:31.717+0000] {processor.py:208} INFO - Processing /home/airflow/.local/lib/python3.12/site-packages/airflow/example_dags/example_datasets.py took 4.290 seconds
