[2026-07-25T09:42:31.111+0000] {processor.py:186} INFO - Started process (PID=159) to work on /opt/airflow/dags/hdb_pipeline.py
[2026-07-25T09:42:31.112+0000] {processor.py:914} INFO - Processing file /opt/airflow/dags/hdb_pipeline.py for tasks to queue
[2026-07-25T09:42:31.114+0000] {logging_mixin.py:190} INFO - [2026-07-25T09:42:31.114+0000] {dagbag.py:588} INFO - Filling up the DagBag from /opt/airflow/dags/hdb_pipeline.py
[2026-07-25T09:42:31.143+0000] {processor.py:925} INFO - DAG(s) 'hdb_resale_pipeline' retrieved from /opt/airflow/dags/hdb_pipeline.py
[2026-07-25T09:42:31.292+0000] {logging_mixin.py:190} INFO - [2026-07-25T09:42:31.292+0000] {override.py:1932} INFO - Created Permission View: can delete on DAG:hdb_resale_pipeline
[2026-07-25T09:42:31.299+0000] {logging_mixin.py:190} INFO - [2026-07-25T09:42:31.298+0000] {override.py:1932} INFO - Created Permission View: can edit on DAG:hdb_resale_pipeline
[2026-07-25T09:42:31.303+0000] {logging_mixin.py:190} INFO - [2026-07-25T09:42:31.303+0000] {override.py:1932} INFO - Created Permission View: can read on DAG:hdb_resale_pipeline
[2026-07-25T09:42:31.309+0000] {logging_mixin.py:190} INFO - [2026-07-25T09:42:31.309+0000] {override.py:1932} INFO - Created Permission View: can delete on DAG Run:hdb_resale_pipeline
[2026-07-25T09:42:31.314+0000] {logging_mixin.py:190} INFO - [2026-07-25T09:42:31.314+0000] {override.py:1932} INFO - Created Permission View: menu access on DAG Run:hdb_resale_pipeline
[2026-07-25T09:42:31.319+0000] {logging_mixin.py:190} INFO - [2026-07-25T09:42:31.319+0000] {override.py:1932} INFO - Created Permission View: can create on DAG Run:hdb_resale_pipeline
[2026-07-25T09:42:31.324+0000] {logging_mixin.py:190} INFO - [2026-07-25T09:42:31.324+0000] {override.py:1932} INFO - Created Permission View: can read on DAG Run:hdb_resale_pipeline
[2026-07-25T09:42:31.324+0000] {logging_mixin.py:190} INFO - [2026-07-25T09:42:31.324+0000] {dag.py:3239} INFO - Sync 1 DAGs
[2026-07-25T09:42:31.331+0000] {logging_mixin.py:190} INFO - [2026-07-25T09:42:31.331+0000] {dag.py:3262} INFO - Creating ORM DAG for hdb_resale_pipeline
[2026-07-25T09:42:31.337+0000] {logging_mixin.py:190} INFO - [2026-07-25T09:42:31.337+0000] {dag.py:4180} INFO - Setting next_dagrun for hdb_resale_pipeline to 2026-07-24 00:00:00+00:00, run_after=2026-07-25 00:00:00+00:00
[2026-07-25T09:42:31.351+0000] {processor.py:208} INFO - Processing /opt/airflow/dags/hdb_pipeline.py took 0.244 seconds
[2026-07-25T09:43:01.499+0000] {processor.py:186} INFO - Started process (PID=166) to work on /opt/airflow/dags/hdb_pipeline.py
[2026-07-25T09:43:01.499+0000] {processor.py:914} INFO - Processing file /opt/airflow/dags/hdb_pipeline.py for tasks to queue
[2026-07-25T09:43:01.501+0000] {logging_mixin.py:190} INFO - [2026-07-25T09:43:01.501+0000] {dagbag.py:588} INFO - Filling up the DagBag from /opt/airflow/dags/hdb_pipeline.py
[2026-07-25T09:43:01.516+0000] {processor.py:925} INFO - DAG(s) 'hdb_resale_pipeline' retrieved from /opt/airflow/dags/hdb_pipeline.py
[2026-07-25T09:43:01.532+0000] {logging_mixin.py:190} INFO - [2026-07-25T09:43:01.532+0000] {dag.py:3239} INFO - Sync 1 DAGs
[2026-07-25T09:43:01.545+0000] {logging_mixin.py:190} INFO - [2026-07-25T09:43:01.545+0000] {dag.py:4180} INFO - Setting next_dagrun for hdb_resale_pipeline to 2026-07-24 00:00:00+00:00, run_after=2026-07-25 00:00:00+00:00
[2026-07-25T09:43:01.557+0000] {processor.py:208} INFO - Processing /opt/airflow/dags/hdb_pipeline.py took 0.062 seconds
[2026-07-25T09:43:31.642+0000] {processor.py:186} INFO - Started process (PID=173) to work on /opt/airflow/dags/hdb_pipeline.py
[2026-07-25T09:43:31.643+0000] {processor.py:914} INFO - Processing file /opt/airflow/dags/hdb_pipeline.py for tasks to queue
[2026-07-25T09:43:31.645+0000] {logging_mixin.py:190} INFO - [2026-07-25T09:43:31.645+0000] {dagbag.py:588} INFO - Filling up the DagBag from /opt/airflow/dags/hdb_pipeline.py
[2026-07-25T09:43:31.661+0000] {processor.py:925} INFO - DAG(s) 'hdb_resale_pipeline' retrieved from /opt/airflow/dags/hdb_pipeline.py
[2026-07-25T09:43:31.677+0000] {logging_mixin.py:190} INFO - [2026-07-25T09:43:31.676+0000] {dag.py:3239} INFO - Sync 1 DAGs
[2026-07-25T09:43:31.689+0000] {logging_mixin.py:190} INFO - [2026-07-25T09:43:31.689+0000] {dag.py:4180} INFO - Setting next_dagrun for hdb_resale_pipeline to 2026-07-24 00:00:00+00:00, run_after=2026-07-25 00:00:00+00:00
[2026-07-25T09:43:31.701+0000] {processor.py:208} INFO - Processing /opt/airflow/dags/hdb_pipeline.py took 0.062 seconds
[2026-07-25T09:44:01.820+0000] {processor.py:186} INFO - Started process (PID=180) to work on /opt/airflow/dags/hdb_pipeline.py
[2026-07-25T09:44:01.821+0000] {processor.py:914} INFO - Processing file /opt/airflow/dags/hdb_pipeline.py for tasks to queue
[2026-07-25T09:44:01.823+0000] {logging_mixin.py:190} INFO - [2026-07-25T09:44:01.822+0000] {dagbag.py:588} INFO - Filling up the DagBag from /opt/airflow/dags/hdb_pipeline.py
[2026-07-25T09:44:01.839+0000] {processor.py:925} INFO - DAG(s) 'hdb_resale_pipeline' retrieved from /opt/airflow/dags/hdb_pipeline.py
[2026-07-25T09:44:01.854+0000] {logging_mixin.py:190} INFO - [2026-07-25T09:44:01.854+0000] {dag.py:3239} INFO - Sync 1 DAGs
[2026-07-25T09:44:01.868+0000] {logging_mixin.py:190} INFO - [2026-07-25T09:44:01.868+0000] {dag.py:4180} INFO - Setting next_dagrun for hdb_resale_pipeline to 2026-07-24 00:00:00+00:00, run_after=2026-07-25 00:00:00+00:00
[2026-07-25T09:44:01.879+0000] {processor.py:208} INFO - Processing /opt/airflow/dags/hdb_pipeline.py took 0.062 seconds
[2026-07-25T09:44:31.967+0000] {processor.py:186} INFO - Started process (PID=187) to work on /opt/airflow/dags/hdb_pipeline.py
[2026-07-25T09:44:31.967+0000] {processor.py:914} INFO - Processing file /opt/airflow/dags/hdb_pipeline.py for tasks to queue
[2026-07-25T09:44:31.970+0000] {logging_mixin.py:190} INFO - [2026-07-25T09:44:31.969+0000] {dagbag.py:588} INFO - Filling up the DagBag from /opt/airflow/dags/hdb_pipeline.py
[2026-07-25T09:44:31.986+0000] {processor.py:925} INFO - DAG(s) 'hdb_resale_pipeline' retrieved from /opt/airflow/dags/hdb_pipeline.py
[2026-07-25T09:44:32.002+0000] {logging_mixin.py:190} INFO - [2026-07-25T09:44:32.002+0000] {dag.py:3239} INFO - Sync 1 DAGs
[2026-07-25T09:44:32.016+0000] {logging_mixin.py:190} INFO - [2026-07-25T09:44:32.016+0000] {dag.py:4180} INFO - Setting next_dagrun for hdb_resale_pipeline to 2026-07-24 00:00:00+00:00, run_after=2026-07-25 00:00:00+00:00
[2026-07-25T09:44:32.030+0000] {processor.py:208} INFO - Processing /opt/airflow/dags/hdb_pipeline.py took 0.067 seconds
[2026-07-25T09:45:02.142+0000] {processor.py:186} INFO - Started process (PID=194) to work on /opt/airflow/dags/hdb_pipeline.py
[2026-07-25T09:45:02.143+0000] {processor.py:914} INFO - Processing file /opt/airflow/dags/hdb_pipeline.py for tasks to queue
[2026-07-25T09:45:02.145+0000] {logging_mixin.py:190} INFO - [2026-07-25T09:45:02.144+0000] {dagbag.py:588} INFO - Filling up the DagBag from /opt/airflow/dags/hdb_pipeline.py
[2026-07-25T09:45:02.159+0000] {processor.py:925} INFO - DAG(s) 'hdb_resale_pipeline' retrieved from /opt/airflow/dags/hdb_pipeline.py
[2026-07-25T09:45:02.175+0000] {logging_mixin.py:190} INFO - [2026-07-25T09:45:02.175+0000] {dag.py:3239} INFO - Sync 1 DAGs
[2026-07-25T09:45:02.189+0000] {logging_mixin.py:190} INFO - [2026-07-25T09:45:02.189+0000] {dag.py:4180} INFO - Setting next_dagrun for hdb_resale_pipeline to 2026-07-24 00:00:00+00:00, run_after=2026-07-25 00:00:00+00:00
[2026-07-25T09:45:02.200+0000] {processor.py:208} INFO - Processing /opt/airflow/dags/hdb_pipeline.py took 0.061 seconds
[2026-07-25T09:45:32.290+0000] {processor.py:186} INFO - Started process (PID=201) to work on /opt/airflow/dags/hdb_pipeline.py
[2026-07-25T09:45:32.291+0000] {processor.py:914} INFO - Processing file /opt/airflow/dags/hdb_pipeline.py for tasks to queue
[2026-07-25T09:45:32.293+0000] {logging_mixin.py:190} INFO - [2026-07-25T09:45:32.293+0000] {dagbag.py:588} INFO - Filling up the DagBag from /opt/airflow/dags/hdb_pipeline.py
[2026-07-25T09:45:32.308+0000] {processor.py:925} INFO - DAG(s) 'hdb_resale_pipeline' retrieved from /opt/airflow/dags/hdb_pipeline.py
[2026-07-25T09:45:32.323+0000] {logging_mixin.py:190} INFO - [2026-07-25T09:45:32.323+0000] {dag.py:3239} INFO - Sync 1 DAGs
[2026-07-25T09:45:32.337+0000] {logging_mixin.py:190} INFO - [2026-07-25T09:45:32.337+0000] {dag.py:4180} INFO - Setting next_dagrun for hdb_resale_pipeline to 2026-07-24 00:00:00+00:00, run_after=2026-07-25 00:00:00+00:00
[2026-07-25T09:45:32.348+0000] {processor.py:208} INFO - Processing /opt/airflow/dags/hdb_pipeline.py took 0.062 seconds
[2026-07-25T09:46:02.455+0000] {processor.py:186} INFO - Started process (PID=208) to work on /opt/airflow/dags/hdb_pipeline.py
[2026-07-25T09:46:02.456+0000] {processor.py:914} INFO - Processing file /opt/airflow/dags/hdb_pipeline.py for tasks to queue
[2026-07-25T09:46:02.458+0000] {logging_mixin.py:190} INFO - [2026-07-25T09:46:02.458+0000] {dagbag.py:588} INFO - Filling up the DagBag from /opt/airflow/dags/hdb_pipeline.py
[2026-07-25T09:46:02.473+0000] {processor.py:925} INFO - DAG(s) 'hdb_resale_pipeline' retrieved from /opt/airflow/dags/hdb_pipeline.py
[2026-07-25T09:46:02.490+0000] {logging_mixin.py:190} INFO - [2026-07-25T09:46:02.490+0000] {dag.py:3239} INFO - Sync 1 DAGs
[2026-07-25T09:46:02.506+0000] {logging_mixin.py:190} INFO - [2026-07-25T09:46:02.506+0000] {dag.py:4180} INFO - Setting next_dagrun for hdb_resale_pipeline to 2026-07-24 00:00:00+00:00, run_after=2026-07-25 00:00:00+00:00
[2026-07-25T09:46:02.518+0000] {processor.py:208} INFO - Processing /opt/airflow/dags/hdb_pipeline.py took 0.067 seconds
[2026-07-25T09:46:15.534+0000] {processor.py:186} INFO - Started process (PID=215) to work on /opt/airflow/dags/hdb_pipeline.py
[2026-07-25T09:46:15.535+0000] {processor.py:914} INFO - Processing file /opt/airflow/dags/hdb_pipeline.py for tasks to queue
[2026-07-25T09:46:15.537+0000] {logging_mixin.py:190} INFO - [2026-07-25T09:46:15.537+0000] {dagbag.py:588} INFO - Filling up the DagBag from /opt/airflow/dags/hdb_pipeline.py
[2026-07-25T09:46:15.561+0000] {processor.py:925} INFO - DAG(s) 'hdb_resale_pipeline' retrieved from /opt/airflow/dags/hdb_pipeline.py
[2026-07-25T09:46:15.578+0000] {logging_mixin.py:190} INFO - [2026-07-25T09:46:15.578+0000] {dag.py:3239} INFO - Sync 1 DAGs
[2026-07-25T09:46:15.591+0000] {logging_mixin.py:190} INFO - [2026-07-25T09:46:15.591+0000] {dag.py:4180} INFO - Setting next_dagrun for hdb_resale_pipeline to 2026-07-24 00:00:00+00:00, run_after=2026-07-25 00:00:00+00:00
[2026-07-25T09:46:15.605+0000] {processor.py:208} INFO - Processing /opt/airflow/dags/hdb_pipeline.py took 0.074 seconds
[2026-07-25T09:46:45.728+0000] {processor.py:186} INFO - Started process (PID=222) to work on /opt/airflow/dags/hdb_pipeline.py
[2026-07-25T09:46:45.729+0000] {processor.py:914} INFO - Processing file /opt/airflow/dags/hdb_pipeline.py for tasks to queue
[2026-07-25T09:46:45.731+0000] {logging_mixin.py:190} INFO - [2026-07-25T09:46:45.731+0000] {dagbag.py:588} INFO - Filling up the DagBag from /opt/airflow/dags/hdb_pipeline.py
[2026-07-25T09:46:45.746+0000] {processor.py:925} INFO - DAG(s) 'hdb_resale_pipeline' retrieved from /opt/airflow/dags/hdb_pipeline.py
[2026-07-25T09:46:45.762+0000] {logging_mixin.py:190} INFO - [2026-07-25T09:46:45.762+0000] {dag.py:3239} INFO - Sync 1 DAGs
[2026-07-25T09:46:45.775+0000] {logging_mixin.py:190} INFO - [2026-07-25T09:46:45.774+0000] {dag.py:4180} INFO - Setting next_dagrun for hdb_resale_pipeline to 2026-07-24 00:00:00+00:00, run_after=2026-07-25 00:00:00+00:00
[2026-07-25T09:46:45.786+0000] {processor.py:208} INFO - Processing /opt/airflow/dags/hdb_pipeline.py took 0.061 seconds
[2026-07-25T09:47:15.890+0000] {processor.py:186} INFO - Started process (PID=229) to work on /opt/airflow/dags/hdb_pipeline.py
[2026-07-25T09:47:15.891+0000] {processor.py:914} INFO - Processing file /opt/airflow/dags/hdb_pipeline.py for tasks to queue
[2026-07-25T09:47:15.893+0000] {logging_mixin.py:190} INFO - [2026-07-25T09:47:15.893+0000] {dagbag.py:588} INFO - Filling up the DagBag from /opt/airflow/dags/hdb_pipeline.py
[2026-07-25T09:47:15.909+0000] {processor.py:925} INFO - DAG(s) 'hdb_resale_pipeline' retrieved from /opt/airflow/dags/hdb_pipeline.py
[2026-07-25T09:47:15.931+0000] {logging_mixin.py:190} INFO - [2026-07-25T09:47:15.931+0000] {dag.py:3239} INFO - Sync 1 DAGs
[2026-07-25T09:47:15.947+0000] {logging_mixin.py:190} INFO - [2026-07-25T09:47:15.947+0000] {dag.py:4180} INFO - Setting next_dagrun for hdb_resale_pipeline to 2026-07-24 00:00:00+00:00, run_after=2026-07-25 00:00:00+00:00
[2026-07-25T09:47:15.960+0000] {processor.py:208} INFO - Processing /opt/airflow/dags/hdb_pipeline.py took 0.073 seconds
[2026-07-25T09:47:46.074+0000] {processor.py:186} INFO - Started process (PID=236) to work on /opt/airflow/dags/hdb_pipeline.py
[2026-07-25T09:47:46.075+0000] {processor.py:914} INFO - Processing file /opt/airflow/dags/hdb_pipeline.py for tasks to queue
[2026-07-25T09:47:46.078+0000] {logging_mixin.py:190} INFO - [2026-07-25T09:47:46.077+0000] {dagbag.py:588} INFO - Filling up the DagBag from /opt/airflow/dags/hdb_pipeline.py
[2026-07-25T09:47:46.093+0000] {processor.py:925} INFO - DAG(s) 'hdb_resale_pipeline' retrieved from /opt/airflow/dags/hdb_pipeline.py
[2026-07-25T09:47:46.109+0000] {logging_mixin.py:190} INFO - [2026-07-25T09:47:46.109+0000] {dag.py:3239} INFO - Sync 1 DAGs
[2026-07-25T09:47:46.122+0000] {logging_mixin.py:190} INFO - [2026-07-25T09:47:46.122+0000] {dag.py:4180} INFO - Setting next_dagrun for hdb_resale_pipeline to 2026-07-24 00:00:00+00:00, run_after=2026-07-25 00:00:00+00:00
[2026-07-25T09:47:46.134+0000] {processor.py:208} INFO - Processing /opt/airflow/dags/hdb_pipeline.py took 0.064 seconds
[2026-07-25T09:48:16.222+0000] {processor.py:186} INFO - Started process (PID=243) to work on /opt/airflow/dags/hdb_pipeline.py
[2026-07-25T09:48:16.223+0000] {processor.py:914} INFO - Processing file /opt/airflow/dags/hdb_pipeline.py for tasks to queue
[2026-07-25T09:48:16.225+0000] {logging_mixin.py:190} INFO - [2026-07-25T09:48:16.225+0000] {dagbag.py:588} INFO - Filling up the DagBag from /opt/airflow/dags/hdb_pipeline.py
[2026-07-25T09:48:16.241+0000] {processor.py:925} INFO - DAG(s) 'hdb_resale_pipeline' retrieved from /opt/airflow/dags/hdb_pipeline.py
[2026-07-25T09:48:16.256+0000] {logging_mixin.py:190} INFO - [2026-07-25T09:48:16.256+0000] {dag.py:3239} INFO - Sync 1 DAGs
[2026-07-25T09:48:16.269+0000] {logging_mixin.py:190} INFO - [2026-07-25T09:48:16.269+0000] {dag.py:4180} INFO - Setting next_dagrun for hdb_resale_pipeline to 2026-07-24 00:00:00+00:00, run_after=2026-07-25 00:00:00+00:00
[2026-07-25T09:48:16.281+0000] {processor.py:208} INFO - Processing /opt/airflow/dags/hdb_pipeline.py took 0.063 seconds
[2026-07-25T09:48:46.397+0000] {processor.py:186} INFO - Started process (PID=250) to work on /opt/airflow/dags/hdb_pipeline.py
[2026-07-25T09:48:46.398+0000] {processor.py:914} INFO - Processing file /opt/airflow/dags/hdb_pipeline.py for tasks to queue
[2026-07-25T09:48:46.401+0000] {logging_mixin.py:190} INFO - [2026-07-25T09:48:46.401+0000] {dagbag.py:588} INFO - Filling up the DagBag from /opt/airflow/dags/hdb_pipeline.py
[2026-07-25T09:48:46.420+0000] {processor.py:925} INFO - DAG(s) 'hdb_resale_pipeline' retrieved from /opt/airflow/dags/hdb_pipeline.py
[2026-07-25T09:48:46.438+0000] {logging_mixin.py:190} INFO - [2026-07-25T09:48:46.438+0000] {dag.py:3239} INFO - Sync 1 DAGs
[2026-07-25T09:48:46.453+0000] {logging_mixin.py:190} INFO - [2026-07-25T09:48:46.453+0000] {dag.py:4180} INFO - Setting next_dagrun for hdb_resale_pipeline to 2026-07-24 00:00:00+00:00, run_after=2026-07-25 00:00:00+00:00
[2026-07-25T09:48:46.465+0000] {processor.py:208} INFO - Processing /opt/airflow/dags/hdb_pipeline.py took 0.073 seconds
[2026-07-25T09:49:16.543+0000] {processor.py:186} INFO - Started process (PID=257) to work on /opt/airflow/dags/hdb_pipeline.py
[2026-07-25T09:49:16.544+0000] {processor.py:914} INFO - Processing file /opt/airflow/dags/hdb_pipeline.py for tasks to queue
[2026-07-25T09:49:16.546+0000] {logging_mixin.py:190} INFO - [2026-07-25T09:49:16.546+0000] {dagbag.py:588} INFO - Filling up the DagBag from /opt/airflow/dags/hdb_pipeline.py
[2026-07-25T09:49:16.561+0000] {processor.py:925} INFO - DAG(s) 'hdb_resale_pipeline' retrieved from /opt/airflow/dags/hdb_pipeline.py
[2026-07-25T09:49:16.578+0000] {logging_mixin.py:190} INFO - [2026-07-25T09:49:16.578+0000] {dag.py:3239} INFO - Sync 1 DAGs
[2026-07-25T09:49:16.592+0000] {logging_mixin.py:190} INFO - [2026-07-25T09:49:16.592+0000] {dag.py:4180} INFO - Setting next_dagrun for hdb_resale_pipeline to 2026-07-24 00:00:00+00:00, run_after=2026-07-25 00:00:00+00:00
[2026-07-25T09:49:16.603+0000] {processor.py:208} INFO - Processing /opt/airflow/dags/hdb_pipeline.py took 0.063 seconds
[2026-07-25T09:49:46.733+0000] {processor.py:186} INFO - Started process (PID=264) to work on /opt/airflow/dags/hdb_pipeline.py
[2026-07-25T09:49:46.734+0000] {processor.py:914} INFO - Processing file /opt/airflow/dags/hdb_pipeline.py for tasks to queue
[2026-07-25T09:49:46.736+0000] {logging_mixin.py:190} INFO - [2026-07-25T09:49:46.736+0000] {dagbag.py:588} INFO - Filling up the DagBag from /opt/airflow/dags/hdb_pipeline.py
[2026-07-25T09:49:46.751+0000] {processor.py:925} INFO - DAG(s) 'hdb_resale_pipeline' retrieved from /opt/airflow/dags/hdb_pipeline.py
[2026-07-25T09:49:46.768+0000] {logging_mixin.py:190} INFO - [2026-07-25T09:49:46.768+0000] {dag.py:3239} INFO - Sync 1 DAGs
[2026-07-25T09:49:46.782+0000] {logging_mixin.py:190} INFO - [2026-07-25T09:49:46.782+0000] {dag.py:4180} INFO - Setting next_dagrun for hdb_resale_pipeline to 2026-07-24 00:00:00+00:00, run_after=2026-07-25 00:00:00+00:00
[2026-07-25T09:49:46.795+0000] {processor.py:208} INFO - Processing /opt/airflow/dags/hdb_pipeline.py took 0.065 seconds
[2026-07-25T09:50:16.886+0000] {processor.py:186} INFO - Started process (PID=271) to work on /opt/airflow/dags/hdb_pipeline.py
[2026-07-25T09:50:16.887+0000] {processor.py:914} INFO - Processing file /opt/airflow/dags/hdb_pipeline.py for tasks to queue
[2026-07-25T09:50:16.888+0000] {logging_mixin.py:190} INFO - [2026-07-25T09:50:16.888+0000] {dagbag.py:588} INFO - Filling up the DagBag from /opt/airflow/dags/hdb_pipeline.py
[2026-07-25T09:50:16.904+0000] {processor.py:925} INFO - DAG(s) 'hdb_resale_pipeline' retrieved from /opt/airflow/dags/hdb_pipeline.py
[2026-07-25T09:50:16.920+0000] {logging_mixin.py:190} INFO - [2026-07-25T09:50:16.920+0000] {dag.py:3239} INFO - Sync 1 DAGs
[2026-07-25T09:50:16.934+0000] {logging_mixin.py:190} INFO - [2026-07-25T09:50:16.934+0000] {dag.py:4180} INFO - Setting next_dagrun for hdb_resale_pipeline to 2026-07-24 00:00:00+00:00, run_after=2026-07-25 00:00:00+00:00
[2026-07-25T09:50:16.946+0000] {processor.py:208} INFO - Processing /opt/airflow/dags/hdb_pipeline.py took 0.064 seconds
[2026-07-25T09:50:47.057+0000] {processor.py:186} INFO - Started process (PID=278) to work on /opt/airflow/dags/hdb_pipeline.py
[2026-07-25T09:50:47.057+0000] {processor.py:914} INFO - Processing file /opt/airflow/dags/hdb_pipeline.py for tasks to queue
[2026-07-25T09:50:47.059+0000] {logging_mixin.py:190} INFO - [2026-07-25T09:50:47.059+0000] {dagbag.py:588} INFO - Filling up the DagBag from /opt/airflow/dags/hdb_pipeline.py
[2026-07-25T09:50:47.075+0000] {processor.py:925} INFO - DAG(s) 'hdb_resale_pipeline' retrieved from /opt/airflow/dags/hdb_pipeline.py
[2026-07-25T09:50:47.091+0000] {logging_mixin.py:190} INFO - [2026-07-25T09:50:47.090+0000] {dag.py:3239} INFO - Sync 1 DAGs
[2026-07-25T09:50:47.104+0000] {logging_mixin.py:190} INFO - [2026-07-25T09:50:47.103+0000] {dag.py:4180} INFO - Setting next_dagrun for hdb_resale_pipeline to 2026-07-24 00:00:00+00:00, run_after=2026-07-25 00:00:00+00:00
[2026-07-25T09:50:47.115+0000] {processor.py:208} INFO - Processing /opt/airflow/dags/hdb_pipeline.py took 0.062 seconds
[2026-07-25T09:51:17.210+0000] {processor.py:186} INFO - Started process (PID=285) to work on /opt/airflow/dags/hdb_pipeline.py
[2026-07-25T09:51:17.211+0000] {processor.py:914} INFO - Processing file /opt/airflow/dags/hdb_pipeline.py for tasks to queue
[2026-07-25T09:51:17.213+0000] {logging_mixin.py:190} INFO - [2026-07-25T09:51:17.213+0000] {dagbag.py:588} INFO - Filling up the DagBag from /opt/airflow/dags/hdb_pipeline.py
[2026-07-25T09:51:17.228+0000] {processor.py:925} INFO - DAG(s) 'hdb_resale_pipeline' retrieved from /opt/airflow/dags/hdb_pipeline.py
[2026-07-25T09:51:17.244+0000] {logging_mixin.py:190} INFO - [2026-07-25T09:51:17.244+0000] {dag.py:3239} INFO - Sync 1 DAGs
[2026-07-25T09:51:17.257+0000] {logging_mixin.py:190} INFO - [2026-07-25T09:51:17.257+0000] {dag.py:4180} INFO - Setting next_dagrun for hdb_resale_pipeline to 2026-07-24 00:00:00+00:00, run_after=2026-07-25 00:00:00+00:00
[2026-07-25T09:51:17.269+0000] {processor.py:208} INFO - Processing /opt/airflow/dags/hdb_pipeline.py took 0.063 seconds
[2026-07-25T09:51:47.381+0000] {processor.py:186} INFO - Started process (PID=292) to work on /opt/airflow/dags/hdb_pipeline.py
[2026-07-25T09:51:47.382+0000] {processor.py:914} INFO - Processing file /opt/airflow/dags/hdb_pipeline.py for tasks to queue
[2026-07-25T09:51:47.384+0000] {logging_mixin.py:190} INFO - [2026-07-25T09:51:47.384+0000] {dagbag.py:588} INFO - Filling up the DagBag from /opt/airflow/dags/hdb_pipeline.py
[2026-07-25T09:51:47.400+0000] {processor.py:925} INFO - DAG(s) 'hdb_resale_pipeline' retrieved from /opt/airflow/dags/hdb_pipeline.py
[2026-07-25T09:51:47.418+0000] {logging_mixin.py:190} INFO - [2026-07-25T09:51:47.418+0000] {dag.py:3239} INFO - Sync 1 DAGs
[2026-07-25T09:51:47.432+0000] {logging_mixin.py:190} INFO - [2026-07-25T09:51:47.432+0000] {dag.py:4180} INFO - Setting next_dagrun for hdb_resale_pipeline to 2026-07-24 00:00:00+00:00, run_after=2026-07-25 00:00:00+00:00
[2026-07-25T09:51:47.444+0000] {processor.py:208} INFO - Processing /opt/airflow/dags/hdb_pipeline.py took 0.066 seconds
[2026-07-25T09:52:17.531+0000] {processor.py:186} INFO - Started process (PID=299) to work on /opt/airflow/dags/hdb_pipeline.py
[2026-07-25T09:52:17.532+0000] {processor.py:914} INFO - Processing file /opt/airflow/dags/hdb_pipeline.py for tasks to queue
[2026-07-25T09:52:17.535+0000] {logging_mixin.py:190} INFO - [2026-07-25T09:52:17.534+0000] {dagbag.py:588} INFO - Filling up the DagBag from /opt/airflow/dags/hdb_pipeline.py
[2026-07-25T09:52:17.550+0000] {processor.py:925} INFO - DAG(s) 'hdb_resale_pipeline' retrieved from /opt/airflow/dags/hdb_pipeline.py
[2026-07-25T09:52:17.566+0000] {logging_mixin.py:190} INFO - [2026-07-25T09:52:17.566+0000] {dag.py:3239} INFO - Sync 1 DAGs
[2026-07-25T09:52:17.579+0000] {logging_mixin.py:190} INFO - [2026-07-25T09:52:17.579+0000] {dag.py:4180} INFO - Setting next_dagrun for hdb_resale_pipeline to 2026-07-24 00:00:00+00:00, run_after=2026-07-25 00:00:00+00:00
[2026-07-25T09:52:17.590+0000] {processor.py:208} INFO - Processing /opt/airflow/dags/hdb_pipeline.py took 0.062 seconds
[2026-07-25T09:52:47.720+0000] {processor.py:186} INFO - Started process (PID=306) to work on /opt/airflow/dags/hdb_pipeline.py
[2026-07-25T09:52:47.720+0000] {processor.py:914} INFO - Processing file /opt/airflow/dags/hdb_pipeline.py for tasks to queue
[2026-07-25T09:52:47.723+0000] {logging_mixin.py:190} INFO - [2026-07-25T09:52:47.723+0000] {dagbag.py:588} INFO - Filling up the DagBag from /opt/airflow/dags/hdb_pipeline.py
[2026-07-25T09:52:47.737+0000] {processor.py:925} INFO - DAG(s) 'hdb_resale_pipeline' retrieved from /opt/airflow/dags/hdb_pipeline.py
[2026-07-25T09:52:47.754+0000] {logging_mixin.py:190} INFO - [2026-07-25T09:52:47.754+0000] {dag.py:3239} INFO - Sync 1 DAGs
[2026-07-25T09:52:47.768+0000] {logging_mixin.py:190} INFO - [2026-07-25T09:52:47.768+0000] {dag.py:4180} INFO - Setting next_dagrun for hdb_resale_pipeline to 2026-07-24 00:00:00+00:00, run_after=2026-07-25 00:00:00+00:00
[2026-07-25T09:52:47.779+0000] {processor.py:208} INFO - Processing /opt/airflow/dags/hdb_pipeline.py took 0.063 seconds
[2026-07-25T09:53:17.865+0000] {processor.py:186} INFO - Started process (PID=313) to work on /opt/airflow/dags/hdb_pipeline.py
[2026-07-25T09:53:17.866+0000] {processor.py:914} INFO - Processing file /opt/airflow/dags/hdb_pipeline.py for tasks to queue
[2026-07-25T09:53:17.868+0000] {logging_mixin.py:190} INFO - [2026-07-25T09:53:17.867+0000] {dagbag.py:588} INFO - Filling up the DagBag from /opt/airflow/dags/hdb_pipeline.py
[2026-07-25T09:53:17.884+0000] {processor.py:925} INFO - DAG(s) 'hdb_resale_pipeline' retrieved from /opt/airflow/dags/hdb_pipeline.py
[2026-07-25T09:53:17.901+0000] {logging_mixin.py:190} INFO - [2026-07-25T09:53:17.901+0000] {dag.py:3239} INFO - Sync 1 DAGs
[2026-07-25T09:53:17.916+0000] {logging_mixin.py:190} INFO - [2026-07-25T09:53:17.915+0000] {dag.py:4180} INFO - Setting next_dagrun for hdb_resale_pipeline to 2026-07-24 00:00:00+00:00, run_after=2026-07-25 00:00:00+00:00
[2026-07-25T09:53:17.930+0000] {processor.py:208} INFO - Processing /opt/airflow/dags/hdb_pipeline.py took 0.070 seconds
[2026-07-25T09:53:48.039+0000] {processor.py:186} INFO - Started process (PID=320) to work on /opt/airflow/dags/hdb_pipeline.py
[2026-07-25T09:53:48.040+0000] {processor.py:914} INFO - Processing file /opt/airflow/dags/hdb_pipeline.py for tasks to queue
[2026-07-25T09:53:48.042+0000] {logging_mixin.py:190} INFO - [2026-07-25T09:53:48.042+0000] {dagbag.py:588} INFO - Filling up the DagBag from /opt/airflow/dags/hdb_pipeline.py
[2026-07-25T09:53:48.059+0000] {processor.py:925} INFO - DAG(s) 'hdb_resale_pipeline' retrieved from /opt/airflow/dags/hdb_pipeline.py
[2026-07-25T09:53:48.075+0000] {logging_mixin.py:190} INFO - [2026-07-25T09:53:48.075+0000] {dag.py:3239} INFO - Sync 1 DAGs
[2026-07-25T09:53:48.088+0000] {logging_mixin.py:190} INFO - [2026-07-25T09:53:48.088+0000] {dag.py:4180} INFO - Setting next_dagrun for hdb_resale_pipeline to 2026-07-24 00:00:00+00:00, run_after=2026-07-25 00:00:00+00:00
[2026-07-25T09:53:48.101+0000] {processor.py:208} INFO - Processing /opt/airflow/dags/hdb_pipeline.py took 0.065 seconds
[2026-07-25T09:54:18.185+0000] {processor.py:186} INFO - Started process (PID=327) to work on /opt/airflow/dags/hdb_pipeline.py
[2026-07-25T09:54:18.186+0000] {processor.py:914} INFO - Processing file /opt/airflow/dags/hdb_pipeline.py for tasks to queue
[2026-07-25T09:54:18.187+0000] {logging_mixin.py:190} INFO - [2026-07-25T09:54:18.187+0000] {dagbag.py:588} INFO - Filling up the DagBag from /opt/airflow/dags/hdb_pipeline.py
[2026-07-25T09:54:18.202+0000] {processor.py:925} INFO - DAG(s) 'hdb_resale_pipeline' retrieved from /opt/airflow/dags/hdb_pipeline.py
[2026-07-25T09:54:18.218+0000] {logging_mixin.py:190} INFO - [2026-07-25T09:54:18.218+0000] {dag.py:3239} INFO - Sync 1 DAGs
[2026-07-25T09:54:18.231+0000] {logging_mixin.py:190} INFO - [2026-07-25T09:54:18.231+0000] {dag.py:4180} INFO - Setting next_dagrun for hdb_resale_pipeline to 2026-07-24 00:00:00+00:00, run_after=2026-07-25 00:00:00+00:00
[2026-07-25T09:54:18.243+0000] {processor.py:208} INFO - Processing /opt/airflow/dags/hdb_pipeline.py took 0.061 seconds
[2026-07-25T09:54:48.363+0000] {processor.py:186} INFO - Started process (PID=334) to work on /opt/airflow/dags/hdb_pipeline.py
[2026-07-25T09:54:48.364+0000] {processor.py:914} INFO - Processing file /opt/airflow/dags/hdb_pipeline.py for tasks to queue
[2026-07-25T09:54:48.366+0000] {logging_mixin.py:190} INFO - [2026-07-25T09:54:48.365+0000] {dagbag.py:588} INFO - Filling up the DagBag from /opt/airflow/dags/hdb_pipeline.py
[2026-07-25T09:54:48.380+0000] {processor.py:925} INFO - DAG(s) 'hdb_resale_pipeline' retrieved from /opt/airflow/dags/hdb_pipeline.py
[2026-07-25T09:54:48.396+0000] {logging_mixin.py:190} INFO - [2026-07-25T09:54:48.396+0000] {dag.py:3239} INFO - Sync 1 DAGs
[2026-07-25T09:54:48.409+0000] {logging_mixin.py:190} INFO - [2026-07-25T09:54:48.409+0000] {dag.py:4180} INFO - Setting next_dagrun for hdb_resale_pipeline to 2026-07-24 00:00:00+00:00, run_after=2026-07-25 00:00:00+00:00
[2026-07-25T09:54:48.420+0000] {processor.py:208} INFO - Processing /opt/airflow/dags/hdb_pipeline.py took 0.061 seconds
[2026-07-25T09:55:18.512+0000] {processor.py:186} INFO - Started process (PID=341) to work on /opt/airflow/dags/hdb_pipeline.py
[2026-07-25T09:55:18.513+0000] {processor.py:914} INFO - Processing file /opt/airflow/dags/hdb_pipeline.py for tasks to queue
[2026-07-25T09:55:18.515+0000] {logging_mixin.py:190} INFO - [2026-07-25T09:55:18.515+0000] {dagbag.py:588} INFO - Filling up the DagBag from /opt/airflow/dags/hdb_pipeline.py
[2026-07-25T09:55:18.532+0000] {processor.py:925} INFO - DAG(s) 'hdb_resale_pipeline' retrieved from /opt/airflow/dags/hdb_pipeline.py
[2026-07-25T09:55:18.549+0000] {logging_mixin.py:190} INFO - [2026-07-25T09:55:18.549+0000] {dag.py:3239} INFO - Sync 1 DAGs
[2026-07-25T09:55:18.563+0000] {logging_mixin.py:190} INFO - [2026-07-25T09:55:18.563+0000] {dag.py:4180} INFO - Setting next_dagrun for hdb_resale_pipeline to 2026-07-24 00:00:00+00:00, run_after=2026-07-25 00:00:00+00:00
[2026-07-25T09:55:18.575+0000] {processor.py:208} INFO - Processing /opt/airflow/dags/hdb_pipeline.py took 0.066 seconds
[2026-07-25T09:55:48.688+0000] {processor.py:186} INFO - Started process (PID=348) to work on /opt/airflow/dags/hdb_pipeline.py
[2026-07-25T09:55:48.688+0000] {processor.py:914} INFO - Processing file /opt/airflow/dags/hdb_pipeline.py for tasks to queue
[2026-07-25T09:55:48.690+0000] {logging_mixin.py:190} INFO - [2026-07-25T09:55:48.690+0000] {dagbag.py:588} INFO - Filling up the DagBag from /opt/airflow/dags/hdb_pipeline.py
[2026-07-25T09:55:48.705+0000] {processor.py:925} INFO - DAG(s) 'hdb_resale_pipeline' retrieved from /opt/airflow/dags/hdb_pipeline.py
[2026-07-25T09:55:48.721+0000] {logging_mixin.py:190} INFO - [2026-07-25T09:55:48.721+0000] {dag.py:3239} INFO - Sync 1 DAGs
[2026-07-25T09:55:48.734+0000] {logging_mixin.py:190} INFO - [2026-07-25T09:55:48.734+0000] {dag.py:4180} INFO - Setting next_dagrun for hdb_resale_pipeline to 2026-07-24 00:00:00+00:00, run_after=2026-07-25 00:00:00+00:00
[2026-07-25T09:55:48.746+0000] {processor.py:208} INFO - Processing /opt/airflow/dags/hdb_pipeline.py took 0.062 seconds
[2026-07-25T09:56:18.839+0000] {processor.py:186} INFO - Started process (PID=355) to work on /opt/airflow/dags/hdb_pipeline.py
[2026-07-25T09:56:18.840+0000] {processor.py:914} INFO - Processing file /opt/airflow/dags/hdb_pipeline.py for tasks to queue
[2026-07-25T09:56:18.842+0000] {logging_mixin.py:190} INFO - [2026-07-25T09:56:18.842+0000] {dagbag.py:588} INFO - Filling up the DagBag from /opt/airflow/dags/hdb_pipeline.py
[2026-07-25T09:56:18.858+0000] {processor.py:925} INFO - DAG(s) 'hdb_resale_pipeline' retrieved from /opt/airflow/dags/hdb_pipeline.py
[2026-07-25T09:56:18.874+0000] {logging_mixin.py:190} INFO - [2026-07-25T09:56:18.874+0000] {dag.py:3239} INFO - Sync 1 DAGs
[2026-07-25T09:56:18.888+0000] {logging_mixin.py:190} INFO - [2026-07-25T09:56:18.888+0000] {dag.py:4180} INFO - Setting next_dagrun for hdb_resale_pipeline to 2026-07-24 00:00:00+00:00, run_after=2026-07-25 00:00:00+00:00
[2026-07-25T09:56:18.900+0000] {processor.py:208} INFO - Processing /opt/airflow/dags/hdb_pipeline.py took 0.064 seconds
[2026-07-25T09:56:49.011+0000] {processor.py:186} INFO - Started process (PID=362) to work on /opt/airflow/dags/hdb_pipeline.py
[2026-07-25T09:56:49.011+0000] {processor.py:914} INFO - Processing file /opt/airflow/dags/hdb_pipeline.py for tasks to queue
[2026-07-25T09:56:49.014+0000] {logging_mixin.py:190} INFO - [2026-07-25T09:56:49.014+0000] {dagbag.py:588} INFO - Filling up the DagBag from /opt/airflow/dags/hdb_pipeline.py
[2026-07-25T09:56:49.029+0000] {processor.py:925} INFO - DAG(s) 'hdb_resale_pipeline' retrieved from /opt/airflow/dags/hdb_pipeline.py
[2026-07-25T09:56:49.045+0000] {logging_mixin.py:190} INFO - [2026-07-25T09:56:49.045+0000] {dag.py:3239} INFO - Sync 1 DAGs
[2026-07-25T09:56:49.058+0000] {logging_mixin.py:190} INFO - [2026-07-25T09:56:49.058+0000] {dag.py:4180} INFO - Setting next_dagrun for hdb_resale_pipeline to 2026-07-24 00:00:00+00:00, run_after=2026-07-25 00:00:00+00:00
[2026-07-25T09:56:49.070+0000] {processor.py:208} INFO - Processing /opt/airflow/dags/hdb_pipeline.py took 0.062 seconds
[2026-07-25T09:57:19.158+0000] {processor.py:186} INFO - Started process (PID=369) to work on /opt/airflow/dags/hdb_pipeline.py
[2026-07-25T09:57:19.159+0000] {processor.py:914} INFO - Processing file /opt/airflow/dags/hdb_pipeline.py for tasks to queue
[2026-07-25T09:57:19.161+0000] {logging_mixin.py:190} INFO - [2026-07-25T09:57:19.160+0000] {dagbag.py:588} INFO - Filling up the DagBag from /opt/airflow/dags/hdb_pipeline.py
[2026-07-25T09:57:19.176+0000] {processor.py:925} INFO - DAG(s) 'hdb_resale_pipeline' retrieved from /opt/airflow/dags/hdb_pipeline.py
[2026-07-25T09:57:19.192+0000] {logging_mixin.py:190} INFO - [2026-07-25T09:57:19.192+0000] {dag.py:3239} INFO - Sync 1 DAGs
[2026-07-25T09:57:19.205+0000] {logging_mixin.py:190} INFO - [2026-07-25T09:57:19.205+0000] {dag.py:4180} INFO - Setting next_dagrun for hdb_resale_pipeline to 2026-07-24 00:00:00+00:00, run_after=2026-07-25 00:00:00+00:00
[2026-07-25T09:57:19.217+0000] {processor.py:208} INFO - Processing /opt/airflow/dags/hdb_pipeline.py took 0.062 seconds
[2026-07-25T09:57:49.350+0000] {processor.py:186} INFO - Started process (PID=376) to work on /opt/airflow/dags/hdb_pipeline.py
[2026-07-25T09:57:49.351+0000] {processor.py:914} INFO - Processing file /opt/airflow/dags/hdb_pipeline.py for tasks to queue
[2026-07-25T09:57:49.353+0000] {logging_mixin.py:190} INFO - [2026-07-25T09:57:49.353+0000] {dagbag.py:588} INFO - Filling up the DagBag from /opt/airflow/dags/hdb_pipeline.py
[2026-07-25T09:57:49.368+0000] {processor.py:925} INFO - DAG(s) 'hdb_resale_pipeline' retrieved from /opt/airflow/dags/hdb_pipeline.py
[2026-07-25T09:57:49.384+0000] {logging_mixin.py:190} INFO - [2026-07-25T09:57:49.383+0000] {dag.py:3239} INFO - Sync 1 DAGs
[2026-07-25T09:57:49.396+0000] {logging_mixin.py:190} INFO - [2026-07-25T09:57:49.396+0000] {dag.py:4180} INFO - Setting next_dagrun for hdb_resale_pipeline to 2026-07-24 00:00:00+00:00, run_after=2026-07-25 00:00:00+00:00
[2026-07-25T09:57:49.407+0000] {processor.py:208} INFO - Processing /opt/airflow/dags/hdb_pipeline.py took 0.060 seconds
[2026-07-25T09:58:15.479+0000] {processor.py:186} INFO - Started process (PID=383) to work on /opt/airflow/dags/hdb_pipeline.py
[2026-07-25T09:58:15.480+0000] {processor.py:914} INFO - Processing file /opt/airflow/dags/hdb_pipeline.py for tasks to queue
[2026-07-25T09:58:15.482+0000] {logging_mixin.py:190} INFO - [2026-07-25T09:58:15.482+0000] {dagbag.py:588} INFO - Filling up the DagBag from /opt/airflow/dags/hdb_pipeline.py
[2026-07-25T09:58:16.602+0000] {processor.py:925} INFO - DAG(s) 'hdb_resale_pipeline' retrieved from /opt/airflow/dags/hdb_pipeline.py
[2026-07-25T09:58:16.666+0000] {logging_mixin.py:190} INFO - [2026-07-25T09:58:16.665+0000] {dag.py:3239} INFO - Sync 1 DAGs
[2026-07-25T09:58:16.677+0000] {logging_mixin.py:190} INFO - [2026-07-25T09:58:16.677+0000] {dag.py:4180} INFO - Setting next_dagrun for hdb_resale_pipeline to 2026-07-24 00:00:00+00:00, run_after=2026-07-25 00:00:00+00:00
[2026-07-25T09:58:16.691+0000] {processor.py:208} INFO - Processing /opt/airflow/dags/hdb_pipeline.py took 1.215 seconds
[2026-07-25T09:58:46.846+0000] {processor.py:186} INFO - Started process (PID=406) to work on /opt/airflow/dags/hdb_pipeline.py
[2026-07-25T09:58:46.847+0000] {processor.py:914} INFO - Processing file /opt/airflow/dags/hdb_pipeline.py for tasks to queue
[2026-07-25T09:58:46.849+0000] {logging_mixin.py:190} INFO - [2026-07-25T09:58:46.849+0000] {dagbag.py:588} INFO - Filling up the DagBag from /opt/airflow/dags/hdb_pipeline.py
[2026-07-25T09:58:47.231+0000] {processor.py:925} INFO - DAG(s) 'hdb_resale_pipeline' retrieved from /opt/airflow/dags/hdb_pipeline.py
[2026-07-25T09:58:47.244+0000] {logging_mixin.py:190} INFO - [2026-07-25T09:58:47.244+0000] {dag.py:3239} INFO - Sync 1 DAGs
[2026-07-25T09:58:47.256+0000] {logging_mixin.py:190} INFO - [2026-07-25T09:58:47.256+0000] {dag.py:4180} INFO - Setting next_dagrun for hdb_resale_pipeline to 2026-07-24 00:00:00+00:00, run_after=2026-07-25 00:00:00+00:00
[2026-07-25T09:58:47.266+0000] {processor.py:208} INFO - Processing /opt/airflow/dags/hdb_pipeline.py took 0.424 seconds
[2026-07-25T09:58:50.317+0000] {processor.py:186} INFO - Started process (PID=423) to work on /opt/airflow/dags/hdb_pipeline.py
[2026-07-25T09:58:50.318+0000] {processor.py:914} INFO - Processing file /opt/airflow/dags/hdb_pipeline.py for tasks to queue
[2026-07-25T09:58:50.320+0000] {logging_mixin.py:190} INFO - [2026-07-25T09:58:50.320+0000] {dagbag.py:588} INFO - Filling up the DagBag from /opt/airflow/dags/hdb_pipeline.py
[2026-07-25T09:58:50.707+0000] {processor.py:925} INFO - DAG(s) 'hdb_resale_pipeline' retrieved from /opt/airflow/dags/hdb_pipeline.py
[2026-07-25T09:58:50.721+0000] {logging_mixin.py:190} INFO - [2026-07-25T09:58:50.721+0000] {dag.py:3239} INFO - Sync 1 DAGs
[2026-07-25T09:58:50.733+0000] {logging_mixin.py:190} INFO - [2026-07-25T09:58:50.733+0000] {dag.py:4180} INFO - Setting next_dagrun for hdb_resale_pipeline to 2026-07-24 00:00:00+00:00, run_after=2026-07-25 00:00:00+00:00
[2026-07-25T09:58:50.748+0000] {processor.py:208} INFO - Processing /opt/airflow/dags/hdb_pipeline.py took 0.435 seconds
[2026-07-25T09:59:20.912+0000] {processor.py:186} INFO - Started process (PID=446) to work on /opt/airflow/dags/hdb_pipeline.py
[2026-07-25T09:59:20.913+0000] {processor.py:914} INFO - Processing file /opt/airflow/dags/hdb_pipeline.py for tasks to queue
[2026-07-25T09:59:20.915+0000] {logging_mixin.py:190} INFO - [2026-07-25T09:59:20.915+0000] {dagbag.py:588} INFO - Filling up the DagBag from /opt/airflow/dags/hdb_pipeline.py
[2026-07-25T09:59:21.335+0000] {processor.py:925} INFO - DAG(s) 'hdb_resale_pipeline' retrieved from /opt/airflow/dags/hdb_pipeline.py
[2026-07-25T09:59:21.350+0000] {logging_mixin.py:190} INFO - [2026-07-25T09:59:21.350+0000] {dag.py:3239} INFO - Sync 1 DAGs
[2026-07-25T09:59:21.362+0000] {logging_mixin.py:190} INFO - [2026-07-25T09:59:21.362+0000] {dag.py:4180} INFO - Setting next_dagrun for hdb_resale_pipeline to 2026-07-24 00:00:00+00:00, run_after=2026-07-25 00:00:00+00:00
[2026-07-25T09:59:21.373+0000] {processor.py:208} INFO - Processing /opt/airflow/dags/hdb_pipeline.py took 0.465 seconds
[2026-07-25T09:59:51.541+0000] {processor.py:186} INFO - Started process (PID=470) to work on /opt/airflow/dags/hdb_pipeline.py
[2026-07-25T09:59:51.542+0000] {processor.py:914} INFO - Processing file /opt/airflow/dags/hdb_pipeline.py for tasks to queue
[2026-07-25T09:59:51.544+0000] {logging_mixin.py:190} INFO - [2026-07-25T09:59:51.543+0000] {dagbag.py:588} INFO - Filling up the DagBag from /opt/airflow/dags/hdb_pipeline.py
[2026-07-25T09:59:51.920+0000] {processor.py:925} INFO - DAG(s) 'hdb_resale_pipeline' retrieved from /opt/airflow/dags/hdb_pipeline.py
[2026-07-25T09:59:51.934+0000] {logging_mixin.py:190} INFO - [2026-07-25T09:59:51.934+0000] {dag.py:3239} INFO - Sync 1 DAGs
[2026-07-25T09:59:51.946+0000] {logging_mixin.py:190} INFO - [2026-07-25T09:59:51.946+0000] {dag.py:4180} INFO - Setting next_dagrun for hdb_resale_pipeline to 2026-07-24 00:00:00+00:00, run_after=2026-07-25 00:00:00+00:00
[2026-07-25T09:59:51.964+0000] {processor.py:208} INFO - Processing /opt/airflow/dags/hdb_pipeline.py took 0.427 seconds
[2026-07-25T10:00:22.124+0000] {processor.py:186} INFO - Started process (PID=493) to work on /opt/airflow/dags/hdb_pipeline.py
[2026-07-25T10:00:22.125+0000] {processor.py:914} INFO - Processing file /opt/airflow/dags/hdb_pipeline.py for tasks to queue
[2026-07-25T10:00:22.127+0000] {logging_mixin.py:190} INFO - [2026-07-25T10:00:22.127+0000] {dagbag.py:588} INFO - Filling up the DagBag from /opt/airflow/dags/hdb_pipeline.py
[2026-07-25T10:00:22.491+0000] {processor.py:925} INFO - DAG(s) 'hdb_resale_pipeline' retrieved from /opt/airflow/dags/hdb_pipeline.py
[2026-07-25T10:00:22.505+0000] {logging_mixin.py:190} INFO - [2026-07-25T10:00:22.505+0000] {dag.py:3239} INFO - Sync 1 DAGs
[2026-07-25T10:00:22.517+0000] {logging_mixin.py:190} INFO - [2026-07-25T10:00:22.517+0000] {dag.py:4180} INFO - Setting next_dagrun for hdb_resale_pipeline to 2026-07-24 00:00:00+00:00, run_after=2026-07-25 00:00:00+00:00
[2026-07-25T10:00:22.527+0000] {processor.py:208} INFO - Processing /opt/airflow/dags/hdb_pipeline.py took 0.406 seconds
[2026-07-25T10:00:52.683+0000] {processor.py:186} INFO - Started process (PID=516) to work on /opt/airflow/dags/hdb_pipeline.py
[2026-07-25T10:00:52.684+0000] {processor.py:914} INFO - Processing file /opt/airflow/dags/hdb_pipeline.py for tasks to queue
[2026-07-25T10:00:52.686+0000] {logging_mixin.py:190} INFO - [2026-07-25T10:00:52.685+0000] {dagbag.py:588} INFO - Filling up the DagBag from /opt/airflow/dags/hdb_pipeline.py
[2026-07-25T10:00:53.098+0000] {processor.py:925} INFO - DAG(s) 'hdb_resale_pipeline' retrieved from /opt/airflow/dags/hdb_pipeline.py
[2026-07-25T10:00:53.112+0000] {logging_mixin.py:190} INFO - [2026-07-25T10:00:53.112+0000] {dag.py:3239} INFO - Sync 1 DAGs
[2026-07-25T10:00:53.123+0000] {logging_mixin.py:190} INFO - [2026-07-25T10:00:53.123+0000] {dag.py:4180} INFO - Setting next_dagrun for hdb_resale_pipeline to 2026-07-24 00:00:00+00:00, run_after=2026-07-25 00:00:00+00:00
[2026-07-25T10:00:53.133+0000] {processor.py:208} INFO - Processing /opt/airflow/dags/hdb_pipeline.py took 0.454 seconds
[2026-07-25T10:01:23.297+0000] {processor.py:186} INFO - Started process (PID=539) to work on /opt/airflow/dags/hdb_pipeline.py
[2026-07-25T10:01:23.298+0000] {processor.py:914} INFO - Processing file /opt/airflow/dags/hdb_pipeline.py for tasks to queue
[2026-07-25T10:01:23.300+0000] {logging_mixin.py:190} INFO - [2026-07-25T10:01:23.300+0000] {dagbag.py:588} INFO - Filling up the DagBag from /opt/airflow/dags/hdb_pipeline.py
[2026-07-25T10:01:23.687+0000] {processor.py:925} INFO - DAG(s) 'hdb_resale_pipeline' retrieved from /opt/airflow/dags/hdb_pipeline.py
[2026-07-25T10:01:23.701+0000] {logging_mixin.py:190} INFO - [2026-07-25T10:01:23.701+0000] {dag.py:3239} INFO - Sync 1 DAGs
[2026-07-25T10:01:23.713+0000] {logging_mixin.py:190} INFO - [2026-07-25T10:01:23.713+0000] {dag.py:4180} INFO - Setting next_dagrun for hdb_resale_pipeline to 2026-07-24 00:00:00+00:00, run_after=2026-07-25 00:00:00+00:00
[2026-07-25T10:01:23.723+0000] {processor.py:208} INFO - Processing /opt/airflow/dags/hdb_pipeline.py took 0.430 seconds
[2026-07-25T10:01:53.885+0000] {processor.py:186} INFO - Started process (PID=562) to work on /opt/airflow/dags/hdb_pipeline.py
[2026-07-25T10:01:53.886+0000] {processor.py:914} INFO - Processing file /opt/airflow/dags/hdb_pipeline.py for tasks to queue
[2026-07-25T10:01:53.888+0000] {logging_mixin.py:190} INFO - [2026-07-25T10:01:53.888+0000] {dagbag.py:588} INFO - Filling up the DagBag from /opt/airflow/dags/hdb_pipeline.py
[2026-07-25T10:01:54.258+0000] {processor.py:925} INFO - DAG(s) 'hdb_resale_pipeline' retrieved from /opt/airflow/dags/hdb_pipeline.py
[2026-07-25T10:01:54.272+0000] {logging_mixin.py:190} INFO - [2026-07-25T10:01:54.272+0000] {dag.py:3239} INFO - Sync 1 DAGs
[2026-07-25T10:01:54.284+0000] {logging_mixin.py:190} INFO - [2026-07-25T10:01:54.284+0000] {dag.py:4180} INFO - Setting next_dagrun for hdb_resale_pipeline to 2026-07-24 00:00:00+00:00, run_after=2026-07-25 00:00:00+00:00
[2026-07-25T10:01:54.296+0000] {processor.py:208} INFO - Processing /opt/airflow/dags/hdb_pipeline.py took 0.414 seconds
[2026-07-25T10:02:24.456+0000] {processor.py:186} INFO - Started process (PID=585) to work on /opt/airflow/dags/hdb_pipeline.py
[2026-07-25T10:02:24.457+0000] {processor.py:914} INFO - Processing file /opt/airflow/dags/hdb_pipeline.py for tasks to queue
[2026-07-25T10:02:24.458+0000] {logging_mixin.py:190} INFO - [2026-07-25T10:02:24.458+0000] {dagbag.py:588} INFO - Filling up the DagBag from /opt/airflow/dags/hdb_pipeline.py
[2026-07-25T10:02:24.836+0000] {processor.py:925} INFO - DAG(s) 'hdb_resale_pipeline' retrieved from /opt/airflow/dags/hdb_pipeline.py
[2026-07-25T10:02:24.850+0000] {logging_mixin.py:190} INFO - [2026-07-25T10:02:24.850+0000] {dag.py:3239} INFO - Sync 1 DAGs
[2026-07-25T10:02:24.862+0000] {logging_mixin.py:190} INFO - [2026-07-25T10:02:24.862+0000] {dag.py:4180} INFO - Setting next_dagrun for hdb_resale_pipeline to 2026-07-24 00:00:00+00:00, run_after=2026-07-25 00:00:00+00:00
[2026-07-25T10:02:24.872+0000] {processor.py:208} INFO - Processing /opt/airflow/dags/hdb_pipeline.py took 0.420 seconds
[2026-07-25T10:11:55.669+0000] {processor.py:186} INFO - Started process (PID=39) to work on /opt/airflow/dags/hdb_pipeline.py
[2026-07-25T10:11:55.670+0000] {processor.py:914} INFO - Processing file /opt/airflow/dags/hdb_pipeline.py for tasks to queue
[2026-07-25T10:11:55.673+0000] {logging_mixin.py:190} INFO - [2026-07-25T10:11:55.673+0000] {dagbag.py:588} INFO - Filling up the DagBag from /opt/airflow/dags/hdb_pipeline.py
[2026-07-25T10:11:57.250+0000] {processor.py:925} INFO - DAG(s) 'hdb_resale_pipeline' retrieved from /opt/airflow/dags/hdb_pipeline.py
[2026-07-25T10:11:57.277+0000] {logging_mixin.py:190} INFO - [2026-07-25T10:11:57.276+0000] {dag.py:3239} INFO - Sync 1 DAGs
[2026-07-25T10:11:57.296+0000] {logging_mixin.py:190} INFO - [2026-07-25T10:11:57.296+0000] {dag.py:4180} INFO - Setting next_dagrun for hdb_resale_pipeline to 2026-07-24 00:00:00+00:00, run_after=2026-07-25 00:00:00+00:00
[2026-07-25T10:11:57.310+0000] {processor.py:208} INFO - Processing /opt/airflow/dags/hdb_pipeline.py took 1.645 seconds
[2026-07-25T10:12:27.478+0000] {processor.py:186} INFO - Started process (PID=69) to work on /opt/airflow/dags/hdb_pipeline.py
[2026-07-25T10:12:27.479+0000] {processor.py:914} INFO - Processing file /opt/airflow/dags/hdb_pipeline.py for tasks to queue
[2026-07-25T10:12:27.482+0000] {logging_mixin.py:190} INFO - [2026-07-25T10:12:27.481+0000] {dagbag.py:588} INFO - Filling up the DagBag from /opt/airflow/dags/hdb_pipeline.py
[2026-07-25T10:12:27.996+0000] {processor.py:925} INFO - DAG(s) 'hdb_resale_pipeline' retrieved from /opt/airflow/dags/hdb_pipeline.py
[2026-07-25T10:12:28.013+0000] {logging_mixin.py:190} INFO - [2026-07-25T10:12:28.012+0000] {dag.py:3239} INFO - Sync 1 DAGs
[2026-07-25T10:12:28.026+0000] {logging_mixin.py:190} INFO - [2026-07-25T10:12:28.026+0000] {dag.py:4180} INFO - Setting next_dagrun for hdb_resale_pipeline to 2026-07-25 00:00:00+00:00, run_after=2026-07-26 00:00:00+00:00
[2026-07-25T10:12:28.039+0000] {processor.py:208} INFO - Processing /opt/airflow/dags/hdb_pipeline.py took 0.566 seconds
[2026-07-25T10:12:58.180+0000] {processor.py:186} INFO - Started process (PID=92) to work on /opt/airflow/dags/hdb_pipeline.py
[2026-07-25T10:12:58.181+0000] {processor.py:914} INFO - Processing file /opt/airflow/dags/hdb_pipeline.py for tasks to queue
[2026-07-25T10:12:58.182+0000] {logging_mixin.py:190} INFO - [2026-07-25T10:12:58.182+0000] {dagbag.py:588} INFO - Filling up the DagBag from /opt/airflow/dags/hdb_pipeline.py
[2026-07-25T10:12:58.581+0000] {processor.py:925} INFO - DAG(s) 'hdb_resale_pipeline' retrieved from /opt/airflow/dags/hdb_pipeline.py
[2026-07-25T10:12:58.595+0000] {logging_mixin.py:190} INFO - [2026-07-25T10:12:58.594+0000] {dag.py:3239} INFO - Sync 1 DAGs
[2026-07-25T10:12:58.608+0000] {logging_mixin.py:190} INFO - [2026-07-25T10:12:58.607+0000] {dag.py:4180} INFO - Setting next_dagrun for hdb_resale_pipeline to 2026-07-25 00:00:00+00:00, run_after=2026-07-26 00:00:00+00:00
[2026-07-25T10:12:58.624+0000] {processor.py:208} INFO - Processing /opt/airflow/dags/hdb_pipeline.py took 0.448 seconds
[2026-07-25T10:13:28.766+0000] {processor.py:186} INFO - Started process (PID=115) to work on /opt/airflow/dags/hdb_pipeline.py
[2026-07-25T10:13:28.767+0000] {processor.py:914} INFO - Processing file /opt/airflow/dags/hdb_pipeline.py for tasks to queue
[2026-07-25T10:13:28.769+0000] {logging_mixin.py:190} INFO - [2026-07-25T10:13:28.769+0000] {dagbag.py:588} INFO - Filling up the DagBag from /opt/airflow/dags/hdb_pipeline.py
[2026-07-25T10:13:29.121+0000] {processor.py:925} INFO - DAG(s) 'hdb_resale_pipeline' retrieved from /opt/airflow/dags/hdb_pipeline.py
[2026-07-25T10:13:29.134+0000] {logging_mixin.py:190} INFO - [2026-07-25T10:13:29.134+0000] {dag.py:3239} INFO - Sync 1 DAGs
[2026-07-25T10:13:29.146+0000] {logging_mixin.py:190} INFO - [2026-07-25T10:13:29.146+0000] {dag.py:4180} INFO - Setting next_dagrun for hdb_resale_pipeline to 2026-07-25 00:00:00+00:00, run_after=2026-07-26 00:00:00+00:00
[2026-07-25T10:13:29.156+0000] {processor.py:208} INFO - Processing /opt/airflow/dags/hdb_pipeline.py took 0.395 seconds
[2026-07-25T10:13:59.302+0000] {processor.py:186} INFO - Started process (PID=138) to work on /opt/airflow/dags/hdb_pipeline.py
[2026-07-25T10:13:59.302+0000] {processor.py:914} INFO - Processing file /opt/airflow/dags/hdb_pipeline.py for tasks to queue
[2026-07-25T10:13:59.304+0000] {logging_mixin.py:190} INFO - [2026-07-25T10:13:59.304+0000] {dagbag.py:588} INFO - Filling up the DagBag from /opt/airflow/dags/hdb_pipeline.py
[2026-07-25T10:13:59.683+0000] {processor.py:925} INFO - DAG(s) 'hdb_resale_pipeline' retrieved from /opt/airflow/dags/hdb_pipeline.py
[2026-07-25T10:13:59.698+0000] {logging_mixin.py:190} INFO - [2026-07-25T10:13:59.698+0000] {dag.py:3239} INFO - Sync 1 DAGs
[2026-07-25T10:13:59.710+0000] {logging_mixin.py:190} INFO - [2026-07-25T10:13:59.710+0000] {dag.py:4180} INFO - Setting next_dagrun for hdb_resale_pipeline to 2026-07-25 00:00:00+00:00, run_after=2026-07-26 00:00:00+00:00
[2026-07-25T10:13:59.721+0000] {processor.py:208} INFO - Processing /opt/airflow/dags/hdb_pipeline.py took 0.423 seconds
[2026-07-25T10:14:29.868+0000] {processor.py:186} INFO - Started process (PID=161) to work on /opt/airflow/dags/hdb_pipeline.py
[2026-07-25T10:14:29.869+0000] {processor.py:914} INFO - Processing file /opt/airflow/dags/hdb_pipeline.py for tasks to queue
[2026-07-25T10:14:29.871+0000] {logging_mixin.py:190} INFO - [2026-07-25T10:14:29.871+0000] {dagbag.py:588} INFO - Filling up the DagBag from /opt/airflow/dags/hdb_pipeline.py
[2026-07-25T10:14:30.286+0000] {processor.py:925} INFO - DAG(s) 'hdb_resale_pipeline' retrieved from /opt/airflow/dags/hdb_pipeline.py
[2026-07-25T10:14:30.299+0000] {logging_mixin.py:190} INFO - [2026-07-25T10:14:30.299+0000] {dag.py:3239} INFO - Sync 1 DAGs
[2026-07-25T10:14:30.311+0000] {logging_mixin.py:190} INFO - [2026-07-25T10:14:30.311+0000] {dag.py:4180} INFO - Setting next_dagrun for hdb_resale_pipeline to 2026-07-25 00:00:00+00:00, run_after=2026-07-26 00:00:00+00:00
[2026-07-25T10:14:30.321+0000] {processor.py:208} INFO - Processing /opt/airflow/dags/hdb_pipeline.py took 0.459 seconds
[2026-07-25T10:15:00.467+0000] {processor.py:186} INFO - Started process (PID=185) to work on /opt/airflow/dags/hdb_pipeline.py
[2026-07-25T10:15:00.468+0000] {processor.py:914} INFO - Processing file /opt/airflow/dags/hdb_pipeline.py for tasks to queue
[2026-07-25T10:15:00.470+0000] {logging_mixin.py:190} INFO - [2026-07-25T10:15:00.470+0000] {dagbag.py:588} INFO - Filling up the DagBag from /opt/airflow/dags/hdb_pipeline.py
[2026-07-25T10:15:00.855+0000] {processor.py:925} INFO - DAG(s) 'hdb_resale_pipeline' retrieved from /opt/airflow/dags/hdb_pipeline.py
[2026-07-25T10:15:00.870+0000] {logging_mixin.py:190} INFO - [2026-07-25T10:15:00.870+0000] {dag.py:3239} INFO - Sync 1 DAGs
[2026-07-25T10:15:00.883+0000] {logging_mixin.py:190} INFO - [2026-07-25T10:15:00.883+0000] {dag.py:4180} INFO - Setting next_dagrun for hdb_resale_pipeline to 2026-07-25 00:00:00+00:00, run_after=2026-07-26 00:00:00+00:00
[2026-07-25T10:15:00.894+0000] {processor.py:208} INFO - Processing /opt/airflow/dags/hdb_pipeline.py took 0.430 seconds
[2026-07-25T10:15:31.035+0000] {processor.py:186} INFO - Started process (PID=208) to work on /opt/airflow/dags/hdb_pipeline.py
[2026-07-25T10:15:31.036+0000] {processor.py:914} INFO - Processing file /opt/airflow/dags/hdb_pipeline.py for tasks to queue
[2026-07-25T10:15:31.038+0000] {logging_mixin.py:190} INFO - [2026-07-25T10:15:31.038+0000] {dagbag.py:588} INFO - Filling up the DagBag from /opt/airflow/dags/hdb_pipeline.py
[2026-07-25T10:15:31.404+0000] {processor.py:925} INFO - DAG(s) 'hdb_resale_pipeline' retrieved from /opt/airflow/dags/hdb_pipeline.py
[2026-07-25T10:15:31.418+0000] {logging_mixin.py:190} INFO - [2026-07-25T10:15:31.418+0000] {dag.py:3239} INFO - Sync 1 DAGs
[2026-07-25T10:15:31.431+0000] {logging_mixin.py:190} INFO - [2026-07-25T10:15:31.431+0000] {dag.py:4180} INFO - Setting next_dagrun for hdb_resale_pipeline to 2026-07-25 00:00:00+00:00, run_after=2026-07-26 00:00:00+00:00
[2026-07-25T10:15:31.442+0000] {processor.py:208} INFO - Processing /opt/airflow/dags/hdb_pipeline.py took 0.410 seconds
[2026-07-25T10:16:01.588+0000] {processor.py:186} INFO - Started process (PID=231) to work on /opt/airflow/dags/hdb_pipeline.py
[2026-07-25T10:16:01.589+0000] {processor.py:914} INFO - Processing file /opt/airflow/dags/hdb_pipeline.py for tasks to queue
[2026-07-25T10:16:01.591+0000] {logging_mixin.py:190} INFO - [2026-07-25T10:16:01.591+0000] {dagbag.py:588} INFO - Filling up the DagBag from /opt/airflow/dags/hdb_pipeline.py
[2026-07-25T10:16:01.979+0000] {processor.py:925} INFO - DAG(s) 'hdb_resale_pipeline' retrieved from /opt/airflow/dags/hdb_pipeline.py
[2026-07-25T10:16:01.993+0000] {logging_mixin.py:190} INFO - [2026-07-25T10:16:01.993+0000] {dag.py:3239} INFO - Sync 1 DAGs
[2026-07-25T10:16:02.005+0000] {logging_mixin.py:190} INFO - [2026-07-25T10:16:02.005+0000] {dag.py:4180} INFO - Setting next_dagrun for hdb_resale_pipeline to 2026-07-25 00:00:00+00:00, run_after=2026-07-26 00:00:00+00:00
[2026-07-25T10:16:02.015+0000] {processor.py:208} INFO - Processing /opt/airflow/dags/hdb_pipeline.py took 0.431 seconds
[2026-07-25T10:16:32.153+0000] {processor.py:186} INFO - Started process (PID=254) to work on /opt/airflow/dags/hdb_pipeline.py
[2026-07-25T10:16:32.153+0000] {processor.py:914} INFO - Processing file /opt/airflow/dags/hdb_pipeline.py for tasks to queue
[2026-07-25T10:16:32.155+0000] {logging_mixin.py:190} INFO - [2026-07-25T10:16:32.155+0000] {dagbag.py:588} INFO - Filling up the DagBag from /opt/airflow/dags/hdb_pipeline.py
[2026-07-25T10:16:32.521+0000] {processor.py:925} INFO - DAG(s) 'hdb_resale_pipeline' retrieved from /opt/airflow/dags/hdb_pipeline.py
[2026-07-25T10:16:32.535+0000] {logging_mixin.py:190} INFO - [2026-07-25T10:16:32.535+0000] {dag.py:3239} INFO - Sync 1 DAGs
[2026-07-25T10:16:32.547+0000] {logging_mixin.py:190} INFO - [2026-07-25T10:16:32.547+0000] {dag.py:4180} INFO - Setting next_dagrun for hdb_resale_pipeline to 2026-07-25 00:00:00+00:00, run_after=2026-07-26 00:00:00+00:00
[2026-07-25T10:16:32.558+0000] {processor.py:208} INFO - Processing /opt/airflow/dags/hdb_pipeline.py took 0.409 seconds
[2026-07-25T10:17:02.721+0000] {processor.py:186} INFO - Started process (PID=277) to work on /opt/airflow/dags/hdb_pipeline.py
[2026-07-25T10:17:02.721+0000] {processor.py:914} INFO - Processing file /opt/airflow/dags/hdb_pipeline.py for tasks to queue
[2026-07-25T10:17:02.723+0000] {logging_mixin.py:190} INFO - [2026-07-25T10:17:02.723+0000] {dagbag.py:588} INFO - Filling up the DagBag from /opt/airflow/dags/hdb_pipeline.py
[2026-07-25T10:17:03.092+0000] {processor.py:925} INFO - DAG(s) 'hdb_resale_pipeline' retrieved from /opt/airflow/dags/hdb_pipeline.py
[2026-07-25T10:17:03.105+0000] {logging_mixin.py:190} INFO - [2026-07-25T10:17:03.105+0000] {dag.py:3239} INFO - Sync 1 DAGs
[2026-07-25T10:17:03.117+0000] {logging_mixin.py:190} INFO - [2026-07-25T10:17:03.117+0000] {dag.py:4180} INFO - Setting next_dagrun for hdb_resale_pipeline to 2026-07-25 00:00:00+00:00, run_after=2026-07-26 00:00:00+00:00
[2026-07-25T10:17:03.137+0000] {processor.py:208} INFO - Processing /opt/airflow/dags/hdb_pipeline.py took 0.420 seconds
[2026-07-25T10:17:33.280+0000] {processor.py:186} INFO - Started process (PID=300) to work on /opt/airflow/dags/hdb_pipeline.py
[2026-07-25T10:17:33.281+0000] {processor.py:914} INFO - Processing file /opt/airflow/dags/hdb_pipeline.py for tasks to queue
[2026-07-25T10:17:33.282+0000] {logging_mixin.py:190} INFO - [2026-07-25T10:17:33.282+0000] {dagbag.py:588} INFO - Filling up the DagBag from /opt/airflow/dags/hdb_pipeline.py
[2026-07-25T10:17:33.647+0000] {processor.py:925} INFO - DAG(s) 'hdb_resale_pipeline' retrieved from /opt/airflow/dags/hdb_pipeline.py
[2026-07-25T10:17:33.660+0000] {logging_mixin.py:190} INFO - [2026-07-25T10:17:33.660+0000] {dag.py:3239} INFO - Sync 1 DAGs
[2026-07-25T10:17:33.672+0000] {logging_mixin.py:190} INFO - [2026-07-25T10:17:33.672+0000] {dag.py:4180} INFO - Setting next_dagrun for hdb_resale_pipeline to 2026-07-25 00:00:00+00:00, run_after=2026-07-26 00:00:00+00:00
[2026-07-25T10:17:33.682+0000] {processor.py:208} INFO - Processing /opt/airflow/dags/hdb_pipeline.py took 0.406 seconds
[2026-07-25T10:18:03.824+0000] {processor.py:186} INFO - Started process (PID=323) to work on /opt/airflow/dags/hdb_pipeline.py
[2026-07-25T10:18:03.824+0000] {processor.py:914} INFO - Processing file /opt/airflow/dags/hdb_pipeline.py for tasks to queue
[2026-07-25T10:18:03.826+0000] {logging_mixin.py:190} INFO - [2026-07-25T10:18:03.826+0000] {dagbag.py:588} INFO - Filling up the DagBag from /opt/airflow/dags/hdb_pipeline.py
[2026-07-25T10:18:04.080+0000] {processor.py:925} INFO - DAG(s) 'hdb_resale_pipeline' retrieved from /opt/airflow/dags/hdb_pipeline.py
[2026-07-25T10:18:04.203+0000] {logging_mixin.py:190} INFO - [2026-07-25T10:18:04.203+0000] {dag.py:3239} INFO - Sync 1 DAGs
[2026-07-25T10:18:04.214+0000] {logging_mixin.py:190} INFO - [2026-07-25T10:18:04.214+0000] {dag.py:4180} INFO - Setting next_dagrun for hdb_resale_pipeline to 2026-07-25 00:00:00+00:00, run_after=2026-07-26 00:00:00+00:00
[2026-07-25T10:18:04.224+0000] {processor.py:208} INFO - Processing /opt/airflow/dags/hdb_pipeline.py took 0.404 seconds
[2026-07-25T10:18:18.314+0000] {processor.py:186} INFO - Started process (PID=340) to work on /opt/airflow/dags/hdb_pipeline.py
[2026-07-25T10:18:18.315+0000] {processor.py:914} INFO - Processing file /opt/airflow/dags/hdb_pipeline.py for tasks to queue
[2026-07-25T10:18:18.317+0000] {logging_mixin.py:190} INFO - [2026-07-25T10:18:18.316+0000] {dagbag.py:588} INFO - Filling up the DagBag from /opt/airflow/dags/hdb_pipeline.py
[2026-07-25T10:18:18.711+0000] {processor.py:925} INFO - DAG(s) 'hdb_resale_pipeline' retrieved from /opt/airflow/dags/hdb_pipeline.py
[2026-07-25T10:18:18.725+0000] {logging_mixin.py:190} INFO - [2026-07-25T10:18:18.725+0000] {dag.py:3239} INFO - Sync 1 DAGs
[2026-07-25T10:18:18.737+0000] {logging_mixin.py:190} INFO - [2026-07-25T10:18:18.737+0000] {dag.py:4180} INFO - Setting next_dagrun for hdb_resale_pipeline to 2026-07-25 00:00:00+00:00, run_after=2026-07-26 00:00:00+00:00
[2026-07-25T10:18:18.750+0000] {processor.py:208} INFO - Processing /opt/airflow/dags/hdb_pipeline.py took 0.439 seconds
[2026-07-25T10:18:29.831+0000] {processor.py:186} INFO - Started process (PID=363) to work on /opt/airflow/dags/hdb_pipeline.py
[2026-07-25T10:18:29.831+0000] {processor.py:914} INFO - Processing file /opt/airflow/dags/hdb_pipeline.py for tasks to queue
[2026-07-25T10:18:29.833+0000] {logging_mixin.py:190} INFO - [2026-07-25T10:18:29.833+0000] {dagbag.py:588} INFO - Filling up the DagBag from /opt/airflow/dags/hdb_pipeline.py
[2026-07-25T10:18:30.204+0000] {processor.py:925} INFO - DAG(s) 'hdb_resale_pipeline' retrieved from /opt/airflow/dags/hdb_pipeline.py
[2026-07-25T10:18:30.217+0000] {logging_mixin.py:190} INFO - [2026-07-25T10:18:30.217+0000] {dag.py:3239} INFO - Sync 1 DAGs
[2026-07-25T10:18:30.228+0000] {logging_mixin.py:190} INFO - [2026-07-25T10:18:30.228+0000] {dag.py:4180} INFO - Setting next_dagrun for hdb_resale_pipeline to 2026-07-25 00:00:00+00:00, run_after=2026-07-26 00:00:00+00:00
[2026-07-25T10:18:30.240+0000] {processor.py:208} INFO - Processing /opt/airflow/dags/hdb_pipeline.py took 0.413 seconds
[2026-07-25T10:19:00.388+0000] {processor.py:186} INFO - Started process (PID=386) to work on /opt/airflow/dags/hdb_pipeline.py
[2026-07-25T10:19:00.388+0000] {processor.py:914} INFO - Processing file /opt/airflow/dags/hdb_pipeline.py for tasks to queue
[2026-07-25T10:19:00.390+0000] {logging_mixin.py:190} INFO - [2026-07-25T10:19:00.390+0000] {dagbag.py:588} INFO - Filling up the DagBag from /opt/airflow/dags/hdb_pipeline.py
[2026-07-25T10:19:00.759+0000] {processor.py:925} INFO - DAG(s) 'hdb_resale_pipeline' retrieved from /opt/airflow/dags/hdb_pipeline.py
[2026-07-25T10:19:00.773+0000] {logging_mixin.py:190} INFO - [2026-07-25T10:19:00.772+0000] {dag.py:3239} INFO - Sync 1 DAGs
[2026-07-25T10:19:00.784+0000] {logging_mixin.py:190} INFO - [2026-07-25T10:19:00.784+0000] {dag.py:4180} INFO - Setting next_dagrun for hdb_resale_pipeline to 2026-07-25 00:00:00+00:00, run_after=2026-07-26 00:00:00+00:00
[2026-07-25T10:19:00.795+0000] {processor.py:208} INFO - Processing /opt/airflow/dags/hdb_pipeline.py took 0.411 seconds
[2026-07-25T10:19:30.935+0000] {processor.py:186} INFO - Started process (PID=409) to work on /opt/airflow/dags/hdb_pipeline.py
[2026-07-25T10:19:30.936+0000] {processor.py:914} INFO - Processing file /opt/airflow/dags/hdb_pipeline.py for tasks to queue
[2026-07-25T10:19:30.938+0000] {logging_mixin.py:190} INFO - [2026-07-25T10:19:30.938+0000] {dagbag.py:588} INFO - Filling up the DagBag from /opt/airflow/dags/hdb_pipeline.py
[2026-07-25T10:19:31.300+0000] {processor.py:925} INFO - DAG(s) 'hdb_resale_pipeline' retrieved from /opt/airflow/dags/hdb_pipeline.py
[2026-07-25T10:19:31.315+0000] {logging_mixin.py:190} INFO - [2026-07-25T10:19:31.314+0000] {dag.py:3239} INFO - Sync 1 DAGs
[2026-07-25T10:19:31.327+0000] {logging_mixin.py:190} INFO - [2026-07-25T10:19:31.327+0000] {dag.py:4180} INFO - Setting next_dagrun for hdb_resale_pipeline to 2026-07-25 00:00:00+00:00, run_after=2026-07-26 00:00:00+00:00
[2026-07-25T10:19:31.339+0000] {processor.py:208} INFO - Processing /opt/airflow/dags/hdb_pipeline.py took 0.407 seconds
[2026-07-25T10:20:01.475+0000] {processor.py:186} INFO - Started process (PID=432) to work on /opt/airflow/dags/hdb_pipeline.py
[2026-07-25T10:20:01.475+0000] {processor.py:914} INFO - Processing file /opt/airflow/dags/hdb_pipeline.py for tasks to queue
[2026-07-25T10:20:01.477+0000] {logging_mixin.py:190} INFO - [2026-07-25T10:20:01.477+0000] {dagbag.py:588} INFO - Filling up the DagBag from /opt/airflow/dags/hdb_pipeline.py
[2026-07-25T10:20:01.737+0000] {processor.py:925} INFO - DAG(s) 'hdb_resale_pipeline' retrieved from /opt/airflow/dags/hdb_pipeline.py
[2026-07-25T10:20:01.863+0000] {logging_mixin.py:190} INFO - [2026-07-25T10:20:01.863+0000] {dag.py:3239} INFO - Sync 1 DAGs
[2026-07-25T10:20:01.875+0000] {logging_mixin.py:190} INFO - [2026-07-25T10:20:01.875+0000] {dag.py:4180} INFO - Setting next_dagrun for hdb_resale_pipeline to 2026-07-25 00:00:00+00:00, run_after=2026-07-26 00:00:00+00:00
[2026-07-25T10:20:01.885+0000] {processor.py:208} INFO - Processing /opt/airflow/dags/hdb_pipeline.py took 0.414 seconds
[2026-07-25T10:20:32.028+0000] {processor.py:186} INFO - Started process (PID=455) to work on /opt/airflow/dags/hdb_pipeline.py
[2026-07-25T10:20:32.028+0000] {processor.py:914} INFO - Processing file /opt/airflow/dags/hdb_pipeline.py for tasks to queue
[2026-07-25T10:20:32.030+0000] {logging_mixin.py:190} INFO - [2026-07-25T10:20:32.030+0000] {dagbag.py:588} INFO - Filling up the DagBag from /opt/airflow/dags/hdb_pipeline.py
[2026-07-25T10:20:32.390+0000] {processor.py:925} INFO - DAG(s) 'hdb_resale_pipeline' retrieved from /opt/airflow/dags/hdb_pipeline.py
[2026-07-25T10:20:32.403+0000] {logging_mixin.py:190} INFO - [2026-07-25T10:20:32.403+0000] {dag.py:3239} INFO - Sync 1 DAGs
[2026-07-25T10:20:32.415+0000] {logging_mixin.py:190} INFO - [2026-07-25T10:20:32.415+0000] {dag.py:4180} INFO - Setting next_dagrun for hdb_resale_pipeline to 2026-07-25 00:00:00+00:00, run_after=2026-07-26 00:00:00+00:00
[2026-07-25T10:20:32.426+0000] {processor.py:208} INFO - Processing /opt/airflow/dags/hdb_pipeline.py took 0.402 seconds
[2026-07-25T10:21:02.564+0000] {processor.py:186} INFO - Started process (PID=478) to work on /opt/airflow/dags/hdb_pipeline.py
[2026-07-25T10:21:02.564+0000] {processor.py:914} INFO - Processing file /opt/airflow/dags/hdb_pipeline.py for tasks to queue
[2026-07-25T10:21:02.566+0000] {logging_mixin.py:190} INFO - [2026-07-25T10:21:02.566+0000] {dagbag.py:588} INFO - Filling up the DagBag from /opt/airflow/dags/hdb_pipeline.py
[2026-07-25T10:21:02.960+0000] {processor.py:925} INFO - DAG(s) 'hdb_resale_pipeline' retrieved from /opt/airflow/dags/hdb_pipeline.py
[2026-07-25T10:21:02.973+0000] {logging_mixin.py:190} INFO - [2026-07-25T10:21:02.973+0000] {dag.py:3239} INFO - Sync 1 DAGs
[2026-07-25T10:21:02.985+0000] {logging_mixin.py:190} INFO - [2026-07-25T10:21:02.985+0000] {dag.py:4180} INFO - Setting next_dagrun for hdb_resale_pipeline to 2026-07-25 00:00:00+00:00, run_after=2026-07-26 00:00:00+00:00
[2026-07-25T10:21:02.995+0000] {processor.py:208} INFO - Processing /opt/airflow/dags/hdb_pipeline.py took 0.435 seconds
[2026-07-25T10:21:33.132+0000] {processor.py:186} INFO - Started process (PID=501) to work on /opt/airflow/dags/hdb_pipeline.py
[2026-07-25T10:21:33.133+0000] {processor.py:914} INFO - Processing file /opt/airflow/dags/hdb_pipeline.py for tasks to queue
[2026-07-25T10:21:33.135+0000] {logging_mixin.py:190} INFO - [2026-07-25T10:21:33.134+0000] {dagbag.py:588} INFO - Filling up the DagBag from /opt/airflow/dags/hdb_pipeline.py
[2026-07-25T10:21:33.531+0000] {processor.py:925} INFO - DAG(s) 'hdb_resale_pipeline' retrieved from /opt/airflow/dags/hdb_pipeline.py
[2026-07-25T10:21:33.546+0000] {logging_mixin.py:190} INFO - [2026-07-25T10:21:33.546+0000] {dag.py:3239} INFO - Sync 1 DAGs
[2026-07-25T10:21:33.560+0000] {logging_mixin.py:190} INFO - [2026-07-25T10:21:33.560+0000] {dag.py:4180} INFO - Setting next_dagrun for hdb_resale_pipeline to 2026-07-25 00:00:00+00:00, run_after=2026-07-26 00:00:00+00:00
[2026-07-25T10:21:33.571+0000] {processor.py:208} INFO - Processing /opt/airflow/dags/hdb_pipeline.py took 0.442 seconds
[2026-07-25T10:22:03.748+0000] {processor.py:186} INFO - Started process (PID=524) to work on /opt/airflow/dags/hdb_pipeline.py
[2026-07-25T10:22:03.748+0000] {processor.py:914} INFO - Processing file /opt/airflow/dags/hdb_pipeline.py for tasks to queue
[2026-07-25T10:22:03.750+0000] {logging_mixin.py:190} INFO - [2026-07-25T10:22:03.750+0000] {dagbag.py:588} INFO - Filling up the DagBag from /opt/airflow/dags/hdb_pipeline.py
[2026-07-25T10:22:04.122+0000] {processor.py:925} INFO - DAG(s) 'hdb_resale_pipeline' retrieved from /opt/airflow/dags/hdb_pipeline.py
[2026-07-25T10:22:04.136+0000] {logging_mixin.py:190} INFO - [2026-07-25T10:22:04.136+0000] {dag.py:3239} INFO - Sync 1 DAGs
[2026-07-25T10:22:04.148+0000] {logging_mixin.py:190} INFO - [2026-07-25T10:22:04.148+0000] {dag.py:4180} INFO - Setting next_dagrun for hdb_resale_pipeline to 2026-07-25 00:00:00+00:00, run_after=2026-07-26 00:00:00+00:00
[2026-07-25T10:22:04.159+0000] {processor.py:208} INFO - Processing /opt/airflow/dags/hdb_pipeline.py took 0.415 seconds
[2026-07-25T10:22:34.303+0000] {processor.py:186} INFO - Started process (PID=547) to work on /opt/airflow/dags/hdb_pipeline.py
[2026-07-25T10:22:34.304+0000] {processor.py:914} INFO - Processing file /opt/airflow/dags/hdb_pipeline.py for tasks to queue
[2026-07-25T10:22:34.306+0000] {logging_mixin.py:190} INFO - [2026-07-25T10:22:34.306+0000] {dagbag.py:588} INFO - Filling up the DagBag from /opt/airflow/dags/hdb_pipeline.py
[2026-07-25T10:22:34.683+0000] {processor.py:925} INFO - DAG(s) 'hdb_resale_pipeline' retrieved from /opt/airflow/dags/hdb_pipeline.py
[2026-07-25T10:22:34.698+0000] {logging_mixin.py:190} INFO - [2026-07-25T10:22:34.698+0000] {dag.py:3239} INFO - Sync 1 DAGs
[2026-07-25T10:22:34.710+0000] {logging_mixin.py:190} INFO - [2026-07-25T10:22:34.710+0000] {dag.py:4180} INFO - Setting next_dagrun for hdb_resale_pipeline to 2026-07-25 00:00:00+00:00, run_after=2026-07-26 00:00:00+00:00
[2026-07-25T10:22:34.720+0000] {processor.py:208} INFO - Processing /opt/airflow/dags/hdb_pipeline.py took 0.420 seconds
[2026-07-25T10:23:04.858+0000] {processor.py:186} INFO - Started process (PID=570) to work on /opt/airflow/dags/hdb_pipeline.py
[2026-07-25T10:23:04.859+0000] {processor.py:914} INFO - Processing file /opt/airflow/dags/hdb_pipeline.py for tasks to queue
[2026-07-25T10:23:04.861+0000] {logging_mixin.py:190} INFO - [2026-07-25T10:23:04.861+0000] {dagbag.py:588} INFO - Filling up the DagBag from /opt/airflow/dags/hdb_pipeline.py
[2026-07-25T10:23:05.228+0000] {processor.py:925} INFO - DAG(s) 'hdb_resale_pipeline' retrieved from /opt/airflow/dags/hdb_pipeline.py
[2026-07-25T10:23:05.242+0000] {logging_mixin.py:190} INFO - [2026-07-25T10:23:05.241+0000] {dag.py:3239} INFO - Sync 1 DAGs
[2026-07-25T10:23:05.253+0000] {logging_mixin.py:190} INFO - [2026-07-25T10:23:05.253+0000] {dag.py:4180} INFO - Setting next_dagrun for hdb_resale_pipeline to 2026-07-25 00:00:00+00:00, run_after=2026-07-26 00:00:00+00:00
[2026-07-25T10:23:05.264+0000] {processor.py:208} INFO - Processing /opt/airflow/dags/hdb_pipeline.py took 0.409 seconds
[2026-07-25T10:23:35.404+0000] {processor.py:186} INFO - Started process (PID=593) to work on /opt/airflow/dags/hdb_pipeline.py
[2026-07-25T10:23:35.405+0000] {processor.py:914} INFO - Processing file /opt/airflow/dags/hdb_pipeline.py for tasks to queue
[2026-07-25T10:23:35.407+0000] {logging_mixin.py:190} INFO - [2026-07-25T10:23:35.407+0000] {dagbag.py:588} INFO - Filling up the DagBag from /opt/airflow/dags/hdb_pipeline.py
[2026-07-25T10:23:35.803+0000] {processor.py:925} INFO - DAG(s) 'hdb_resale_pipeline' retrieved from /opt/airflow/dags/hdb_pipeline.py
[2026-07-25T10:23:35.816+0000] {logging_mixin.py:190} INFO - [2026-07-25T10:23:35.816+0000] {dag.py:3239} INFO - Sync 1 DAGs
[2026-07-25T10:23:35.828+0000] {logging_mixin.py:190} INFO - [2026-07-25T10:23:35.828+0000] {dag.py:4180} INFO - Setting next_dagrun for hdb_resale_pipeline to 2026-07-25 00:00:00+00:00, run_after=2026-07-26 00:00:00+00:00
[2026-07-25T10:23:35.839+0000] {processor.py:208} INFO - Processing /opt/airflow/dags/hdb_pipeline.py took 0.438 seconds
[2026-07-25T10:24:05.979+0000] {processor.py:186} INFO - Started process (PID=616) to work on /opt/airflow/dags/hdb_pipeline.py
[2026-07-25T10:24:05.980+0000] {processor.py:914} INFO - Processing file /opt/airflow/dags/hdb_pipeline.py for tasks to queue
[2026-07-25T10:24:05.981+0000] {logging_mixin.py:190} INFO - [2026-07-25T10:24:05.981+0000] {dagbag.py:588} INFO - Filling up the DagBag from /opt/airflow/dags/hdb_pipeline.py
[2026-07-25T10:24:06.350+0000] {processor.py:925} INFO - DAG(s) 'hdb_resale_pipeline' retrieved from /opt/airflow/dags/hdb_pipeline.py
[2026-07-25T10:24:06.365+0000] {logging_mixin.py:190} INFO - [2026-07-25T10:24:06.365+0000] {dag.py:3239} INFO - Sync 1 DAGs
[2026-07-25T10:24:06.378+0000] {logging_mixin.py:190} INFO - [2026-07-25T10:24:06.378+0000] {dag.py:4180} INFO - Setting next_dagrun for hdb_resale_pipeline to 2026-07-25 00:00:00+00:00, run_after=2026-07-26 00:00:00+00:00
[2026-07-25T10:24:06.390+0000] {processor.py:208} INFO - Processing /opt/airflow/dags/hdb_pipeline.py took 0.415 seconds
[2026-07-25T10:24:36.536+0000] {processor.py:186} INFO - Started process (PID=639) to work on /opt/airflow/dags/hdb_pipeline.py
[2026-07-25T10:24:36.537+0000] {processor.py:914} INFO - Processing file /opt/airflow/dags/hdb_pipeline.py for tasks to queue
[2026-07-25T10:24:36.539+0000] {logging_mixin.py:190} INFO - [2026-07-25T10:24:36.539+0000] {dagbag.py:588} INFO - Filling up the DagBag from /opt/airflow/dags/hdb_pipeline.py
[2026-07-25T10:24:36.922+0000] {processor.py:925} INFO - DAG(s) 'hdb_resale_pipeline' retrieved from /opt/airflow/dags/hdb_pipeline.py
[2026-07-25T10:24:36.937+0000] {logging_mixin.py:190} INFO - [2026-07-25T10:24:36.937+0000] {dag.py:3239} INFO - Sync 1 DAGs
[2026-07-25T10:24:36.949+0000] {logging_mixin.py:190} INFO - [2026-07-25T10:24:36.949+0000] {dag.py:4180} INFO - Setting next_dagrun for hdb_resale_pipeline to 2026-07-25 00:00:00+00:00, run_after=2026-07-26 00:00:00+00:00
[2026-07-25T10:24:36.960+0000] {processor.py:208} INFO - Processing /opt/airflow/dags/hdb_pipeline.py took 0.427 seconds
[2026-07-25T10:25:07.102+0000] {processor.py:186} INFO - Started process (PID=662) to work on /opt/airflow/dags/hdb_pipeline.py
[2026-07-25T10:25:07.103+0000] {processor.py:914} INFO - Processing file /opt/airflow/dags/hdb_pipeline.py for tasks to queue
[2026-07-25T10:25:07.104+0000] {logging_mixin.py:190} INFO - [2026-07-25T10:25:07.104+0000] {dagbag.py:588} INFO - Filling up the DagBag from /opt/airflow/dags/hdb_pipeline.py
[2026-07-25T10:25:07.471+0000] {processor.py:925} INFO - DAG(s) 'hdb_resale_pipeline' retrieved from /opt/airflow/dags/hdb_pipeline.py
[2026-07-25T10:25:07.485+0000] {logging_mixin.py:190} INFO - [2026-07-25T10:25:07.484+0000] {dag.py:3239} INFO - Sync 1 DAGs
[2026-07-25T10:25:07.496+0000] {logging_mixin.py:190} INFO - [2026-07-25T10:25:07.496+0000] {dag.py:4180} INFO - Setting next_dagrun for hdb_resale_pipeline to 2026-07-25 00:00:00+00:00, run_after=2026-07-26 00:00:00+00:00
[2026-07-25T10:25:07.507+0000] {processor.py:208} INFO - Processing /opt/airflow/dags/hdb_pipeline.py took 0.409 seconds
[2026-07-25T10:25:37.647+0000] {processor.py:186} INFO - Started process (PID=685) to work on /opt/airflow/dags/hdb_pipeline.py
[2026-07-25T10:25:37.648+0000] {processor.py:914} INFO - Processing file /opt/airflow/dags/hdb_pipeline.py for tasks to queue
[2026-07-25T10:25:37.650+0000] {logging_mixin.py:190} INFO - [2026-07-25T10:25:37.649+0000] {dagbag.py:588} INFO - Filling up the DagBag from /opt/airflow/dags/hdb_pipeline.py
[2026-07-25T10:25:38.010+0000] {processor.py:925} INFO - DAG(s) 'hdb_resale_pipeline' retrieved from /opt/airflow/dags/hdb_pipeline.py
[2026-07-25T10:25:38.022+0000] {logging_mixin.py:190} INFO - [2026-07-25T10:25:38.022+0000] {dag.py:3239} INFO - Sync 1 DAGs
[2026-07-25T10:25:38.034+0000] {logging_mixin.py:190} INFO - [2026-07-25T10:25:38.034+0000] {dag.py:4180} INFO - Setting next_dagrun for hdb_resale_pipeline to 2026-07-25 00:00:00+00:00, run_after=2026-07-26 00:00:00+00:00
[2026-07-25T10:25:38.044+0000] {processor.py:208} INFO - Processing /opt/airflow/dags/hdb_pipeline.py took 0.401 seconds
[2026-07-25T10:26:08.181+0000] {processor.py:186} INFO - Started process (PID=708) to work on /opt/airflow/dags/hdb_pipeline.py
[2026-07-25T10:26:08.182+0000] {processor.py:914} INFO - Processing file /opt/airflow/dags/hdb_pipeline.py for tasks to queue
[2026-07-25T10:26:08.184+0000] {logging_mixin.py:190} INFO - [2026-07-25T10:26:08.183+0000] {dagbag.py:588} INFO - Filling up the DagBag from /opt/airflow/dags/hdb_pipeline.py
[2026-07-25T10:26:08.548+0000] {processor.py:925} INFO - DAG(s) 'hdb_resale_pipeline' retrieved from /opt/airflow/dags/hdb_pipeline.py
[2026-07-25T10:26:08.562+0000] {logging_mixin.py:190} INFO - [2026-07-25T10:26:08.562+0000] {dag.py:3239} INFO - Sync 1 DAGs
[2026-07-25T10:26:08.574+0000] {logging_mixin.py:190} INFO - [2026-07-25T10:26:08.573+0000] {dag.py:4180} INFO - Setting next_dagrun for hdb_resale_pipeline to 2026-07-25 00:00:00+00:00, run_after=2026-07-26 00:00:00+00:00
[2026-07-25T10:26:08.585+0000] {processor.py:208} INFO - Processing /opt/airflow/dags/hdb_pipeline.py took 0.407 seconds
[2026-07-25T10:26:38.723+0000] {processor.py:186} INFO - Started process (PID=731) to work on /opt/airflow/dags/hdb_pipeline.py
[2026-07-25T10:26:38.724+0000] {processor.py:914} INFO - Processing file /opt/airflow/dags/hdb_pipeline.py for tasks to queue
[2026-07-25T10:26:38.726+0000] {logging_mixin.py:190} INFO - [2026-07-25T10:26:38.725+0000] {dagbag.py:588} INFO - Filling up the DagBag from /opt/airflow/dags/hdb_pipeline.py
[2026-07-25T10:26:39.096+0000] {processor.py:925} INFO - DAG(s) 'hdb_resale_pipeline' retrieved from /opt/airflow/dags/hdb_pipeline.py
[2026-07-25T10:26:39.109+0000] {logging_mixin.py:190} INFO - [2026-07-25T10:26:39.109+0000] {dag.py:3239} INFO - Sync 1 DAGs
[2026-07-25T10:26:39.121+0000] {logging_mixin.py:190} INFO - [2026-07-25T10:26:39.120+0000] {dag.py:4180} INFO - Setting next_dagrun for hdb_resale_pipeline to 2026-07-25 00:00:00+00:00, run_after=2026-07-26 00:00:00+00:00
[2026-07-25T10:26:39.131+0000] {processor.py:208} INFO - Processing /opt/airflow/dags/hdb_pipeline.py took 0.412 seconds
[2026-07-25T10:27:09.272+0000] {processor.py:186} INFO - Started process (PID=754) to work on /opt/airflow/dags/hdb_pipeline.py
[2026-07-25T10:27:09.273+0000] {processor.py:914} INFO - Processing file /opt/airflow/dags/hdb_pipeline.py for tasks to queue
[2026-07-25T10:27:09.275+0000] {logging_mixin.py:190} INFO - [2026-07-25T10:27:09.274+0000] {dagbag.py:588} INFO - Filling up the DagBag from /opt/airflow/dags/hdb_pipeline.py
[2026-07-25T10:27:09.656+0000] {processor.py:925} INFO - DAG(s) 'hdb_resale_pipeline' retrieved from /opt/airflow/dags/hdb_pipeline.py
[2026-07-25T10:27:09.671+0000] {logging_mixin.py:190} INFO - [2026-07-25T10:27:09.670+0000] {dag.py:3239} INFO - Sync 1 DAGs
[2026-07-25T10:27:09.682+0000] {logging_mixin.py:190} INFO - [2026-07-25T10:27:09.682+0000] {dag.py:4180} INFO - Setting next_dagrun for hdb_resale_pipeline to 2026-07-25 00:00:00+00:00, run_after=2026-07-26 00:00:00+00:00
[2026-07-25T10:27:09.693+0000] {processor.py:208} INFO - Processing /opt/airflow/dags/hdb_pipeline.py took 0.425 seconds
[2026-07-25T10:27:39.833+0000] {processor.py:186} INFO - Started process (PID=777) to work on /opt/airflow/dags/hdb_pipeline.py
[2026-07-25T10:27:39.834+0000] {processor.py:914} INFO - Processing file /opt/airflow/dags/hdb_pipeline.py for tasks to queue
[2026-07-25T10:27:39.836+0000] {logging_mixin.py:190} INFO - [2026-07-25T10:27:39.835+0000] {dagbag.py:588} INFO - Filling up the DagBag from /opt/airflow/dags/hdb_pipeline.py
[2026-07-25T10:27:40.227+0000] {processor.py:925} INFO - DAG(s) 'hdb_resale_pipeline' retrieved from /opt/airflow/dags/hdb_pipeline.py
[2026-07-25T10:27:40.242+0000] {logging_mixin.py:190} INFO - [2026-07-25T10:27:40.242+0000] {dag.py:3239} INFO - Sync 1 DAGs
[2026-07-25T10:27:40.259+0000] {logging_mixin.py:190} INFO - [2026-07-25T10:27:40.259+0000] {dag.py:4180} INFO - Setting next_dagrun for hdb_resale_pipeline to 2026-07-25 00:00:00+00:00, run_after=2026-07-26 00:00:00+00:00
[2026-07-25T10:27:40.271+0000] {processor.py:208} INFO - Processing /opt/airflow/dags/hdb_pipeline.py took 0.442 seconds
[2026-07-25T10:28:10.415+0000] {processor.py:186} INFO - Started process (PID=800) to work on /opt/airflow/dags/hdb_pipeline.py
[2026-07-25T10:28:10.416+0000] {processor.py:914} INFO - Processing file /opt/airflow/dags/hdb_pipeline.py for tasks to queue
[2026-07-25T10:28:10.418+0000] {logging_mixin.py:190} INFO - [2026-07-25T10:28:10.418+0000] {dagbag.py:588} INFO - Filling up the DagBag from /opt/airflow/dags/hdb_pipeline.py
[2026-07-25T10:28:10.785+0000] {processor.py:925} INFO - DAG(s) 'hdb_resale_pipeline' retrieved from /opt/airflow/dags/hdb_pipeline.py
[2026-07-25T10:28:10.799+0000] {logging_mixin.py:190} INFO - [2026-07-25T10:28:10.799+0000] {dag.py:3239} INFO - Sync 1 DAGs
[2026-07-25T10:28:10.810+0000] {logging_mixin.py:190} INFO - [2026-07-25T10:28:10.810+0000] {dag.py:4180} INFO - Setting next_dagrun for hdb_resale_pipeline to 2026-07-25 00:00:00+00:00, run_after=2026-07-26 00:00:00+00:00
[2026-07-25T10:28:10.820+0000] {processor.py:208} INFO - Processing /opt/airflow/dags/hdb_pipeline.py took 0.408 seconds
[2026-07-25T10:28:40.961+0000] {processor.py:186} INFO - Started process (PID=823) to work on /opt/airflow/dags/hdb_pipeline.py
[2026-07-25T10:28:40.962+0000] {processor.py:914} INFO - Processing file /opt/airflow/dags/hdb_pipeline.py for tasks to queue
[2026-07-25T10:28:40.963+0000] {logging_mixin.py:190} INFO - [2026-07-25T10:28:40.963+0000] {dagbag.py:588} INFO - Filling up the DagBag from /opt/airflow/dags/hdb_pipeline.py
[2026-07-25T10:28:41.348+0000] {processor.py:925} INFO - DAG(s) 'hdb_resale_pipeline' retrieved from /opt/airflow/dags/hdb_pipeline.py
[2026-07-25T10:28:41.362+0000] {logging_mixin.py:190} INFO - [2026-07-25T10:28:41.362+0000] {dag.py:3239} INFO - Sync 1 DAGs
[2026-07-25T10:28:41.373+0000] {logging_mixin.py:190} INFO - [2026-07-25T10:28:41.373+0000] {dag.py:4180} INFO - Setting next_dagrun for hdb_resale_pipeline to 2026-07-25 00:00:00+00:00, run_after=2026-07-26 00:00:00+00:00
[2026-07-25T10:28:41.385+0000] {processor.py:208} INFO - Processing /opt/airflow/dags/hdb_pipeline.py took 0.427 seconds
[2026-07-25T10:29:11.535+0000] {processor.py:186} INFO - Started process (PID=847) to work on /opt/airflow/dags/hdb_pipeline.py
[2026-07-25T10:29:11.536+0000] {processor.py:914} INFO - Processing file /opt/airflow/dags/hdb_pipeline.py for tasks to queue
[2026-07-25T10:29:11.538+0000] {logging_mixin.py:190} INFO - [2026-07-25T10:29:11.537+0000] {dagbag.py:588} INFO - Filling up the DagBag from /opt/airflow/dags/hdb_pipeline.py
[2026-07-25T10:29:11.920+0000] {processor.py:925} INFO - DAG(s) 'hdb_resale_pipeline' retrieved from /opt/airflow/dags/hdb_pipeline.py
[2026-07-25T10:29:11.934+0000] {logging_mixin.py:190} INFO - [2026-07-25T10:29:11.934+0000] {dag.py:3239} INFO - Sync 1 DAGs
[2026-07-25T10:29:11.946+0000] {logging_mixin.py:190} INFO - [2026-07-25T10:29:11.946+0000] {dag.py:4180} INFO - Setting next_dagrun for hdb_resale_pipeline to 2026-07-25 00:00:00+00:00, run_after=2026-07-26 00:00:00+00:00
[2026-07-25T10:29:11.958+0000] {processor.py:208} INFO - Processing /opt/airflow/dags/hdb_pipeline.py took 0.427 seconds
[2026-07-25T10:29:42.109+0000] {processor.py:186} INFO - Started process (PID=870) to work on /opt/airflow/dags/hdb_pipeline.py
[2026-07-25T10:29:42.109+0000] {processor.py:914} INFO - Processing file /opt/airflow/dags/hdb_pipeline.py for tasks to queue
[2026-07-25T10:29:42.111+0000] {logging_mixin.py:190} INFO - [2026-07-25T10:29:42.111+0000] {dagbag.py:588} INFO - Filling up the DagBag from /opt/airflow/dags/hdb_pipeline.py
[2026-07-25T10:29:42.519+0000] {processor.py:925} INFO - DAG(s) 'hdb_resale_pipeline' retrieved from /opt/airflow/dags/hdb_pipeline.py
[2026-07-25T10:29:42.534+0000] {logging_mixin.py:190} INFO - [2026-07-25T10:29:42.533+0000] {dag.py:3239} INFO - Sync 1 DAGs
[2026-07-25T10:29:42.546+0000] {logging_mixin.py:190} INFO - [2026-07-25T10:29:42.546+0000] {dag.py:4180} INFO - Setting next_dagrun for hdb_resale_pipeline to 2026-07-25 00:00:00+00:00, run_after=2026-07-26 00:00:00+00:00
[2026-07-25T10:29:42.557+0000] {processor.py:208} INFO - Processing /opt/airflow/dags/hdb_pipeline.py took 0.453 seconds
[2026-07-25T10:30:12.704+0000] {processor.py:186} INFO - Started process (PID=893) to work on /opt/airflow/dags/hdb_pipeline.py
[2026-07-25T10:30:12.705+0000] {processor.py:914} INFO - Processing file /opt/airflow/dags/hdb_pipeline.py for tasks to queue
[2026-07-25T10:30:12.707+0000] {logging_mixin.py:190} INFO - [2026-07-25T10:30:12.706+0000] {dagbag.py:588} INFO - Filling up the DagBag from /opt/airflow/dags/hdb_pipeline.py
[2026-07-25T10:30:13.099+0000] {processor.py:925} INFO - DAG(s) 'hdb_resale_pipeline' retrieved from /opt/airflow/dags/hdb_pipeline.py
[2026-07-25T10:30:13.113+0000] {logging_mixin.py:190} INFO - [2026-07-25T10:30:13.113+0000] {dag.py:3239} INFO - Sync 1 DAGs
[2026-07-25T10:30:13.125+0000] {logging_mixin.py:190} INFO - [2026-07-25T10:30:13.125+0000] {dag.py:4180} INFO - Setting next_dagrun for hdb_resale_pipeline to 2026-07-25 00:00:00+00:00, run_after=2026-07-26 00:00:00+00:00
[2026-07-25T10:30:13.136+0000] {processor.py:208} INFO - Processing /opt/airflow/dags/hdb_pipeline.py took 0.435 seconds
[2026-07-25T10:30:43.282+0000] {processor.py:186} INFO - Started process (PID=916) to work on /opt/airflow/dags/hdb_pipeline.py
[2026-07-25T10:30:43.283+0000] {processor.py:914} INFO - Processing file /opt/airflow/dags/hdb_pipeline.py for tasks to queue
[2026-07-25T10:30:43.285+0000] {logging_mixin.py:190} INFO - [2026-07-25T10:30:43.285+0000] {dagbag.py:588} INFO - Filling up the DagBag from /opt/airflow/dags/hdb_pipeline.py
[2026-07-25T10:30:43.672+0000] {processor.py:925} INFO - DAG(s) 'hdb_resale_pipeline' retrieved from /opt/airflow/dags/hdb_pipeline.py
[2026-07-25T10:30:43.685+0000] {logging_mixin.py:190} INFO - [2026-07-25T10:30:43.685+0000] {dag.py:3239} INFO - Sync 1 DAGs
[2026-07-25T10:30:43.696+0000] {logging_mixin.py:190} INFO - [2026-07-25T10:30:43.696+0000] {dag.py:4180} INFO - Setting next_dagrun for hdb_resale_pipeline to 2026-07-25 00:00:00+00:00, run_after=2026-07-26 00:00:00+00:00
[2026-07-25T10:30:43.707+0000] {processor.py:208} INFO - Processing /opt/airflow/dags/hdb_pipeline.py took 0.431 seconds
[2026-07-25T10:31:13.851+0000] {processor.py:186} INFO - Started process (PID=939) to work on /opt/airflow/dags/hdb_pipeline.py
[2026-07-25T10:31:13.851+0000] {processor.py:914} INFO - Processing file /opt/airflow/dags/hdb_pipeline.py for tasks to queue
[2026-07-25T10:31:13.853+0000] {logging_mixin.py:190} INFO - [2026-07-25T10:31:13.853+0000] {dagbag.py:588} INFO - Filling up the DagBag from /opt/airflow/dags/hdb_pipeline.py
[2026-07-25T10:31:14.219+0000] {processor.py:925} INFO - DAG(s) 'hdb_resale_pipeline' retrieved from /opt/airflow/dags/hdb_pipeline.py
[2026-07-25T10:31:14.232+0000] {logging_mixin.py:190} INFO - [2026-07-25T10:31:14.232+0000] {dag.py:3239} INFO - Sync 1 DAGs
[2026-07-25T10:31:14.243+0000] {logging_mixin.py:190} INFO - [2026-07-25T10:31:14.243+0000] {dag.py:4180} INFO - Setting next_dagrun for hdb_resale_pipeline to 2026-07-25 00:00:00+00:00, run_after=2026-07-26 00:00:00+00:00
[2026-07-25T10:31:14.255+0000] {processor.py:208} INFO - Processing /opt/airflow/dags/hdb_pipeline.py took 0.408 seconds
[2026-07-25T10:31:44.390+0000] {processor.py:186} INFO - Started process (PID=962) to work on /opt/airflow/dags/hdb_pipeline.py
[2026-07-25T10:31:44.391+0000] {processor.py:914} INFO - Processing file /opt/airflow/dags/hdb_pipeline.py for tasks to queue
[2026-07-25T10:31:44.392+0000] {logging_mixin.py:190} INFO - [2026-07-25T10:31:44.392+0000] {dagbag.py:588} INFO - Filling up the DagBag from /opt/airflow/dags/hdb_pipeline.py
[2026-07-25T10:31:44.753+0000] {processor.py:925} INFO - DAG(s) 'hdb_resale_pipeline' retrieved from /opt/airflow/dags/hdb_pipeline.py
[2026-07-25T10:31:44.766+0000] {logging_mixin.py:190} INFO - [2026-07-25T10:31:44.766+0000] {dag.py:3239} INFO - Sync 1 DAGs
[2026-07-25T10:31:44.778+0000] {logging_mixin.py:190} INFO - [2026-07-25T10:31:44.778+0000] {dag.py:4180} INFO - Setting next_dagrun for hdb_resale_pipeline to 2026-07-25 00:00:00+00:00, run_after=2026-07-26 00:00:00+00:00
[2026-07-25T10:31:44.788+0000] {processor.py:208} INFO - Processing /opt/airflow/dags/hdb_pipeline.py took 0.402 seconds
[2026-07-25T10:32:14.959+0000] {processor.py:186} INFO - Started process (PID=985) to work on /opt/airflow/dags/hdb_pipeline.py
[2026-07-25T10:32:14.960+0000] {processor.py:914} INFO - Processing file /opt/airflow/dags/hdb_pipeline.py for tasks to queue
[2026-07-25T10:32:14.962+0000] {logging_mixin.py:190} INFO - [2026-07-25T10:32:14.961+0000] {dagbag.py:588} INFO - Filling up the DagBag from /opt/airflow/dags/hdb_pipeline.py
[2026-07-25T10:32:15.324+0000] {processor.py:925} INFO - DAG(s) 'hdb_resale_pipeline' retrieved from /opt/airflow/dags/hdb_pipeline.py
[2026-07-25T10:32:15.337+0000] {logging_mixin.py:190} INFO - [2026-07-25T10:32:15.337+0000] {dag.py:3239} INFO - Sync 1 DAGs
[2026-07-25T10:32:15.348+0000] {logging_mixin.py:190} INFO - [2026-07-25T10:32:15.348+0000] {dag.py:4180} INFO - Setting next_dagrun for hdb_resale_pipeline to 2026-07-25 00:00:00+00:00, run_after=2026-07-26 00:00:00+00:00
[2026-07-25T10:32:15.360+0000] {processor.py:208} INFO - Processing /opt/airflow/dags/hdb_pipeline.py took 0.404 seconds
[2026-07-25T10:32:45.499+0000] {processor.py:186} INFO - Started process (PID=1008) to work on /opt/airflow/dags/hdb_pipeline.py
[2026-07-25T10:32:45.500+0000] {processor.py:914} INFO - Processing file /opt/airflow/dags/hdb_pipeline.py for tasks to queue
[2026-07-25T10:32:45.502+0000] {logging_mixin.py:190} INFO - [2026-07-25T10:32:45.501+0000] {dagbag.py:588} INFO - Filling up the DagBag from /opt/airflow/dags/hdb_pipeline.py
[2026-07-25T10:32:45.862+0000] {processor.py:925} INFO - DAG(s) 'hdb_resale_pipeline' retrieved from /opt/airflow/dags/hdb_pipeline.py
[2026-07-25T10:32:45.876+0000] {logging_mixin.py:190} INFO - [2026-07-25T10:32:45.876+0000] {dag.py:3239} INFO - Sync 1 DAGs
[2026-07-25T10:32:45.887+0000] {logging_mixin.py:190} INFO - [2026-07-25T10:32:45.887+0000] {dag.py:4180} INFO - Setting next_dagrun for hdb_resale_pipeline to 2026-07-25 00:00:00+00:00, run_after=2026-07-26 00:00:00+00:00
[2026-07-25T10:32:45.898+0000] {processor.py:208} INFO - Processing /opt/airflow/dags/hdb_pipeline.py took 0.403 seconds
[2026-07-25T10:33:16.035+0000] {processor.py:186} INFO - Started process (PID=1031) to work on /opt/airflow/dags/hdb_pipeline.py
[2026-07-25T10:33:16.036+0000] {processor.py:914} INFO - Processing file /opt/airflow/dags/hdb_pipeline.py for tasks to queue
[2026-07-25T10:33:16.038+0000] {logging_mixin.py:190} INFO - [2026-07-25T10:33:16.038+0000] {dagbag.py:588} INFO - Filling up the DagBag from /opt/airflow/dags/hdb_pipeline.py
[2026-07-25T10:33:16.423+0000] {processor.py:925} INFO - DAG(s) 'hdb_resale_pipeline' retrieved from /opt/airflow/dags/hdb_pipeline.py
[2026-07-25T10:33:16.436+0000] {logging_mixin.py:190} INFO - [2026-07-25T10:33:16.436+0000] {dag.py:3239} INFO - Sync 1 DAGs
[2026-07-25T10:33:16.448+0000] {logging_mixin.py:190} INFO - [2026-07-25T10:33:16.448+0000] {dag.py:4180} INFO - Setting next_dagrun for hdb_resale_pipeline to 2026-07-25 00:00:00+00:00, run_after=2026-07-26 00:00:00+00:00
[2026-07-25T10:33:16.459+0000] {processor.py:208} INFO - Processing /opt/airflow/dags/hdb_pipeline.py took 0.427 seconds
[2026-07-25T10:33:46.600+0000] {processor.py:186} INFO - Started process (PID=1054) to work on /opt/airflow/dags/hdb_pipeline.py
[2026-07-25T10:33:46.601+0000] {processor.py:914} INFO - Processing file /opt/airflow/dags/hdb_pipeline.py for tasks to queue
[2026-07-25T10:33:46.602+0000] {logging_mixin.py:190} INFO - [2026-07-25T10:33:46.602+0000] {dagbag.py:588} INFO - Filling up the DagBag from /opt/airflow/dags/hdb_pipeline.py
[2026-07-25T10:33:47.064+0000] {processor.py:925} INFO - DAG(s) 'hdb_resale_pipeline' retrieved from /opt/airflow/dags/hdb_pipeline.py
[2026-07-25T10:33:47.080+0000] {logging_mixin.py:190} INFO - [2026-07-25T10:33:47.079+0000] {dag.py:3239} INFO - Sync 1 DAGs
[2026-07-25T10:33:47.093+0000] {logging_mixin.py:190} INFO - [2026-07-25T10:33:47.093+0000] {dag.py:4180} INFO - Setting next_dagrun for hdb_resale_pipeline to 2026-07-25 00:00:00+00:00, run_after=2026-07-26 00:00:00+00:00
[2026-07-25T10:33:47.104+0000] {processor.py:208} INFO - Processing /opt/airflow/dags/hdb_pipeline.py took 0.508 seconds
[2026-07-25T10:34:17.253+0000] {processor.py:186} INFO - Started process (PID=1077) to work on /opt/airflow/dags/hdb_pipeline.py
[2026-07-25T10:34:17.254+0000] {processor.py:914} INFO - Processing file /opt/airflow/dags/hdb_pipeline.py for tasks to queue
[2026-07-25T10:34:17.255+0000] {logging_mixin.py:190} INFO - [2026-07-25T10:34:17.255+0000] {dagbag.py:588} INFO - Filling up the DagBag from /opt/airflow/dags/hdb_pipeline.py
[2026-07-25T10:34:17.648+0000] {processor.py:925} INFO - DAG(s) 'hdb_resale_pipeline' retrieved from /opt/airflow/dags/hdb_pipeline.py
[2026-07-25T10:34:17.662+0000] {logging_mixin.py:190} INFO - [2026-07-25T10:34:17.662+0000] {dag.py:3239} INFO - Sync 1 DAGs
[2026-07-25T10:34:17.675+0000] {logging_mixin.py:190} INFO - [2026-07-25T10:34:17.675+0000] {dag.py:4180} INFO - Setting next_dagrun for hdb_resale_pipeline to 2026-07-25 00:00:00+00:00, run_after=2026-07-26 00:00:00+00:00
[2026-07-25T10:34:17.686+0000] {processor.py:208} INFO - Processing /opt/airflow/dags/hdb_pipeline.py took 0.436 seconds
[2026-07-25T10:34:47.833+0000] {processor.py:186} INFO - Started process (PID=1100) to work on /opt/airflow/dags/hdb_pipeline.py
[2026-07-25T10:34:47.834+0000] {processor.py:914} INFO - Processing file /opt/airflow/dags/hdb_pipeline.py for tasks to queue
[2026-07-25T10:34:47.836+0000] {logging_mixin.py:190} INFO - [2026-07-25T10:34:47.836+0000] {dagbag.py:588} INFO - Filling up the DagBag from /opt/airflow/dags/hdb_pipeline.py
[2026-07-25T10:34:48.204+0000] {processor.py:925} INFO - DAG(s) 'hdb_resale_pipeline' retrieved from /opt/airflow/dags/hdb_pipeline.py
[2026-07-25T10:34:48.217+0000] {logging_mixin.py:190} INFO - [2026-07-25T10:34:48.217+0000] {dag.py:3239} INFO - Sync 1 DAGs
[2026-07-25T10:34:48.229+0000] {logging_mixin.py:190} INFO - [2026-07-25T10:34:48.228+0000] {dag.py:4180} INFO - Setting next_dagrun for hdb_resale_pipeline to 2026-07-25 00:00:00+00:00, run_after=2026-07-26 00:00:00+00:00
[2026-07-25T10:34:48.239+0000] {processor.py:208} INFO - Processing /opt/airflow/dags/hdb_pipeline.py took 0.411 seconds
[2026-07-25T10:35:18.378+0000] {processor.py:186} INFO - Started process (PID=1123) to work on /opt/airflow/dags/hdb_pipeline.py
[2026-07-25T10:35:18.379+0000] {processor.py:914} INFO - Processing file /opt/airflow/dags/hdb_pipeline.py for tasks to queue
[2026-07-25T10:35:18.381+0000] {logging_mixin.py:190} INFO - [2026-07-25T10:35:18.381+0000] {dagbag.py:588} INFO - Filling up the DagBag from /opt/airflow/dags/hdb_pipeline.py
[2026-07-25T10:35:18.740+0000] {processor.py:925} INFO - DAG(s) 'hdb_resale_pipeline' retrieved from /opt/airflow/dags/hdb_pipeline.py
[2026-07-25T10:35:18.753+0000] {logging_mixin.py:190} INFO - [2026-07-25T10:35:18.753+0000] {dag.py:3239} INFO - Sync 1 DAGs
[2026-07-25T10:35:18.764+0000] {logging_mixin.py:190} INFO - [2026-07-25T10:35:18.764+0000] {dag.py:4180} INFO - Setting next_dagrun for hdb_resale_pipeline to 2026-07-25 00:00:00+00:00, run_after=2026-07-26 00:00:00+00:00
[2026-07-25T10:35:18.775+0000] {processor.py:208} INFO - Processing /opt/airflow/dags/hdb_pipeline.py took 0.400 seconds
[2026-07-25T10:35:48.914+0000] {processor.py:186} INFO - Started process (PID=1146) to work on /opt/airflow/dags/hdb_pipeline.py
[2026-07-25T10:35:48.915+0000] {processor.py:914} INFO - Processing file /opt/airflow/dags/hdb_pipeline.py for tasks to queue
[2026-07-25T10:35:48.917+0000] {logging_mixin.py:190} INFO - [2026-07-25T10:35:48.916+0000] {dagbag.py:588} INFO - Filling up the DagBag from /opt/airflow/dags/hdb_pipeline.py
[2026-07-25T10:35:49.276+0000] {processor.py:925} INFO - DAG(s) 'hdb_resale_pipeline' retrieved from /opt/airflow/dags/hdb_pipeline.py
[2026-07-25T10:35:49.290+0000] {logging_mixin.py:190} INFO - [2026-07-25T10:35:49.290+0000] {dag.py:3239} INFO - Sync 1 DAGs
[2026-07-25T10:35:49.302+0000] {logging_mixin.py:190} INFO - [2026-07-25T10:35:49.302+0000] {dag.py:4180} INFO - Setting next_dagrun for hdb_resale_pipeline to 2026-07-25 00:00:00+00:00, run_after=2026-07-26 00:00:00+00:00
[2026-07-25T10:35:49.313+0000] {processor.py:208} INFO - Processing /opt/airflow/dags/hdb_pipeline.py took 0.402 seconds
[2026-07-25T10:36:19.452+0000] {processor.py:186} INFO - Started process (PID=1169) to work on /opt/airflow/dags/hdb_pipeline.py
[2026-07-25T10:36:19.453+0000] {processor.py:914} INFO - Processing file /opt/airflow/dags/hdb_pipeline.py for tasks to queue
[2026-07-25T10:36:19.455+0000] {logging_mixin.py:190} INFO - [2026-07-25T10:36:19.454+0000] {dagbag.py:588} INFO - Filling up the DagBag from /opt/airflow/dags/hdb_pipeline.py
[2026-07-25T10:36:19.826+0000] {processor.py:925} INFO - DAG(s) 'hdb_resale_pipeline' retrieved from /opt/airflow/dags/hdb_pipeline.py
[2026-07-25T10:36:19.840+0000] {logging_mixin.py:190} INFO - [2026-07-25T10:36:19.839+0000] {dag.py:3239} INFO - Sync 1 DAGs
[2026-07-25T10:36:19.851+0000] {logging_mixin.py:190} INFO - [2026-07-25T10:36:19.851+0000] {dag.py:4180} INFO - Setting next_dagrun for hdb_resale_pipeline to 2026-07-25 00:00:00+00:00, run_after=2026-07-26 00:00:00+00:00
[2026-07-25T10:36:19.861+0000] {processor.py:208} INFO - Processing /opt/airflow/dags/hdb_pipeline.py took 0.412 seconds
[2026-07-25T10:36:50.000+0000] {processor.py:186} INFO - Started process (PID=1192) to work on /opt/airflow/dags/hdb_pipeline.py
[2026-07-25T10:36:50.001+0000] {processor.py:914} INFO - Processing file /opt/airflow/dags/hdb_pipeline.py for tasks to queue
[2026-07-25T10:36:50.003+0000] {logging_mixin.py:190} INFO - [2026-07-25T10:36:50.003+0000] {dagbag.py:588} INFO - Filling up the DagBag from /opt/airflow/dags/hdb_pipeline.py
[2026-07-25T10:36:50.372+0000] {processor.py:925} INFO - DAG(s) 'hdb_resale_pipeline' retrieved from /opt/airflow/dags/hdb_pipeline.py
[2026-07-25T10:36:50.385+0000] {logging_mixin.py:190} INFO - [2026-07-25T10:36:50.385+0000] {dag.py:3239} INFO - Sync 1 DAGs
[2026-07-25T10:36:50.397+0000] {logging_mixin.py:190} INFO - [2026-07-25T10:36:50.396+0000] {dag.py:4180} INFO - Setting next_dagrun for hdb_resale_pipeline to 2026-07-25 00:00:00+00:00, run_after=2026-07-26 00:00:00+00:00
[2026-07-25T10:36:50.407+0000] {processor.py:208} INFO - Processing /opt/airflow/dags/hdb_pipeline.py took 0.410 seconds
[2026-07-25T10:37:20.541+0000] {processor.py:186} INFO - Started process (PID=1215) to work on /opt/airflow/dags/hdb_pipeline.py
[2026-07-25T10:37:20.542+0000] {processor.py:914} INFO - Processing file /opt/airflow/dags/hdb_pipeline.py for tasks to queue
[2026-07-25T10:37:20.544+0000] {logging_mixin.py:190} INFO - [2026-07-25T10:37:20.544+0000] {dagbag.py:588} INFO - Filling up the DagBag from /opt/airflow/dags/hdb_pipeline.py
[2026-07-25T10:37:20.904+0000] {processor.py:925} INFO - DAG(s) 'hdb_resale_pipeline' retrieved from /opt/airflow/dags/hdb_pipeline.py
[2026-07-25T10:37:20.918+0000] {logging_mixin.py:190} INFO - [2026-07-25T10:37:20.917+0000] {dag.py:3239} INFO - Sync 1 DAGs
[2026-07-25T10:37:20.929+0000] {logging_mixin.py:190} INFO - [2026-07-25T10:37:20.929+0000] {dag.py:4180} INFO - Setting next_dagrun for hdb_resale_pipeline to 2026-07-25 00:00:00+00:00, run_after=2026-07-26 00:00:00+00:00
[2026-07-25T10:37:20.940+0000] {processor.py:208} INFO - Processing /opt/airflow/dags/hdb_pipeline.py took 0.402 seconds
[2026-07-25T10:37:51.085+0000] {processor.py:186} INFO - Started process (PID=1238) to work on /opt/airflow/dags/hdb_pipeline.py
[2026-07-25T10:37:51.086+0000] {processor.py:914} INFO - Processing file /opt/airflow/dags/hdb_pipeline.py for tasks to queue
[2026-07-25T10:37:51.088+0000] {logging_mixin.py:190} INFO - [2026-07-25T10:37:51.087+0000] {dagbag.py:588} INFO - Filling up the DagBag from /opt/airflow/dags/hdb_pipeline.py
[2026-07-25T10:37:51.461+0000] {processor.py:925} INFO - DAG(s) 'hdb_resale_pipeline' retrieved from /opt/airflow/dags/hdb_pipeline.py
[2026-07-25T10:37:51.474+0000] {logging_mixin.py:190} INFO - [2026-07-25T10:37:51.474+0000] {dag.py:3239} INFO - Sync 1 DAGs
[2026-07-25T10:37:51.486+0000] {logging_mixin.py:190} INFO - [2026-07-25T10:37:51.486+0000] {dag.py:4180} INFO - Setting next_dagrun for hdb_resale_pipeline to 2026-07-25 00:00:00+00:00, run_after=2026-07-26 00:00:00+00:00
[2026-07-25T10:37:51.496+0000] {processor.py:208} INFO - Processing /opt/airflow/dags/hdb_pipeline.py took 0.414 seconds
[2026-07-25T10:38:21.638+0000] {processor.py:186} INFO - Started process (PID=1261) to work on /opt/airflow/dags/hdb_pipeline.py
[2026-07-25T10:38:21.639+0000] {processor.py:914} INFO - Processing file /opt/airflow/dags/hdb_pipeline.py for tasks to queue
[2026-07-25T10:38:21.641+0000] {logging_mixin.py:190} INFO - [2026-07-25T10:38:21.641+0000] {dagbag.py:588} INFO - Filling up the DagBag from /opt/airflow/dags/hdb_pipeline.py
[2026-07-25T10:38:22.002+0000] {processor.py:925} INFO - DAG(s) 'hdb_resale_pipeline' retrieved from /opt/airflow/dags/hdb_pipeline.py
[2026-07-25T10:38:22.016+0000] {logging_mixin.py:190} INFO - [2026-07-25T10:38:22.016+0000] {dag.py:3239} INFO - Sync 1 DAGs
[2026-07-25T10:38:22.028+0000] {logging_mixin.py:190} INFO - [2026-07-25T10:38:22.028+0000] {dag.py:4180} INFO - Setting next_dagrun for hdb_resale_pipeline to 2026-07-25 00:00:00+00:00, run_after=2026-07-26 00:00:00+00:00
[2026-07-25T10:38:22.039+0000] {processor.py:208} INFO - Processing /opt/airflow/dags/hdb_pipeline.py took 0.404 seconds
[2026-07-25T10:38:52.183+0000] {processor.py:186} INFO - Started process (PID=1284) to work on /opt/airflow/dags/hdb_pipeline.py
[2026-07-25T10:38:52.184+0000] {processor.py:914} INFO - Processing file /opt/airflow/dags/hdb_pipeline.py for tasks to queue
[2026-07-25T10:38:52.186+0000] {logging_mixin.py:190} INFO - [2026-07-25T10:38:52.185+0000] {dagbag.py:588} INFO - Filling up the DagBag from /opt/airflow/dags/hdb_pipeline.py
[2026-07-25T10:38:52.552+0000] {processor.py:925} INFO - DAG(s) 'hdb_resale_pipeline' retrieved from /opt/airflow/dags/hdb_pipeline.py
[2026-07-25T10:38:52.565+0000] {logging_mixin.py:190} INFO - [2026-07-25T10:38:52.565+0000] {dag.py:3239} INFO - Sync 1 DAGs
[2026-07-25T10:38:52.577+0000] {logging_mixin.py:190} INFO - [2026-07-25T10:38:52.577+0000] {dag.py:4180} INFO - Setting next_dagrun for hdb_resale_pipeline to 2026-07-25 00:00:00+00:00, run_after=2026-07-26 00:00:00+00:00
[2026-07-25T10:38:52.605+0000] {processor.py:208} INFO - Processing /opt/airflow/dags/hdb_pipeline.py took 0.425 seconds
[2026-07-25T10:39:22.742+0000] {processor.py:186} INFO - Started process (PID=1307) to work on /opt/airflow/dags/hdb_pipeline.py
[2026-07-25T10:39:22.743+0000] {processor.py:914} INFO - Processing file /opt/airflow/dags/hdb_pipeline.py for tasks to queue
[2026-07-25T10:39:22.745+0000] {logging_mixin.py:190} INFO - [2026-07-25T10:39:22.745+0000] {dagbag.py:588} INFO - Filling up the DagBag from /opt/airflow/dags/hdb_pipeline.py
[2026-07-25T10:39:23.109+0000] {processor.py:925} INFO - DAG(s) 'hdb_resale_pipeline' retrieved from /opt/airflow/dags/hdb_pipeline.py
[2026-07-25T10:39:23.122+0000] {logging_mixin.py:190} INFO - [2026-07-25T10:39:23.122+0000] {dag.py:3239} INFO - Sync 1 DAGs
[2026-07-25T10:39:23.134+0000] {logging_mixin.py:190} INFO - [2026-07-25T10:39:23.134+0000] {dag.py:4180} INFO - Setting next_dagrun for hdb_resale_pipeline to 2026-07-25 00:00:00+00:00, run_after=2026-07-26 00:00:00+00:00
[2026-07-25T10:39:23.144+0000] {processor.py:208} INFO - Processing /opt/airflow/dags/hdb_pipeline.py took 0.406 seconds
[2026-07-25T10:39:53.800+0000] {processor.py:186} INFO - Started process (PID=1330) to work on /opt/airflow/dags/hdb_pipeline.py
[2026-07-25T10:39:53.800+0000] {processor.py:914} INFO - Processing file /opt/airflow/dags/hdb_pipeline.py for tasks to queue
[2026-07-25T10:39:53.803+0000] {logging_mixin.py:190} INFO - [2026-07-25T10:39:53.802+0000] {dagbag.py:588} INFO - Filling up the DagBag from /opt/airflow/dags/hdb_pipeline.py
[2026-07-25T10:39:54.197+0000] {processor.py:925} INFO - DAG(s) 'hdb_resale_pipeline' retrieved from /opt/airflow/dags/hdb_pipeline.py
[2026-07-25T10:39:54.213+0000] {logging_mixin.py:190} INFO - [2026-07-25T10:39:54.213+0000] {dag.py:3239} INFO - Sync 1 DAGs
[2026-07-25T10:39:54.225+0000] {logging_mixin.py:190} INFO - [2026-07-25T10:39:54.225+0000] {dag.py:4180} INFO - Setting next_dagrun for hdb_resale_pipeline to 2026-07-25 00:00:00+00:00, run_after=2026-07-26 00:00:00+00:00
[2026-07-25T10:39:54.237+0000] {processor.py:208} INFO - Processing /opt/airflow/dags/hdb_pipeline.py took 0.442 seconds
[2026-07-25T10:40:24.385+0000] {processor.py:186} INFO - Started process (PID=1353) to work on /opt/airflow/dags/hdb_pipeline.py
[2026-07-25T10:40:24.386+0000] {processor.py:914} INFO - Processing file /opt/airflow/dags/hdb_pipeline.py for tasks to queue
[2026-07-25T10:40:24.388+0000] {logging_mixin.py:190} INFO - [2026-07-25T10:40:24.387+0000] {dagbag.py:588} INFO - Filling up the DagBag from /opt/airflow/dags/hdb_pipeline.py
[2026-07-25T10:40:24.798+0000] {processor.py:925} INFO - DAG(s) 'hdb_resale_pipeline' retrieved from /opt/airflow/dags/hdb_pipeline.py
[2026-07-25T10:40:24.812+0000] {logging_mixin.py:190} INFO - [2026-07-25T10:40:24.811+0000] {dag.py:3239} INFO - Sync 1 DAGs
[2026-07-25T10:40:24.824+0000] {logging_mixin.py:190} INFO - [2026-07-25T10:40:24.823+0000] {dag.py:4180} INFO - Setting next_dagrun for hdb_resale_pipeline to 2026-07-25 00:00:00+00:00, run_after=2026-07-26 00:00:00+00:00
[2026-07-25T10:40:24.834+0000] {processor.py:208} INFO - Processing /opt/airflow/dags/hdb_pipeline.py took 0.453 seconds
[2026-07-25T10:40:54.984+0000] {processor.py:186} INFO - Started process (PID=1376) to work on /opt/airflow/dags/hdb_pipeline.py
[2026-07-25T10:40:54.984+0000] {processor.py:914} INFO - Processing file /opt/airflow/dags/hdb_pipeline.py for tasks to queue
[2026-07-25T10:40:54.986+0000] {logging_mixin.py:190} INFO - [2026-07-25T10:40:54.986+0000] {dagbag.py:588} INFO - Filling up the DagBag from /opt/airflow/dags/hdb_pipeline.py
[2026-07-25T10:40:55.375+0000] {processor.py:925} INFO - DAG(s) 'hdb_resale_pipeline' retrieved from /opt/airflow/dags/hdb_pipeline.py
[2026-07-25T10:40:55.390+0000] {logging_mixin.py:190} INFO - [2026-07-25T10:40:55.389+0000] {dag.py:3239} INFO - Sync 1 DAGs
[2026-07-25T10:40:55.401+0000] {logging_mixin.py:190} INFO - [2026-07-25T10:40:55.401+0000] {dag.py:4180} INFO - Setting next_dagrun for hdb_resale_pipeline to 2026-07-25 00:00:00+00:00, run_after=2026-07-26 00:00:00+00:00
[2026-07-25T10:40:55.411+0000] {processor.py:208} INFO - Processing /opt/airflow/dags/hdb_pipeline.py took 0.431 seconds
[2026-07-25T10:41:25.562+0000] {processor.py:186} INFO - Started process (PID=1399) to work on /opt/airflow/dags/hdb_pipeline.py
[2026-07-25T10:41:25.563+0000] {processor.py:914} INFO - Processing file /opt/airflow/dags/hdb_pipeline.py for tasks to queue
[2026-07-25T10:41:25.564+0000] {logging_mixin.py:190} INFO - [2026-07-25T10:41:25.564+0000] {dagbag.py:588} INFO - Filling up the DagBag from /opt/airflow/dags/hdb_pipeline.py
[2026-07-25T10:41:25.925+0000] {processor.py:925} INFO - DAG(s) 'hdb_resale_pipeline' retrieved from /opt/airflow/dags/hdb_pipeline.py
[2026-07-25T10:41:25.938+0000] {logging_mixin.py:190} INFO - [2026-07-25T10:41:25.938+0000] {dag.py:3239} INFO - Sync 1 DAGs
[2026-07-25T10:41:25.949+0000] {logging_mixin.py:190} INFO - [2026-07-25T10:41:25.949+0000] {dag.py:4180} INFO - Setting next_dagrun for hdb_resale_pipeline to 2026-07-25 00:00:00+00:00, run_after=2026-07-26 00:00:00+00:00
[2026-07-25T10:41:25.979+0000] {processor.py:208} INFO - Processing /opt/airflow/dags/hdb_pipeline.py took 0.421 seconds
[2026-07-25T10:41:56.158+0000] {processor.py:186} INFO - Started process (PID=1422) to work on /opt/airflow/dags/hdb_pipeline.py
[2026-07-25T10:41:56.158+0000] {processor.py:914} INFO - Processing file /opt/airflow/dags/hdb_pipeline.py for tasks to queue
[2026-07-25T10:41:56.161+0000] {logging_mixin.py:190} INFO - [2026-07-25T10:41:56.160+0000] {dagbag.py:588} INFO - Filling up the DagBag from /opt/airflow/dags/hdb_pipeline.py
[2026-07-25T10:41:56.529+0000] {processor.py:925} INFO - DAG(s) 'hdb_resale_pipeline' retrieved from /opt/airflow/dags/hdb_pipeline.py
[2026-07-25T10:41:56.543+0000] {logging_mixin.py:190} INFO - [2026-07-25T10:41:56.542+0000] {dag.py:3239} INFO - Sync 1 DAGs
[2026-07-25T10:41:56.555+0000] {logging_mixin.py:190} INFO - [2026-07-25T10:41:56.555+0000] {dag.py:4180} INFO - Setting next_dagrun for hdb_resale_pipeline to 2026-07-25 00:00:00+00:00, run_after=2026-07-26 00:00:00+00:00
[2026-07-25T10:41:56.566+0000] {processor.py:208} INFO - Processing /opt/airflow/dags/hdb_pipeline.py took 0.412 seconds
[2026-07-25T10:42:26.708+0000] {processor.py:186} INFO - Started process (PID=1445) to work on /opt/airflow/dags/hdb_pipeline.py
[2026-07-25T10:42:26.708+0000] {processor.py:914} INFO - Processing file /opt/airflow/dags/hdb_pipeline.py for tasks to queue
[2026-07-25T10:42:26.710+0000] {logging_mixin.py:190} INFO - [2026-07-25T10:42:26.710+0000] {dagbag.py:588} INFO - Filling up the DagBag from /opt/airflow/dags/hdb_pipeline.py
[2026-07-25T10:42:27.097+0000] {processor.py:925} INFO - DAG(s) 'hdb_resale_pipeline' retrieved from /opt/airflow/dags/hdb_pipeline.py
[2026-07-25T10:42:27.110+0000] {logging_mixin.py:190} INFO - [2026-07-25T10:42:27.110+0000] {dag.py:3239} INFO - Sync 1 DAGs
[2026-07-25T10:42:27.122+0000] {logging_mixin.py:190} INFO - [2026-07-25T10:42:27.122+0000] {dag.py:4180} INFO - Setting next_dagrun for hdb_resale_pipeline to 2026-07-25 00:00:00+00:00, run_after=2026-07-26 00:00:00+00:00
[2026-07-25T10:42:27.133+0000] {processor.py:208} INFO - Processing /opt/airflow/dags/hdb_pipeline.py took 0.428 seconds
[2026-07-25T10:42:57.277+0000] {processor.py:186} INFO - Started process (PID=1468) to work on /opt/airflow/dags/hdb_pipeline.py
[2026-07-25T10:42:57.278+0000] {processor.py:914} INFO - Processing file /opt/airflow/dags/hdb_pipeline.py for tasks to queue
[2026-07-25T10:42:57.280+0000] {logging_mixin.py:190} INFO - [2026-07-25T10:42:57.280+0000] {dagbag.py:588} INFO - Filling up the DagBag from /opt/airflow/dags/hdb_pipeline.py
[2026-07-25T10:42:57.643+0000] {processor.py:925} INFO - DAG(s) 'hdb_resale_pipeline' retrieved from /opt/airflow/dags/hdb_pipeline.py
[2026-07-25T10:42:57.656+0000] {logging_mixin.py:190} INFO - [2026-07-25T10:42:57.656+0000] {dag.py:3239} INFO - Sync 1 DAGs
[2026-07-25T10:42:57.668+0000] {logging_mixin.py:190} INFO - [2026-07-25T10:42:57.668+0000] {dag.py:4180} INFO - Setting next_dagrun for hdb_resale_pipeline to 2026-07-25 00:00:00+00:00, run_after=2026-07-26 00:00:00+00:00
[2026-07-25T10:42:57.679+0000] {processor.py:208} INFO - Processing /opt/airflow/dags/hdb_pipeline.py took 0.406 seconds
[2026-07-25T10:43:27.826+0000] {processor.py:186} INFO - Started process (PID=1491) to work on /opt/airflow/dags/hdb_pipeline.py
[2026-07-25T10:43:27.827+0000] {processor.py:914} INFO - Processing file /opt/airflow/dags/hdb_pipeline.py for tasks to queue
[2026-07-25T10:43:27.829+0000] {logging_mixin.py:190} INFO - [2026-07-25T10:43:27.828+0000] {dagbag.py:588} INFO - Filling up the DagBag from /opt/airflow/dags/hdb_pipeline.py
[2026-07-25T10:43:28.183+0000] {processor.py:925} INFO - DAG(s) 'hdb_resale_pipeline' retrieved from /opt/airflow/dags/hdb_pipeline.py
[2026-07-25T10:43:28.196+0000] {logging_mixin.py:190} INFO - [2026-07-25T10:43:28.196+0000] {dag.py:3239} INFO - Sync 1 DAGs
[2026-07-25T10:43:28.208+0000] {logging_mixin.py:190} INFO - [2026-07-25T10:43:28.208+0000] {dag.py:4180} INFO - Setting next_dagrun for hdb_resale_pipeline to 2026-07-25 00:00:00+00:00, run_after=2026-07-26 00:00:00+00:00
[2026-07-25T10:43:28.219+0000] {processor.py:208} INFO - Processing /opt/airflow/dags/hdb_pipeline.py took 0.397 seconds
[2026-07-25T10:43:58.358+0000] {processor.py:186} INFO - Started process (PID=1514) to work on /opt/airflow/dags/hdb_pipeline.py
[2026-07-25T10:43:58.359+0000] {processor.py:914} INFO - Processing file /opt/airflow/dags/hdb_pipeline.py for tasks to queue
[2026-07-25T10:43:58.361+0000] {logging_mixin.py:190} INFO - [2026-07-25T10:43:58.360+0000] {dagbag.py:588} INFO - Filling up the DagBag from /opt/airflow/dags/hdb_pipeline.py
[2026-07-25T10:43:58.714+0000] {processor.py:925} INFO - DAG(s) 'hdb_resale_pipeline' retrieved from /opt/airflow/dags/hdb_pipeline.py
[2026-07-25T10:43:58.728+0000] {logging_mixin.py:190} INFO - [2026-07-25T10:43:58.727+0000] {dag.py:3239} INFO - Sync 1 DAGs
[2026-07-25T10:43:58.740+0000] {logging_mixin.py:190} INFO - [2026-07-25T10:43:58.740+0000] {dag.py:4180} INFO - Setting next_dagrun for hdb_resale_pipeline to 2026-07-25 00:00:00+00:00, run_after=2026-07-26 00:00:00+00:00
[2026-07-25T10:43:58.750+0000] {processor.py:208} INFO - Processing /opt/airflow/dags/hdb_pipeline.py took 0.396 seconds
[2026-07-25T10:44:28.889+0000] {processor.py:186} INFO - Started process (PID=1537) to work on /opt/airflow/dags/hdb_pipeline.py
[2026-07-25T10:44:28.890+0000] {processor.py:914} INFO - Processing file /opt/airflow/dags/hdb_pipeline.py for tasks to queue
[2026-07-25T10:44:28.892+0000] {logging_mixin.py:190} INFO - [2026-07-25T10:44:28.892+0000] {dagbag.py:588} INFO - Filling up the DagBag from /opt/airflow/dags/hdb_pipeline.py
[2026-07-25T10:44:29.267+0000] {processor.py:925} INFO - DAG(s) 'hdb_resale_pipeline' retrieved from /opt/airflow/dags/hdb_pipeline.py
[2026-07-25T10:44:29.281+0000] {logging_mixin.py:190} INFO - [2026-07-25T10:44:29.281+0000] {dag.py:3239} INFO - Sync 1 DAGs
[2026-07-25T10:44:29.293+0000] {logging_mixin.py:190} INFO - [2026-07-25T10:44:29.293+0000] {dag.py:4180} INFO - Setting next_dagrun for hdb_resale_pipeline to 2026-07-25 00:00:00+00:00, run_after=2026-07-26 00:00:00+00:00
[2026-07-25T10:44:29.304+0000] {processor.py:208} INFO - Processing /opt/airflow/dags/hdb_pipeline.py took 0.420 seconds
[2026-07-25T10:44:59.443+0000] {processor.py:186} INFO - Started process (PID=1560) to work on /opt/airflow/dags/hdb_pipeline.py
[2026-07-25T10:44:59.444+0000] {processor.py:914} INFO - Processing file /opt/airflow/dags/hdb_pipeline.py for tasks to queue
[2026-07-25T10:44:59.446+0000] {logging_mixin.py:190} INFO - [2026-07-25T10:44:59.446+0000] {dagbag.py:588} INFO - Filling up the DagBag from /opt/airflow/dags/hdb_pipeline.py
[2026-07-25T10:44:59.815+0000] {processor.py:925} INFO - DAG(s) 'hdb_resale_pipeline' retrieved from /opt/airflow/dags/hdb_pipeline.py
[2026-07-25T10:44:59.828+0000] {logging_mixin.py:190} INFO - [2026-07-25T10:44:59.828+0000] {dag.py:3239} INFO - Sync 1 DAGs
[2026-07-25T10:44:59.840+0000] {logging_mixin.py:190} INFO - [2026-07-25T10:44:59.840+0000] {dag.py:4180} INFO - Setting next_dagrun for hdb_resale_pipeline to 2026-07-25 00:00:00+00:00, run_after=2026-07-26 00:00:00+00:00
[2026-07-25T10:44:59.851+0000] {processor.py:208} INFO - Processing /opt/airflow/dags/hdb_pipeline.py took 0.411 seconds
[2026-07-25T10:45:29.990+0000] {processor.py:186} INFO - Started process (PID=1583) to work on /opt/airflow/dags/hdb_pipeline.py
[2026-07-25T10:45:29.991+0000] {processor.py:914} INFO - Processing file /opt/airflow/dags/hdb_pipeline.py for tasks to queue
[2026-07-25T10:45:29.993+0000] {logging_mixin.py:190} INFO - [2026-07-25T10:45:29.993+0000] {dagbag.py:588} INFO - Filling up the DagBag from /opt/airflow/dags/hdb_pipeline.py
[2026-07-25T10:45:30.379+0000] {processor.py:925} INFO - DAG(s) 'hdb_resale_pipeline' retrieved from /opt/airflow/dags/hdb_pipeline.py
[2026-07-25T10:45:30.393+0000] {logging_mixin.py:190} INFO - [2026-07-25T10:45:30.392+0000] {dag.py:3239} INFO - Sync 1 DAGs
[2026-07-25T10:45:30.404+0000] {logging_mixin.py:190} INFO - [2026-07-25T10:45:30.404+0000] {dag.py:4180} INFO - Setting next_dagrun for hdb_resale_pipeline to 2026-07-25 00:00:00+00:00, run_after=2026-07-26 00:00:00+00:00
[2026-07-25T10:45:30.415+0000] {processor.py:208} INFO - Processing /opt/airflow/dags/hdb_pipeline.py took 0.428 seconds
[2026-07-25T10:46:00.564+0000] {processor.py:186} INFO - Started process (PID=1612) to work on /opt/airflow/dags/hdb_pipeline.py
[2026-07-25T10:46:00.565+0000] {processor.py:914} INFO - Processing file /opt/airflow/dags/hdb_pipeline.py for tasks to queue
[2026-07-25T10:46:00.567+0000] {logging_mixin.py:190} INFO - [2026-07-25T10:46:00.566+0000] {dagbag.py:588} INFO - Filling up the DagBag from /opt/airflow/dags/hdb_pipeline.py
[2026-07-25T10:46:00.941+0000] {processor.py:925} INFO - DAG(s) 'hdb_resale_pipeline' retrieved from /opt/airflow/dags/hdb_pipeline.py
[2026-07-25T10:46:00.955+0000] {logging_mixin.py:190} INFO - [2026-07-25T10:46:00.954+0000] {dag.py:3239} INFO - Sync 1 DAGs
[2026-07-25T10:46:00.967+0000] {logging_mixin.py:190} INFO - [2026-07-25T10:46:00.967+0000] {dag.py:4180} INFO - Setting next_dagrun for hdb_resale_pipeline to 2026-07-25 00:00:00+00:00, run_after=2026-07-26 00:00:00+00:00
[2026-07-25T10:46:00.979+0000] {processor.py:208} INFO - Processing /opt/airflow/dags/hdb_pipeline.py took 0.419 seconds
[2026-07-25T10:46:31.128+0000] {processor.py:186} INFO - Started process (PID=1635) to work on /opt/airflow/dags/hdb_pipeline.py
[2026-07-25T10:46:31.129+0000] {processor.py:914} INFO - Processing file /opt/airflow/dags/hdb_pipeline.py for tasks to queue
[2026-07-25T10:46:31.131+0000] {logging_mixin.py:190} INFO - [2026-07-25T10:46:31.131+0000] {dagbag.py:588} INFO - Filling up the DagBag from /opt/airflow/dags/hdb_pipeline.py
[2026-07-25T10:46:31.594+0000] {processor.py:925} INFO - DAG(s) 'hdb_resale_pipeline' retrieved from /opt/airflow/dags/hdb_pipeline.py
[2026-07-25T10:46:31.608+0000] {logging_mixin.py:190} INFO - [2026-07-25T10:46:31.608+0000] {dag.py:3239} INFO - Sync 1 DAGs
[2026-07-25T10:46:31.621+0000] {logging_mixin.py:190} INFO - [2026-07-25T10:46:31.621+0000] {dag.py:4180} INFO - Setting next_dagrun for hdb_resale_pipeline to 2026-07-25 00:00:00+00:00, run_after=2026-07-26 00:00:00+00:00
[2026-07-25T10:46:31.631+0000] {processor.py:208} INFO - Processing /opt/airflow/dags/hdb_pipeline.py took 0.507 seconds
[2026-07-25T10:47:01.780+0000] {processor.py:186} INFO - Started process (PID=1658) to work on /opt/airflow/dags/hdb_pipeline.py
[2026-07-25T10:47:01.781+0000] {processor.py:914} INFO - Processing file /opt/airflow/dags/hdb_pipeline.py for tasks to queue
[2026-07-25T10:47:01.783+0000] {logging_mixin.py:190} INFO - [2026-07-25T10:47:01.783+0000] {dagbag.py:588} INFO - Filling up the DagBag from /opt/airflow/dags/hdb_pipeline.py
[2026-07-25T10:47:02.184+0000] {processor.py:925} INFO - DAG(s) 'hdb_resale_pipeline' retrieved from /opt/airflow/dags/hdb_pipeline.py
[2026-07-25T10:47:02.198+0000] {logging_mixin.py:190} INFO - [2026-07-25T10:47:02.198+0000] {dag.py:3239} INFO - Sync 1 DAGs
[2026-07-25T10:47:02.209+0000] {logging_mixin.py:190} INFO - [2026-07-25T10:47:02.209+0000] {dag.py:4180} INFO - Setting next_dagrun for hdb_resale_pipeline to 2026-07-25 00:00:00+00:00, run_after=2026-07-26 00:00:00+00:00
[2026-07-25T10:47:02.220+0000] {processor.py:208} INFO - Processing /opt/airflow/dags/hdb_pipeline.py took 0.444 seconds
[2026-07-25T10:47:32.368+0000] {processor.py:186} INFO - Started process (PID=1681) to work on /opt/airflow/dags/hdb_pipeline.py
[2026-07-25T10:47:32.368+0000] {processor.py:914} INFO - Processing file /opt/airflow/dags/hdb_pipeline.py for tasks to queue
[2026-07-25T10:47:32.370+0000] {logging_mixin.py:190} INFO - [2026-07-25T10:47:32.370+0000] {dagbag.py:588} INFO - Filling up the DagBag from /opt/airflow/dags/hdb_pipeline.py
[2026-07-25T10:47:32.736+0000] {processor.py:925} INFO - DAG(s) 'hdb_resale_pipeline' retrieved from /opt/airflow/dags/hdb_pipeline.py
[2026-07-25T10:47:32.749+0000] {logging_mixin.py:190} INFO - [2026-07-25T10:47:32.749+0000] {dag.py:3239} INFO - Sync 1 DAGs
[2026-07-25T10:47:32.760+0000] {logging_mixin.py:190} INFO - [2026-07-25T10:47:32.760+0000] {dag.py:4180} INFO - Setting next_dagrun for hdb_resale_pipeline to 2026-07-25 00:00:00+00:00, run_after=2026-07-26 00:00:00+00:00
[2026-07-25T10:47:32.773+0000] {processor.py:208} INFO - Processing /opt/airflow/dags/hdb_pipeline.py took 0.409 seconds
[2026-07-25T10:48:02.919+0000] {processor.py:186} INFO - Started process (PID=1704) to work on /opt/airflow/dags/hdb_pipeline.py
[2026-07-25T10:48:02.920+0000] {processor.py:914} INFO - Processing file /opt/airflow/dags/hdb_pipeline.py for tasks to queue
[2026-07-25T10:48:02.922+0000] {logging_mixin.py:190} INFO - [2026-07-25T10:48:02.921+0000] {dagbag.py:588} INFO - Filling up the DagBag from /opt/airflow/dags/hdb_pipeline.py
[2026-07-25T10:48:03.322+0000] {processor.py:925} INFO - DAG(s) 'hdb_resale_pipeline' retrieved from /opt/airflow/dags/hdb_pipeline.py
[2026-07-25T10:48:03.336+0000] {logging_mixin.py:190} INFO - [2026-07-25T10:48:03.335+0000] {dag.py:3239} INFO - Sync 1 DAGs
[2026-07-25T10:48:03.348+0000] {logging_mixin.py:190} INFO - [2026-07-25T10:48:03.348+0000] {dag.py:4180} INFO - Setting next_dagrun for hdb_resale_pipeline to 2026-07-25 00:00:00+00:00, run_after=2026-07-26 00:00:00+00:00
[2026-07-25T10:48:03.358+0000] {processor.py:208} INFO - Processing /opt/airflow/dags/hdb_pipeline.py took 0.442 seconds
[2026-07-25T10:48:33.505+0000] {processor.py:186} INFO - Started process (PID=1727) to work on /opt/airflow/dags/hdb_pipeline.py
[2026-07-25T10:48:33.506+0000] {processor.py:914} INFO - Processing file /opt/airflow/dags/hdb_pipeline.py for tasks to queue
[2026-07-25T10:48:33.508+0000] {logging_mixin.py:190} INFO - [2026-07-25T10:48:33.507+0000] {dagbag.py:588} INFO - Filling up the DagBag from /opt/airflow/dags/hdb_pipeline.py
[2026-07-25T10:48:33.885+0000] {processor.py:925} INFO - DAG(s) 'hdb_resale_pipeline' retrieved from /opt/airflow/dags/hdb_pipeline.py
[2026-07-25T10:48:33.898+0000] {logging_mixin.py:190} INFO - [2026-07-25T10:48:33.898+0000] {dag.py:3239} INFO - Sync 1 DAGs
[2026-07-25T10:48:33.910+0000] {logging_mixin.py:190} INFO - [2026-07-25T10:48:33.910+0000] {dag.py:4180} INFO - Setting next_dagrun for hdb_resale_pipeline to 2026-07-25 00:00:00+00:00, run_after=2026-07-26 00:00:00+00:00
[2026-07-25T10:48:33.921+0000] {processor.py:208} INFO - Processing /opt/airflow/dags/hdb_pipeline.py took 0.420 seconds
[2026-07-25T10:49:04.067+0000] {processor.py:186} INFO - Started process (PID=1750) to work on /opt/airflow/dags/hdb_pipeline.py
[2026-07-25T10:49:04.068+0000] {processor.py:914} INFO - Processing file /opt/airflow/dags/hdb_pipeline.py for tasks to queue
[2026-07-25T10:49:04.070+0000] {logging_mixin.py:190} INFO - [2026-07-25T10:49:04.070+0000] {dagbag.py:588} INFO - Filling up the DagBag from /opt/airflow/dags/hdb_pipeline.py
[2026-07-25T10:49:04.444+0000] {processor.py:925} INFO - DAG(s) 'hdb_resale_pipeline' retrieved from /opt/airflow/dags/hdb_pipeline.py
[2026-07-25T10:49:04.459+0000] {logging_mixin.py:190} INFO - [2026-07-25T10:49:04.458+0000] {dag.py:3239} INFO - Sync 1 DAGs
[2026-07-25T10:49:04.470+0000] {logging_mixin.py:190} INFO - [2026-07-25T10:49:04.470+0000] {dag.py:4180} INFO - Setting next_dagrun for hdb_resale_pipeline to 2026-07-25 00:00:00+00:00, run_after=2026-07-26 00:00:00+00:00
[2026-07-25T10:49:04.482+0000] {processor.py:208} INFO - Processing /opt/airflow/dags/hdb_pipeline.py took 0.418 seconds
[2026-07-25T10:49:34.631+0000] {processor.py:186} INFO - Started process (PID=1773) to work on /opt/airflow/dags/hdb_pipeline.py
[2026-07-25T10:49:34.632+0000] {processor.py:914} INFO - Processing file /opt/airflow/dags/hdb_pipeline.py for tasks to queue
[2026-07-25T10:49:34.634+0000] {logging_mixin.py:190} INFO - [2026-07-25T10:49:34.634+0000] {dagbag.py:588} INFO - Filling up the DagBag from /opt/airflow/dags/hdb_pipeline.py
[2026-07-25T10:49:35.018+0000] {processor.py:925} INFO - DAG(s) 'hdb_resale_pipeline' retrieved from /opt/airflow/dags/hdb_pipeline.py
[2026-07-25T10:49:35.032+0000] {logging_mixin.py:190} INFO - [2026-07-25T10:49:35.032+0000] {dag.py:3239} INFO - Sync 1 DAGs
[2026-07-25T10:49:35.043+0000] {logging_mixin.py:190} INFO - [2026-07-25T10:49:35.043+0000] {dag.py:4180} INFO - Setting next_dagrun for hdb_resale_pipeline to 2026-07-25 00:00:00+00:00, run_after=2026-07-26 00:00:00+00:00
[2026-07-25T10:49:35.055+0000] {processor.py:208} INFO - Processing /opt/airflow/dags/hdb_pipeline.py took 0.427 seconds
[2026-07-25T10:50:05.198+0000] {processor.py:186} INFO - Started process (PID=1796) to work on /opt/airflow/dags/hdb_pipeline.py
[2026-07-25T10:50:05.199+0000] {processor.py:914} INFO - Processing file /opt/airflow/dags/hdb_pipeline.py for tasks to queue
[2026-07-25T10:50:05.201+0000] {logging_mixin.py:190} INFO - [2026-07-25T10:50:05.201+0000] {dagbag.py:588} INFO - Filling up the DagBag from /opt/airflow/dags/hdb_pipeline.py
[2026-07-25T10:50:05.568+0000] {processor.py:925} INFO - DAG(s) 'hdb_resale_pipeline' retrieved from /opt/airflow/dags/hdb_pipeline.py
[2026-07-25T10:50:05.581+0000] {logging_mixin.py:190} INFO - [2026-07-25T10:50:05.581+0000] {dag.py:3239} INFO - Sync 1 DAGs
[2026-07-25T10:50:05.593+0000] {logging_mixin.py:190} INFO - [2026-07-25T10:50:05.593+0000] {dag.py:4180} INFO - Setting next_dagrun for hdb_resale_pipeline to 2026-07-25 00:00:00+00:00, run_after=2026-07-26 00:00:00+00:00
[2026-07-25T10:50:05.604+0000] {processor.py:208} INFO - Processing /opt/airflow/dags/hdb_pipeline.py took 0.409 seconds
[2026-07-25T10:50:35.754+0000] {processor.py:186} INFO - Started process (PID=1819) to work on /opt/airflow/dags/hdb_pipeline.py
[2026-07-25T10:50:35.755+0000] {processor.py:914} INFO - Processing file /opt/airflow/dags/hdb_pipeline.py for tasks to queue
[2026-07-25T10:50:35.756+0000] {logging_mixin.py:190} INFO - [2026-07-25T10:50:35.756+0000] {dagbag.py:588} INFO - Filling up the DagBag from /opt/airflow/dags/hdb_pipeline.py
[2026-07-25T10:50:36.134+0000] {processor.py:925} INFO - DAG(s) 'hdb_resale_pipeline' retrieved from /opt/airflow/dags/hdb_pipeline.py
[2026-07-25T10:50:36.148+0000] {logging_mixin.py:190} INFO - [2026-07-25T10:50:36.148+0000] {dag.py:3239} INFO - Sync 1 DAGs
[2026-07-25T10:50:36.160+0000] {logging_mixin.py:190} INFO - [2026-07-25T10:50:36.160+0000] {dag.py:4180} INFO - Setting next_dagrun for hdb_resale_pipeline to 2026-07-25 00:00:00+00:00, run_after=2026-07-26 00:00:00+00:00
[2026-07-25T10:50:36.170+0000] {processor.py:208} INFO - Processing /opt/airflow/dags/hdb_pipeline.py took 0.420 seconds
[2026-07-25T10:51:06.310+0000] {processor.py:186} INFO - Started process (PID=1842) to work on /opt/airflow/dags/hdb_pipeline.py
[2026-07-25T10:51:06.311+0000] {processor.py:914} INFO - Processing file /opt/airflow/dags/hdb_pipeline.py for tasks to queue
[2026-07-25T10:51:06.313+0000] {logging_mixin.py:190} INFO - [2026-07-25T10:51:06.313+0000] {dagbag.py:588} INFO - Filling up the DagBag from /opt/airflow/dags/hdb_pipeline.py
[2026-07-25T10:51:06.693+0000] {processor.py:925} INFO - DAG(s) 'hdb_resale_pipeline' retrieved from /opt/airflow/dags/hdb_pipeline.py
[2026-07-25T10:51:06.707+0000] {logging_mixin.py:190} INFO - [2026-07-25T10:51:06.707+0000] {dag.py:3239} INFO - Sync 1 DAGs
[2026-07-25T10:51:06.719+0000] {logging_mixin.py:190} INFO - [2026-07-25T10:51:06.719+0000] {dag.py:4180} INFO - Setting next_dagrun for hdb_resale_pipeline to 2026-07-25 00:00:00+00:00, run_after=2026-07-26 00:00:00+00:00
[2026-07-25T10:51:06.730+0000] {processor.py:208} INFO - Processing /opt/airflow/dags/hdb_pipeline.py took 0.424 seconds
[2026-07-25T10:51:36.871+0000] {processor.py:186} INFO - Started process (PID=1865) to work on /opt/airflow/dags/hdb_pipeline.py
[2026-07-25T10:51:36.872+0000] {processor.py:914} INFO - Processing file /opt/airflow/dags/hdb_pipeline.py for tasks to queue
[2026-07-25T10:51:36.874+0000] {logging_mixin.py:190} INFO - [2026-07-25T10:51:36.873+0000] {dagbag.py:588} INFO - Filling up the DagBag from /opt/airflow/dags/hdb_pipeline.py
[2026-07-25T10:51:37.240+0000] {processor.py:925} INFO - DAG(s) 'hdb_resale_pipeline' retrieved from /opt/airflow/dags/hdb_pipeline.py
[2026-07-25T10:51:37.253+0000] {logging_mixin.py:190} INFO - [2026-07-25T10:51:37.253+0000] {dag.py:3239} INFO - Sync 1 DAGs
[2026-07-25T10:51:37.265+0000] {logging_mixin.py:190} INFO - [2026-07-25T10:51:37.264+0000] {dag.py:4180} INFO - Setting next_dagrun for hdb_resale_pipeline to 2026-07-25 00:00:00+00:00, run_after=2026-07-26 00:00:00+00:00
[2026-07-25T10:51:37.275+0000] {processor.py:208} INFO - Processing /opt/airflow/dags/hdb_pipeline.py took 0.408 seconds
[2026-07-25T10:52:07.445+0000] {processor.py:186} INFO - Started process (PID=1888) to work on /opt/airflow/dags/hdb_pipeline.py
[2026-07-25T10:52:07.445+0000] {processor.py:914} INFO - Processing file /opt/airflow/dags/hdb_pipeline.py for tasks to queue
[2026-07-25T10:52:07.447+0000] {logging_mixin.py:190} INFO - [2026-07-25T10:52:07.447+0000] {dagbag.py:588} INFO - Filling up the DagBag from /opt/airflow/dags/hdb_pipeline.py
[2026-07-25T10:52:07.811+0000] {processor.py:925} INFO - DAG(s) 'hdb_resale_pipeline' retrieved from /opt/airflow/dags/hdb_pipeline.py
[2026-07-25T10:52:07.825+0000] {logging_mixin.py:190} INFO - [2026-07-25T10:52:07.825+0000] {dag.py:3239} INFO - Sync 1 DAGs
[2026-07-25T10:52:07.838+0000] {logging_mixin.py:190} INFO - [2026-07-25T10:52:07.837+0000] {dag.py:4180} INFO - Setting next_dagrun for hdb_resale_pipeline to 2026-07-25 00:00:00+00:00, run_after=2026-07-26 00:00:00+00:00
[2026-07-25T10:52:07.848+0000] {processor.py:208} INFO - Processing /opt/airflow/dags/hdb_pipeline.py took 0.407 seconds
[2026-07-25T10:52:37.988+0000] {processor.py:186} INFO - Started process (PID=1911) to work on /opt/airflow/dags/hdb_pipeline.py
[2026-07-25T10:52:37.989+0000] {processor.py:914} INFO - Processing file /opt/airflow/dags/hdb_pipeline.py for tasks to queue
[2026-07-25T10:52:37.991+0000] {logging_mixin.py:190} INFO - [2026-07-25T10:52:37.991+0000] {dagbag.py:588} INFO - Filling up the DagBag from /opt/airflow/dags/hdb_pipeline.py
[2026-07-25T10:52:38.351+0000] {processor.py:925} INFO - DAG(s) 'hdb_resale_pipeline' retrieved from /opt/airflow/dags/hdb_pipeline.py
[2026-07-25T10:52:38.364+0000] {logging_mixin.py:190} INFO - [2026-07-25T10:52:38.364+0000] {dag.py:3239} INFO - Sync 1 DAGs
[2026-07-25T10:52:38.376+0000] {logging_mixin.py:190} INFO - [2026-07-25T10:52:38.376+0000] {dag.py:4180} INFO - Setting next_dagrun for hdb_resale_pipeline to 2026-07-25 00:00:00+00:00, run_after=2026-07-26 00:00:00+00:00
[2026-07-25T10:52:38.387+0000] {processor.py:208} INFO - Processing /opt/airflow/dags/hdb_pipeline.py took 0.403 seconds
[2026-07-25T10:53:08.525+0000] {processor.py:186} INFO - Started process (PID=1934) to work on /opt/airflow/dags/hdb_pipeline.py
[2026-07-25T10:53:08.526+0000] {processor.py:914} INFO - Processing file /opt/airflow/dags/hdb_pipeline.py for tasks to queue
[2026-07-25T10:53:08.527+0000] {logging_mixin.py:190} INFO - [2026-07-25T10:53:08.527+0000] {dagbag.py:588} INFO - Filling up the DagBag from /opt/airflow/dags/hdb_pipeline.py
[2026-07-25T10:53:08.907+0000] {processor.py:925} INFO - DAG(s) 'hdb_resale_pipeline' retrieved from /opt/airflow/dags/hdb_pipeline.py
[2026-07-25T10:53:08.921+0000] {logging_mixin.py:190} INFO - [2026-07-25T10:53:08.921+0000] {dag.py:3239} INFO - Sync 1 DAGs
[2026-07-25T10:53:08.933+0000] {logging_mixin.py:190} INFO - [2026-07-25T10:53:08.933+0000] {dag.py:4180} INFO - Setting next_dagrun for hdb_resale_pipeline to 2026-07-25 00:00:00+00:00, run_after=2026-07-26 00:00:00+00:00
[2026-07-25T10:53:08.955+0000] {processor.py:208} INFO - Processing /opt/airflow/dags/hdb_pipeline.py took 0.434 seconds
[2026-07-25T10:53:39.097+0000] {processor.py:186} INFO - Started process (PID=1957) to work on /opt/airflow/dags/hdb_pipeline.py
[2026-07-25T10:53:39.098+0000] {processor.py:914} INFO - Processing file /opt/airflow/dags/hdb_pipeline.py for tasks to queue
[2026-07-25T10:53:39.100+0000] {logging_mixin.py:190} INFO - [2026-07-25T10:53:39.100+0000] {dagbag.py:588} INFO - Filling up the DagBag from /opt/airflow/dags/hdb_pipeline.py
[2026-07-25T10:53:39.462+0000] {processor.py:925} INFO - DAG(s) 'hdb_resale_pipeline' retrieved from /opt/airflow/dags/hdb_pipeline.py
[2026-07-25T10:53:39.476+0000] {logging_mixin.py:190} INFO - [2026-07-25T10:53:39.476+0000] {dag.py:3239} INFO - Sync 1 DAGs
[2026-07-25T10:53:39.488+0000] {logging_mixin.py:190} INFO - [2026-07-25T10:53:39.488+0000] {dag.py:4180} INFO - Setting next_dagrun for hdb_resale_pipeline to 2026-07-25 00:00:00+00:00, run_after=2026-07-26 00:00:00+00:00
[2026-07-25T10:53:39.499+0000] {processor.py:208} INFO - Processing /opt/airflow/dags/hdb_pipeline.py took 0.405 seconds
[2026-07-25T10:54:09.643+0000] {processor.py:186} INFO - Started process (PID=1980) to work on /opt/airflow/dags/hdb_pipeline.py
[2026-07-25T10:54:09.644+0000] {processor.py:914} INFO - Processing file /opt/airflow/dags/hdb_pipeline.py for tasks to queue
[2026-07-25T10:54:09.646+0000] {logging_mixin.py:190} INFO - [2026-07-25T10:54:09.645+0000] {dagbag.py:588} INFO - Filling up the DagBag from /opt/airflow/dags/hdb_pipeline.py
[2026-07-25T10:54:10.008+0000] {processor.py:925} INFO - DAG(s) 'hdb_resale_pipeline' retrieved from /opt/airflow/dags/hdb_pipeline.py
[2026-07-25T10:54:10.021+0000] {logging_mixin.py:190} INFO - [2026-07-25T10:54:10.021+0000] {dag.py:3239} INFO - Sync 1 DAGs
[2026-07-25T10:54:10.033+0000] {logging_mixin.py:190} INFO - [2026-07-25T10:54:10.033+0000] {dag.py:4180} INFO - Setting next_dagrun for hdb_resale_pipeline to 2026-07-25 00:00:00+00:00, run_after=2026-07-26 00:00:00+00:00
[2026-07-25T10:54:10.044+0000] {processor.py:208} INFO - Processing /opt/airflow/dags/hdb_pipeline.py took 0.404 seconds
[2026-07-25T10:54:40.184+0000] {processor.py:186} INFO - Started process (PID=2003) to work on /opt/airflow/dags/hdb_pipeline.py
[2026-07-25T10:54:40.184+0000] {processor.py:914} INFO - Processing file /opt/airflow/dags/hdb_pipeline.py for tasks to queue
[2026-07-25T10:54:40.186+0000] {logging_mixin.py:190} INFO - [2026-07-25T10:54:40.186+0000] {dagbag.py:588} INFO - Filling up the DagBag from /opt/airflow/dags/hdb_pipeline.py
[2026-07-25T10:54:40.551+0000] {processor.py:925} INFO - DAG(s) 'hdb_resale_pipeline' retrieved from /opt/airflow/dags/hdb_pipeline.py
[2026-07-25T10:54:40.564+0000] {logging_mixin.py:190} INFO - [2026-07-25T10:54:40.564+0000] {dag.py:3239} INFO - Sync 1 DAGs
[2026-07-25T10:54:40.576+0000] {logging_mixin.py:190} INFO - [2026-07-25T10:54:40.576+0000] {dag.py:4180} INFO - Setting next_dagrun for hdb_resale_pipeline to 2026-07-25 00:00:00+00:00, run_after=2026-07-26 00:00:00+00:00
[2026-07-25T10:54:40.587+0000] {processor.py:208} INFO - Processing /opt/airflow/dags/hdb_pipeline.py took 0.407 seconds
[2026-07-25T10:55:10.736+0000] {processor.py:186} INFO - Started process (PID=2026) to work on /opt/airflow/dags/hdb_pipeline.py
[2026-07-25T10:55:10.737+0000] {processor.py:914} INFO - Processing file /opt/airflow/dags/hdb_pipeline.py for tasks to queue
[2026-07-25T10:55:10.739+0000] {logging_mixin.py:190} INFO - [2026-07-25T10:55:10.738+0000] {dagbag.py:588} INFO - Filling up the DagBag from /opt/airflow/dags/hdb_pipeline.py
[2026-07-25T10:55:11.104+0000] {processor.py:925} INFO - DAG(s) 'hdb_resale_pipeline' retrieved from /opt/airflow/dags/hdb_pipeline.py
[2026-07-25T10:55:11.117+0000] {logging_mixin.py:190} INFO - [2026-07-25T10:55:11.116+0000] {dag.py:3239} INFO - Sync 1 DAGs
[2026-07-25T10:55:11.128+0000] {logging_mixin.py:190} INFO - [2026-07-25T10:55:11.128+0000] {dag.py:4180} INFO - Setting next_dagrun for hdb_resale_pipeline to 2026-07-25 00:00:00+00:00, run_after=2026-07-26 00:00:00+00:00
[2026-07-25T10:55:11.139+0000] {processor.py:208} INFO - Processing /opt/airflow/dags/hdb_pipeline.py took 0.407 seconds
[2026-07-25T10:55:41.287+0000] {processor.py:186} INFO - Started process (PID=2050) to work on /opt/airflow/dags/hdb_pipeline.py
[2026-07-25T10:55:41.288+0000] {processor.py:914} INFO - Processing file /opt/airflow/dags/hdb_pipeline.py for tasks to queue
[2026-07-25T10:55:41.290+0000] {logging_mixin.py:190} INFO - [2026-07-25T10:55:41.290+0000] {dagbag.py:588} INFO - Filling up the DagBag from /opt/airflow/dags/hdb_pipeline.py
[2026-07-25T10:55:41.673+0000] {processor.py:925} INFO - DAG(s) 'hdb_resale_pipeline' retrieved from /opt/airflow/dags/hdb_pipeline.py
[2026-07-25T10:55:41.687+0000] {logging_mixin.py:190} INFO - [2026-07-25T10:55:41.687+0000] {dag.py:3239} INFO - Sync 1 DAGs
[2026-07-25T10:55:41.699+0000] {logging_mixin.py:190} INFO - [2026-07-25T10:55:41.699+0000] {dag.py:4180} INFO - Setting next_dagrun for hdb_resale_pipeline to 2026-07-25 00:00:00+00:00, run_after=2026-07-26 00:00:00+00:00
[2026-07-25T10:55:41.709+0000] {processor.py:208} INFO - Processing /opt/airflow/dags/hdb_pipeline.py took 0.426 seconds
[2026-07-25T10:56:11.855+0000] {processor.py:186} INFO - Started process (PID=2073) to work on /opt/airflow/dags/hdb_pipeline.py
[2026-07-25T10:56:11.856+0000] {processor.py:914} INFO - Processing file /opt/airflow/dags/hdb_pipeline.py for tasks to queue
[2026-07-25T10:56:11.857+0000] {logging_mixin.py:190} INFO - [2026-07-25T10:56:11.857+0000] {dagbag.py:588} INFO - Filling up the DagBag from /opt/airflow/dags/hdb_pipeline.py
[2026-07-25T10:56:12.231+0000] {processor.py:925} INFO - DAG(s) 'hdb_resale_pipeline' retrieved from /opt/airflow/dags/hdb_pipeline.py
[2026-07-25T10:56:12.244+0000] {logging_mixin.py:190} INFO - [2026-07-25T10:56:12.244+0000] {dag.py:3239} INFO - Sync 1 DAGs
[2026-07-25T10:56:12.257+0000] {logging_mixin.py:190} INFO - [2026-07-25T10:56:12.256+0000] {dag.py:4180} INFO - Setting next_dagrun for hdb_resale_pipeline to 2026-07-25 00:00:00+00:00, run_after=2026-07-26 00:00:00+00:00
[2026-07-25T10:56:12.268+0000] {processor.py:208} INFO - Processing /opt/airflow/dags/hdb_pipeline.py took 0.417 seconds
[2026-07-25T10:56:42.411+0000] {processor.py:186} INFO - Started process (PID=2096) to work on /opt/airflow/dags/hdb_pipeline.py
[2026-07-25T10:56:42.412+0000] {processor.py:914} INFO - Processing file /opt/airflow/dags/hdb_pipeline.py for tasks to queue
[2026-07-25T10:56:42.414+0000] {logging_mixin.py:190} INFO - [2026-07-25T10:56:42.414+0000] {dagbag.py:588} INFO - Filling up the DagBag from /opt/airflow/dags/hdb_pipeline.py
[2026-07-25T10:56:42.805+0000] {processor.py:925} INFO - DAG(s) 'hdb_resale_pipeline' retrieved from /opt/airflow/dags/hdb_pipeline.py
[2026-07-25T10:56:42.819+0000] {logging_mixin.py:190} INFO - [2026-07-25T10:56:42.818+0000] {dag.py:3239} INFO - Sync 1 DAGs
[2026-07-25T10:56:42.831+0000] {logging_mixin.py:190} INFO - [2026-07-25T10:56:42.831+0000] {dag.py:4180} INFO - Setting next_dagrun for hdb_resale_pipeline to 2026-07-25 00:00:00+00:00, run_after=2026-07-26 00:00:00+00:00
[2026-07-25T10:56:42.841+0000] {processor.py:208} INFO - Processing /opt/airflow/dags/hdb_pipeline.py took 0.434 seconds
[2026-07-25T10:57:12.985+0000] {processor.py:186} INFO - Started process (PID=2119) to work on /opt/airflow/dags/hdb_pipeline.py
[2026-07-25T10:57:12.986+0000] {processor.py:914} INFO - Processing file /opt/airflow/dags/hdb_pipeline.py for tasks to queue
[2026-07-25T10:57:12.989+0000] {logging_mixin.py:190} INFO - [2026-07-25T10:57:12.989+0000] {dagbag.py:588} INFO - Filling up the DagBag from /opt/airflow/dags/hdb_pipeline.py
[2026-07-25T10:57:13.385+0000] {processor.py:925} INFO - DAG(s) 'hdb_resale_pipeline' retrieved from /opt/airflow/dags/hdb_pipeline.py
[2026-07-25T10:57:13.399+0000] {logging_mixin.py:190} INFO - [2026-07-25T10:57:13.399+0000] {dag.py:3239} INFO - Sync 1 DAGs
[2026-07-25T10:57:13.411+0000] {logging_mixin.py:190} INFO - [2026-07-25T10:57:13.411+0000] {dag.py:4180} INFO - Setting next_dagrun for hdb_resale_pipeline to 2026-07-25 00:00:00+00:00, run_after=2026-07-26 00:00:00+00:00
[2026-07-25T10:57:13.422+0000] {processor.py:208} INFO - Processing /opt/airflow/dags/hdb_pipeline.py took 0.442 seconds
[2026-07-25T10:57:43.570+0000] {processor.py:186} INFO - Started process (PID=2142) to work on /opt/airflow/dags/hdb_pipeline.py
[2026-07-25T10:57:43.571+0000] {processor.py:914} INFO - Processing file /opt/airflow/dags/hdb_pipeline.py for tasks to queue
[2026-07-25T10:57:43.572+0000] {logging_mixin.py:190} INFO - [2026-07-25T10:57:43.572+0000] {dagbag.py:588} INFO - Filling up the DagBag from /opt/airflow/dags/hdb_pipeline.py
[2026-07-25T10:57:43.943+0000] {processor.py:925} INFO - DAG(s) 'hdb_resale_pipeline' retrieved from /opt/airflow/dags/hdb_pipeline.py
[2026-07-25T10:57:43.956+0000] {logging_mixin.py:190} INFO - [2026-07-25T10:57:43.956+0000] {dag.py:3239} INFO - Sync 1 DAGs
[2026-07-25T10:57:43.968+0000] {logging_mixin.py:190} INFO - [2026-07-25T10:57:43.968+0000] {dag.py:4180} INFO - Setting next_dagrun for hdb_resale_pipeline to 2026-07-25 00:00:00+00:00, run_after=2026-07-26 00:00:00+00:00
[2026-07-25T10:57:43.979+0000] {processor.py:208} INFO - Processing /opt/airflow/dags/hdb_pipeline.py took 0.413 seconds
[2026-07-25T10:58:14.131+0000] {processor.py:186} INFO - Started process (PID=2165) to work on /opt/airflow/dags/hdb_pipeline.py
[2026-07-25T10:58:14.132+0000] {processor.py:914} INFO - Processing file /opt/airflow/dags/hdb_pipeline.py for tasks to queue
[2026-07-25T10:58:14.134+0000] {logging_mixin.py:190} INFO - [2026-07-25T10:58:14.134+0000] {dagbag.py:588} INFO - Filling up the DagBag from /opt/airflow/dags/hdb_pipeline.py
[2026-07-25T10:58:14.581+0000] {processor.py:925} INFO - DAG(s) 'hdb_resale_pipeline' retrieved from /opt/airflow/dags/hdb_pipeline.py
[2026-07-25T10:58:14.596+0000] {logging_mixin.py:190} INFO - [2026-07-25T10:58:14.596+0000] {dag.py:3239} INFO - Sync 1 DAGs
[2026-07-25T10:58:14.611+0000] {logging_mixin.py:190} INFO - [2026-07-25T10:58:14.610+0000] {dag.py:4180} INFO - Setting next_dagrun for hdb_resale_pipeline to 2026-07-25 00:00:00+00:00, run_after=2026-07-26 00:00:00+00:00
[2026-07-25T10:58:14.622+0000] {processor.py:208} INFO - Processing /opt/airflow/dags/hdb_pipeline.py took 0.495 seconds
[2026-07-25T10:58:44.782+0000] {processor.py:186} INFO - Started process (PID=2188) to work on /opt/airflow/dags/hdb_pipeline.py
[2026-07-25T10:58:44.783+0000] {processor.py:914} INFO - Processing file /opt/airflow/dags/hdb_pipeline.py for tasks to queue
[2026-07-25T10:58:44.785+0000] {logging_mixin.py:190} INFO - [2026-07-25T10:58:44.785+0000] {dagbag.py:588} INFO - Filling up the DagBag from /opt/airflow/dags/hdb_pipeline.py
[2026-07-25T10:58:45.219+0000] {processor.py:925} INFO - DAG(s) 'hdb_resale_pipeline' retrieved from /opt/airflow/dags/hdb_pipeline.py
[2026-07-25T10:58:45.234+0000] {logging_mixin.py:190} INFO - [2026-07-25T10:58:45.234+0000] {dag.py:3239} INFO - Sync 1 DAGs
[2026-07-25T10:58:45.248+0000] {logging_mixin.py:190} INFO - [2026-07-25T10:58:45.248+0000] {dag.py:4180} INFO - Setting next_dagrun for hdb_resale_pipeline to 2026-07-25 00:00:00+00:00, run_after=2026-07-26 00:00:00+00:00
[2026-07-25T10:58:45.260+0000] {processor.py:208} INFO - Processing /opt/airflow/dags/hdb_pipeline.py took 0.482 seconds
[2026-07-25T10:59:15.402+0000] {processor.py:186} INFO - Started process (PID=2211) to work on /opt/airflow/dags/hdb_pipeline.py
[2026-07-25T10:59:15.402+0000] {processor.py:914} INFO - Processing file /opt/airflow/dags/hdb_pipeline.py for tasks to queue
[2026-07-25T10:59:15.404+0000] {logging_mixin.py:190} INFO - [2026-07-25T10:59:15.404+0000] {dagbag.py:588} INFO - Filling up the DagBag from /opt/airflow/dags/hdb_pipeline.py
[2026-07-25T10:59:15.817+0000] {processor.py:925} INFO - DAG(s) 'hdb_resale_pipeline' retrieved from /opt/airflow/dags/hdb_pipeline.py
[2026-07-25T10:59:15.830+0000] {logging_mixin.py:190} INFO - [2026-07-25T10:59:15.830+0000] {dag.py:3239} INFO - Sync 1 DAGs
[2026-07-25T10:59:15.842+0000] {logging_mixin.py:190} INFO - [2026-07-25T10:59:15.842+0000] {dag.py:4180} INFO - Setting next_dagrun for hdb_resale_pipeline to 2026-07-25 00:00:00+00:00, run_after=2026-07-26 00:00:00+00:00
[2026-07-25T10:59:15.853+0000] {processor.py:208} INFO - Processing /opt/airflow/dags/hdb_pipeline.py took 0.455 seconds
[2026-07-25T10:59:46.010+0000] {processor.py:186} INFO - Started process (PID=2234) to work on /opt/airflow/dags/hdb_pipeline.py
[2026-07-25T10:59:46.010+0000] {processor.py:914} INFO - Processing file /opt/airflow/dags/hdb_pipeline.py for tasks to queue
[2026-07-25T10:59:46.012+0000] {logging_mixin.py:190} INFO - [2026-07-25T10:59:46.012+0000] {dagbag.py:588} INFO - Filling up the DagBag from /opt/airflow/dags/hdb_pipeline.py
[2026-07-25T10:59:46.426+0000] {processor.py:925} INFO - DAG(s) 'hdb_resale_pipeline' retrieved from /opt/airflow/dags/hdb_pipeline.py
[2026-07-25T10:59:46.441+0000] {logging_mixin.py:190} INFO - [2026-07-25T10:59:46.440+0000] {dag.py:3239} INFO - Sync 1 DAGs
[2026-07-25T10:59:46.453+0000] {logging_mixin.py:190} INFO - [2026-07-25T10:59:46.453+0000] {dag.py:4180} INFO - Setting next_dagrun for hdb_resale_pipeline to 2026-07-25 00:00:00+00:00, run_after=2026-07-26 00:00:00+00:00
[2026-07-25T10:59:46.466+0000] {processor.py:208} INFO - Processing /opt/airflow/dags/hdb_pipeline.py took 0.460 seconds
[2026-07-25T11:00:16.621+0000] {processor.py:186} INFO - Started process (PID=2257) to work on /opt/airflow/dags/hdb_pipeline.py
[2026-07-25T11:00:16.622+0000] {processor.py:914} INFO - Processing file /opt/airflow/dags/hdb_pipeline.py for tasks to queue
[2026-07-25T11:00:16.624+0000] {logging_mixin.py:190} INFO - [2026-07-25T11:00:16.624+0000] {dagbag.py:588} INFO - Filling up the DagBag from /opt/airflow/dags/hdb_pipeline.py
[2026-07-25T11:00:17.061+0000] {processor.py:925} INFO - DAG(s) 'hdb_resale_pipeline' retrieved from /opt/airflow/dags/hdb_pipeline.py
[2026-07-25T11:00:17.076+0000] {logging_mixin.py:190} INFO - [2026-07-25T11:00:17.076+0000] {dag.py:3239} INFO - Sync 1 DAGs
[2026-07-25T11:00:17.089+0000] {logging_mixin.py:190} INFO - [2026-07-25T11:00:17.089+0000] {dag.py:4180} INFO - Setting next_dagrun for hdb_resale_pipeline to 2026-07-25 00:00:00+00:00, run_after=2026-07-26 00:00:00+00:00
[2026-07-25T11:00:17.101+0000] {processor.py:208} INFO - Processing /opt/airflow/dags/hdb_pipeline.py took 0.483 seconds
[2026-07-25T11:00:47.253+0000] {processor.py:186} INFO - Started process (PID=2280) to work on /opt/airflow/dags/hdb_pipeline.py
[2026-07-25T11:00:47.253+0000] {processor.py:914} INFO - Processing file /opt/airflow/dags/hdb_pipeline.py for tasks to queue
[2026-07-25T11:00:47.255+0000] {logging_mixin.py:190} INFO - [2026-07-25T11:00:47.255+0000] {dagbag.py:588} INFO - Filling up the DagBag from /opt/airflow/dags/hdb_pipeline.py
[2026-07-25T11:00:47.664+0000] {processor.py:925} INFO - DAG(s) 'hdb_resale_pipeline' retrieved from /opt/airflow/dags/hdb_pipeline.py
[2026-07-25T11:00:47.680+0000] {logging_mixin.py:190} INFO - [2026-07-25T11:00:47.679+0000] {dag.py:3239} INFO - Sync 1 DAGs
[2026-07-25T11:00:47.692+0000] {logging_mixin.py:190} INFO - [2026-07-25T11:00:47.692+0000] {dag.py:4180} INFO - Setting next_dagrun for hdb_resale_pipeline to 2026-07-25 00:00:00+00:00, run_after=2026-07-26 00:00:00+00:00
[2026-07-25T11:00:47.703+0000] {processor.py:208} INFO - Processing /opt/airflow/dags/hdb_pipeline.py took 0.454 seconds
[2026-07-25T11:01:17.866+0000] {processor.py:186} INFO - Started process (PID=2303) to work on /opt/airflow/dags/hdb_pipeline.py
[2026-07-25T11:01:17.867+0000] {processor.py:914} INFO - Processing file /opt/airflow/dags/hdb_pipeline.py for tasks to queue
[2026-07-25T11:01:17.869+0000] {logging_mixin.py:190} INFO - [2026-07-25T11:01:17.869+0000] {dagbag.py:588} INFO - Filling up the DagBag from /opt/airflow/dags/hdb_pipeline.py
[2026-07-25T11:01:18.271+0000] {processor.py:925} INFO - DAG(s) 'hdb_resale_pipeline' retrieved from /opt/airflow/dags/hdb_pipeline.py
[2026-07-25T11:01:18.286+0000] {logging_mixin.py:190} INFO - [2026-07-25T11:01:18.286+0000] {dag.py:3239} INFO - Sync 1 DAGs
[2026-07-25T11:01:18.298+0000] {logging_mixin.py:190} INFO - [2026-07-25T11:01:18.298+0000] {dag.py:4180} INFO - Setting next_dagrun for hdb_resale_pipeline to 2026-07-25 00:00:00+00:00, run_after=2026-07-26 00:00:00+00:00
[2026-07-25T11:01:18.309+0000] {processor.py:208} INFO - Processing /opt/airflow/dags/hdb_pipeline.py took 0.446 seconds
[2026-07-25T11:01:48.465+0000] {processor.py:186} INFO - Started process (PID=2326) to work on /opt/airflow/dags/hdb_pipeline.py
[2026-07-25T11:01:48.466+0000] {processor.py:914} INFO - Processing file /opt/airflow/dags/hdb_pipeline.py for tasks to queue
[2026-07-25T11:01:48.468+0000] {logging_mixin.py:190} INFO - [2026-07-25T11:01:48.467+0000] {dagbag.py:588} INFO - Filling up the DagBag from /opt/airflow/dags/hdb_pipeline.py
[2026-07-25T11:01:48.893+0000] {processor.py:925} INFO - DAG(s) 'hdb_resale_pipeline' retrieved from /opt/airflow/dags/hdb_pipeline.py
[2026-07-25T11:01:48.907+0000] {logging_mixin.py:190} INFO - [2026-07-25T11:01:48.907+0000] {dag.py:3239} INFO - Sync 1 DAGs
[2026-07-25T11:01:48.920+0000] {logging_mixin.py:190} INFO - [2026-07-25T11:01:48.920+0000] {dag.py:4180} INFO - Setting next_dagrun for hdb_resale_pipeline to 2026-07-25 00:00:00+00:00, run_after=2026-07-26 00:00:00+00:00
[2026-07-25T11:01:48.931+0000] {processor.py:208} INFO - Processing /opt/airflow/dags/hdb_pipeline.py took 0.470 seconds
[2026-07-25T11:02:19.084+0000] {processor.py:186} INFO - Started process (PID=2349) to work on /opt/airflow/dags/hdb_pipeline.py
[2026-07-25T11:02:19.085+0000] {processor.py:914} INFO - Processing file /opt/airflow/dags/hdb_pipeline.py for tasks to queue
[2026-07-25T11:02:19.087+0000] {logging_mixin.py:190} INFO - [2026-07-25T11:02:19.087+0000] {dagbag.py:588} INFO - Filling up the DagBag from /opt/airflow/dags/hdb_pipeline.py
[2026-07-25T11:02:19.496+0000] {processor.py:925} INFO - DAG(s) 'hdb_resale_pipeline' retrieved from /opt/airflow/dags/hdb_pipeline.py
[2026-07-25T11:02:19.512+0000] {logging_mixin.py:190} INFO - [2026-07-25T11:02:19.511+0000] {dag.py:3239} INFO - Sync 1 DAGs
[2026-07-25T11:02:19.525+0000] {logging_mixin.py:190} INFO - [2026-07-25T11:02:19.525+0000] {dag.py:4180} INFO - Setting next_dagrun for hdb_resale_pipeline to 2026-07-25 00:00:00+00:00, run_after=2026-07-26 00:00:00+00:00
[2026-07-25T11:02:19.537+0000] {processor.py:208} INFO - Processing /opt/airflow/dags/hdb_pipeline.py took 0.456 seconds
[2026-07-25T11:02:49.693+0000] {processor.py:186} INFO - Started process (PID=2372) to work on /opt/airflow/dags/hdb_pipeline.py
[2026-07-25T11:02:49.694+0000] {processor.py:914} INFO - Processing file /opt/airflow/dags/hdb_pipeline.py for tasks to queue
[2026-07-25T11:02:49.695+0000] {logging_mixin.py:190} INFO - [2026-07-25T11:02:49.695+0000] {dagbag.py:588} INFO - Filling up the DagBag from /opt/airflow/dags/hdb_pipeline.py
[2026-07-25T11:02:50.106+0000] {processor.py:925} INFO - DAG(s) 'hdb_resale_pipeline' retrieved from /opt/airflow/dags/hdb_pipeline.py
[2026-07-25T11:02:50.121+0000] {logging_mixin.py:190} INFO - [2026-07-25T11:02:50.121+0000] {dag.py:3239} INFO - Sync 1 DAGs
[2026-07-25T11:02:50.135+0000] {logging_mixin.py:190} INFO - [2026-07-25T11:02:50.135+0000] {dag.py:4180} INFO - Setting next_dagrun for hdb_resale_pipeline to 2026-07-25 00:00:00+00:00, run_after=2026-07-26 00:00:00+00:00
[2026-07-25T11:02:50.146+0000] {processor.py:208} INFO - Processing /opt/airflow/dags/hdb_pipeline.py took 0.457 seconds
[2026-07-25T11:03:20.299+0000] {processor.py:186} INFO - Started process (PID=2395) to work on /opt/airflow/dags/hdb_pipeline.py
[2026-07-25T11:03:20.300+0000] {processor.py:914} INFO - Processing file /opt/airflow/dags/hdb_pipeline.py for tasks to queue
[2026-07-25T11:03:20.302+0000] {logging_mixin.py:190} INFO - [2026-07-25T11:03:20.302+0000] {dagbag.py:588} INFO - Filling up the DagBag from /opt/airflow/dags/hdb_pipeline.py
[2026-07-25T11:03:20.716+0000] {processor.py:925} INFO - DAG(s) 'hdb_resale_pipeline' retrieved from /opt/airflow/dags/hdb_pipeline.py
[2026-07-25T11:03:20.731+0000] {logging_mixin.py:190} INFO - [2026-07-25T11:03:20.730+0000] {dag.py:3239} INFO - Sync 1 DAGs
[2026-07-25T11:03:20.743+0000] {logging_mixin.py:190} INFO - [2026-07-25T11:03:20.743+0000] {dag.py:4180} INFO - Setting next_dagrun for hdb_resale_pipeline to 2026-07-25 00:00:00+00:00, run_after=2026-07-26 00:00:00+00:00
[2026-07-25T11:03:20.754+0000] {processor.py:208} INFO - Processing /opt/airflow/dags/hdb_pipeline.py took 0.459 seconds
[2026-07-25T11:03:50.912+0000] {processor.py:186} INFO - Started process (PID=2418) to work on /opt/airflow/dags/hdb_pipeline.py
[2026-07-25T11:03:50.913+0000] {processor.py:914} INFO - Processing file /opt/airflow/dags/hdb_pipeline.py for tasks to queue
[2026-07-25T11:03:50.915+0000] {logging_mixin.py:190} INFO - [2026-07-25T11:03:50.915+0000] {dagbag.py:588} INFO - Filling up the DagBag from /opt/airflow/dags/hdb_pipeline.py
[2026-07-25T11:03:51.325+0000] {processor.py:925} INFO - DAG(s) 'hdb_resale_pipeline' retrieved from /opt/airflow/dags/hdb_pipeline.py
[2026-07-25T11:03:51.339+0000] {logging_mixin.py:190} INFO - [2026-07-25T11:03:51.339+0000] {dag.py:3239} INFO - Sync 1 DAGs
[2026-07-25T11:03:51.352+0000] {logging_mixin.py:190} INFO - [2026-07-25T11:03:51.352+0000] {dag.py:4180} INFO - Setting next_dagrun for hdb_resale_pipeline to 2026-07-25 00:00:00+00:00, run_after=2026-07-26 00:00:00+00:00
[2026-07-25T11:03:51.363+0000] {processor.py:208} INFO - Processing /opt/airflow/dags/hdb_pipeline.py took 0.455 seconds
[2026-07-25T11:04:21.522+0000] {processor.py:186} INFO - Started process (PID=2441) to work on /opt/airflow/dags/hdb_pipeline.py
[2026-07-25T11:04:21.523+0000] {processor.py:914} INFO - Processing file /opt/airflow/dags/hdb_pipeline.py for tasks to queue
[2026-07-25T11:04:21.525+0000] {logging_mixin.py:190} INFO - [2026-07-25T11:04:21.524+0000] {dagbag.py:588} INFO - Filling up the DagBag from /opt/airflow/dags/hdb_pipeline.py
[2026-07-25T11:04:21.928+0000] {processor.py:925} INFO - DAG(s) 'hdb_resale_pipeline' retrieved from /opt/airflow/dags/hdb_pipeline.py
[2026-07-25T11:04:21.942+0000] {logging_mixin.py:190} INFO - [2026-07-25T11:04:21.942+0000] {dag.py:3239} INFO - Sync 1 DAGs
[2026-07-25T11:04:21.955+0000] {logging_mixin.py:190} INFO - [2026-07-25T11:04:21.955+0000] {dag.py:4180} INFO - Setting next_dagrun for hdb_resale_pipeline to 2026-07-25 00:00:00+00:00, run_after=2026-07-26 00:00:00+00:00
[2026-07-25T11:04:21.965+0000] {processor.py:208} INFO - Processing /opt/airflow/dags/hdb_pipeline.py took 0.448 seconds
[2026-07-25T11:04:52.122+0000] {processor.py:186} INFO - Started process (PID=2464) to work on /opt/airflow/dags/hdb_pipeline.py
[2026-07-25T11:04:52.122+0000] {processor.py:914} INFO - Processing file /opt/airflow/dags/hdb_pipeline.py for tasks to queue
[2026-07-25T11:04:52.124+0000] {logging_mixin.py:190} INFO - [2026-07-25T11:04:52.124+0000] {dagbag.py:588} INFO - Filling up the DagBag from /opt/airflow/dags/hdb_pipeline.py
[2026-07-25T11:04:52.540+0000] {processor.py:925} INFO - DAG(s) 'hdb_resale_pipeline' retrieved from /opt/airflow/dags/hdb_pipeline.py
[2026-07-25T11:04:52.554+0000] {logging_mixin.py:190} INFO - [2026-07-25T11:04:52.554+0000] {dag.py:3239} INFO - Sync 1 DAGs
[2026-07-25T11:04:52.567+0000] {logging_mixin.py:190} INFO - [2026-07-25T11:04:52.567+0000] {dag.py:4180} INFO - Setting next_dagrun for hdb_resale_pipeline to 2026-07-25 00:00:00+00:00, run_after=2026-07-26 00:00:00+00:00
[2026-07-25T11:04:52.579+0000] {processor.py:208} INFO - Processing /opt/airflow/dags/hdb_pipeline.py took 0.461 seconds
[2026-07-25T11:05:22.742+0000] {processor.py:186} INFO - Started process (PID=2487) to work on /opt/airflow/dags/hdb_pipeline.py
[2026-07-25T11:05:22.743+0000] {processor.py:914} INFO - Processing file /opt/airflow/dags/hdb_pipeline.py for tasks to queue
[2026-07-25T11:05:22.745+0000] {logging_mixin.py:190} INFO - [2026-07-25T11:05:22.745+0000] {dagbag.py:588} INFO - Filling up the DagBag from /opt/airflow/dags/hdb_pipeline.py
[2026-07-25T11:05:23.154+0000] {processor.py:925} INFO - DAG(s) 'hdb_resale_pipeline' retrieved from /opt/airflow/dags/hdb_pipeline.py
[2026-07-25T11:05:23.169+0000] {logging_mixin.py:190} INFO - [2026-07-25T11:05:23.168+0000] {dag.py:3239} INFO - Sync 1 DAGs
[2026-07-25T11:05:23.181+0000] {logging_mixin.py:190} INFO - [2026-07-25T11:05:23.181+0000] {dag.py:4180} INFO - Setting next_dagrun for hdb_resale_pipeline to 2026-07-25 00:00:00+00:00, run_after=2026-07-26 00:00:00+00:00
[2026-07-25T11:05:23.191+0000] {processor.py:208} INFO - Processing /opt/airflow/dags/hdb_pipeline.py took 0.453 seconds
[2026-07-25T11:05:53.347+0000] {processor.py:186} INFO - Started process (PID=2510) to work on /opt/airflow/dags/hdb_pipeline.py
[2026-07-25T11:05:53.348+0000] {processor.py:914} INFO - Processing file /opt/airflow/dags/hdb_pipeline.py for tasks to queue
[2026-07-25T11:05:53.349+0000] {logging_mixin.py:190} INFO - [2026-07-25T11:05:53.349+0000] {dagbag.py:588} INFO - Filling up the DagBag from /opt/airflow/dags/hdb_pipeline.py
[2026-07-25T11:05:53.796+0000] {processor.py:925} INFO - DAG(s) 'hdb_resale_pipeline' retrieved from /opt/airflow/dags/hdb_pipeline.py
[2026-07-25T11:05:53.811+0000] {logging_mixin.py:190} INFO - [2026-07-25T11:05:53.811+0000] {dag.py:3239} INFO - Sync 1 DAGs
[2026-07-25T11:05:53.823+0000] {logging_mixin.py:190} INFO - [2026-07-25T11:05:53.823+0000] {dag.py:4180} INFO - Setting next_dagrun for hdb_resale_pipeline to 2026-07-25 00:00:00+00:00, run_after=2026-07-26 00:00:00+00:00
[2026-07-25T11:05:53.836+0000] {processor.py:208} INFO - Processing /opt/airflow/dags/hdb_pipeline.py took 0.493 seconds
[2026-07-25T11:06:23.993+0000] {processor.py:186} INFO - Started process (PID=2533) to work on /opt/airflow/dags/hdb_pipeline.py
[2026-07-25T11:06:23.994+0000] {processor.py:914} INFO - Processing file /opt/airflow/dags/hdb_pipeline.py for tasks to queue
[2026-07-25T11:06:23.996+0000] {logging_mixin.py:190} INFO - [2026-07-25T11:06:23.996+0000] {dagbag.py:588} INFO - Filling up the DagBag from /opt/airflow/dags/hdb_pipeline.py
[2026-07-25T11:06:24.438+0000] {processor.py:925} INFO - DAG(s) 'hdb_resale_pipeline' retrieved from /opt/airflow/dags/hdb_pipeline.py
[2026-07-25T11:06:24.453+0000] {logging_mixin.py:190} INFO - [2026-07-25T11:06:24.452+0000] {dag.py:3239} INFO - Sync 1 DAGs
[2026-07-25T11:06:24.466+0000] {logging_mixin.py:190} INFO - [2026-07-25T11:06:24.466+0000] {dag.py:4180} INFO - Setting next_dagrun for hdb_resale_pipeline to 2026-07-25 00:00:00+00:00, run_after=2026-07-26 00:00:00+00:00
[2026-07-25T11:06:24.477+0000] {processor.py:208} INFO - Processing /opt/airflow/dags/hdb_pipeline.py took 0.488 seconds
[2026-07-25T11:06:54.612+0000] {processor.py:186} INFO - Started process (PID=2556) to work on /opt/airflow/dags/hdb_pipeline.py
[2026-07-25T11:06:54.612+0000] {processor.py:914} INFO - Processing file /opt/airflow/dags/hdb_pipeline.py for tasks to queue
[2026-07-25T11:06:54.614+0000] {logging_mixin.py:190} INFO - [2026-07-25T11:06:54.614+0000] {dagbag.py:588} INFO - Filling up the DagBag from /opt/airflow/dags/hdb_pipeline.py
[2026-07-25T11:06:55.027+0000] {processor.py:925} INFO - DAG(s) 'hdb_resale_pipeline' retrieved from /opt/airflow/dags/hdb_pipeline.py
[2026-07-25T11:06:55.041+0000] {logging_mixin.py:190} INFO - [2026-07-25T11:06:55.041+0000] {dag.py:3239} INFO - Sync 1 DAGs
[2026-07-25T11:06:55.054+0000] {logging_mixin.py:190} INFO - [2026-07-25T11:06:55.053+0000] {dag.py:4180} INFO - Setting next_dagrun for hdb_resale_pipeline to 2026-07-25 00:00:00+00:00, run_after=2026-07-26 00:00:00+00:00
[2026-07-25T11:06:55.064+0000] {processor.py:208} INFO - Processing /opt/airflow/dags/hdb_pipeline.py took 0.456 seconds
[2026-07-25T11:07:25.222+0000] {processor.py:186} INFO - Started process (PID=2579) to work on /opt/airflow/dags/hdb_pipeline.py
[2026-07-25T11:07:25.223+0000] {processor.py:914} INFO - Processing file /opt/airflow/dags/hdb_pipeline.py for tasks to queue
[2026-07-25T11:07:25.226+0000] {logging_mixin.py:190} INFO - [2026-07-25T11:07:25.226+0000] {dagbag.py:588} INFO - Filling up the DagBag from /opt/airflow/dags/hdb_pipeline.py
[2026-07-25T11:07:25.636+0000] {processor.py:925} INFO - DAG(s) 'hdb_resale_pipeline' retrieved from /opt/airflow/dags/hdb_pipeline.py
[2026-07-25T11:07:25.650+0000] {logging_mixin.py:190} INFO - [2026-07-25T11:07:25.650+0000] {dag.py:3239} INFO - Sync 1 DAGs
[2026-07-25T11:07:25.663+0000] {logging_mixin.py:190} INFO - [2026-07-25T11:07:25.662+0000] {dag.py:4180} INFO - Setting next_dagrun for hdb_resale_pipeline to 2026-07-25 00:00:00+00:00, run_after=2026-07-26 00:00:00+00:00
[2026-07-25T11:07:25.674+0000] {processor.py:208} INFO - Processing /opt/airflow/dags/hdb_pipeline.py took 0.455 seconds
[2026-07-25T11:07:55.835+0000] {processor.py:186} INFO - Started process (PID=2602) to work on /opt/airflow/dags/hdb_pipeline.py
[2026-07-25T11:07:55.836+0000] {processor.py:914} INFO - Processing file /opt/airflow/dags/hdb_pipeline.py for tasks to queue
[2026-07-25T11:07:55.838+0000] {logging_mixin.py:190} INFO - [2026-07-25T11:07:55.838+0000] {dagbag.py:588} INFO - Filling up the DagBag from /opt/airflow/dags/hdb_pipeline.py
[2026-07-25T11:07:56.277+0000] {processor.py:925} INFO - DAG(s) 'hdb_resale_pipeline' retrieved from /opt/airflow/dags/hdb_pipeline.py
[2026-07-25T11:07:56.292+0000] {logging_mixin.py:190} INFO - [2026-07-25T11:07:56.292+0000] {dag.py:3239} INFO - Sync 1 DAGs
[2026-07-25T11:07:56.304+0000] {logging_mixin.py:190} INFO - [2026-07-25T11:07:56.304+0000] {dag.py:4180} INFO - Setting next_dagrun for hdb_resale_pipeline to 2026-07-25 00:00:00+00:00, run_after=2026-07-26 00:00:00+00:00
[2026-07-25T11:07:56.316+0000] {processor.py:208} INFO - Processing /opt/airflow/dags/hdb_pipeline.py took 0.485 seconds
[2026-07-25T11:08:26.476+0000] {processor.py:186} INFO - Started process (PID=2625) to work on /opt/airflow/dags/hdb_pipeline.py
[2026-07-25T11:08:26.477+0000] {processor.py:914} INFO - Processing file /opt/airflow/dags/hdb_pipeline.py for tasks to queue
[2026-07-25T11:08:26.479+0000] {logging_mixin.py:190} INFO - [2026-07-25T11:08:26.479+0000] {dagbag.py:588} INFO - Filling up the DagBag from /opt/airflow/dags/hdb_pipeline.py
[2026-07-25T11:08:26.909+0000] {processor.py:925} INFO - DAG(s) 'hdb_resale_pipeline' retrieved from /opt/airflow/dags/hdb_pipeline.py
[2026-07-25T11:08:26.923+0000] {logging_mixin.py:190} INFO - [2026-07-25T11:08:26.923+0000] {dag.py:3239} INFO - Sync 1 DAGs
[2026-07-25T11:08:26.937+0000] {logging_mixin.py:190} INFO - [2026-07-25T11:08:26.937+0000] {dag.py:4180} INFO - Setting next_dagrun for hdb_resale_pipeline to 2026-07-25 00:00:00+00:00, run_after=2026-07-26 00:00:00+00:00
[2026-07-25T11:08:26.947+0000] {processor.py:208} INFO - Processing /opt/airflow/dags/hdb_pipeline.py took 0.475 seconds
[2026-07-25T11:08:57.094+0000] {processor.py:186} INFO - Started process (PID=2648) to work on /opt/airflow/dags/hdb_pipeline.py
[2026-07-25T11:08:57.095+0000] {processor.py:914} INFO - Processing file /opt/airflow/dags/hdb_pipeline.py for tasks to queue
[2026-07-25T11:08:57.097+0000] {logging_mixin.py:190} INFO - [2026-07-25T11:08:57.097+0000] {dagbag.py:588} INFO - Filling up the DagBag from /opt/airflow/dags/hdb_pipeline.py
[2026-07-25T11:08:57.508+0000] {processor.py:925} INFO - DAG(s) 'hdb_resale_pipeline' retrieved from /opt/airflow/dags/hdb_pipeline.py
[2026-07-25T11:08:57.522+0000] {logging_mixin.py:190} INFO - [2026-07-25T11:08:57.522+0000] {dag.py:3239} INFO - Sync 1 DAGs
[2026-07-25T11:08:57.536+0000] {logging_mixin.py:190} INFO - [2026-07-25T11:08:57.535+0000] {dag.py:4180} INFO - Setting next_dagrun for hdb_resale_pipeline to 2026-07-25 00:00:00+00:00, run_after=2026-07-26 00:00:00+00:00
[2026-07-25T11:08:57.548+0000] {processor.py:208} INFO - Processing /opt/airflow/dags/hdb_pipeline.py took 0.457 seconds
[2026-07-25T11:09:27.709+0000] {processor.py:186} INFO - Started process (PID=2672) to work on /opt/airflow/dags/hdb_pipeline.py
[2026-07-25T11:09:27.710+0000] {processor.py:914} INFO - Processing file /opt/airflow/dags/hdb_pipeline.py for tasks to queue
[2026-07-25T11:09:27.712+0000] {logging_mixin.py:190} INFO - [2026-07-25T11:09:27.711+0000] {dagbag.py:588} INFO - Filling up the DagBag from /opt/airflow/dags/hdb_pipeline.py
[2026-07-25T11:09:28.115+0000] {processor.py:925} INFO - DAG(s) 'hdb_resale_pipeline' retrieved from /opt/airflow/dags/hdb_pipeline.py
[2026-07-25T11:09:28.128+0000] {logging_mixin.py:190} INFO - [2026-07-25T11:09:28.128+0000] {dag.py:3239} INFO - Sync 1 DAGs
[2026-07-25T11:09:28.141+0000] {logging_mixin.py:190} INFO - [2026-07-25T11:09:28.141+0000] {dag.py:4180} INFO - Setting next_dagrun for hdb_resale_pipeline to 2026-07-25 00:00:00+00:00, run_after=2026-07-26 00:00:00+00:00
[2026-07-25T11:09:28.151+0000] {processor.py:208} INFO - Processing /opt/airflow/dags/hdb_pipeline.py took 0.446 seconds
[2026-07-25T11:09:58.314+0000] {processor.py:186} INFO - Started process (PID=2695) to work on /opt/airflow/dags/hdb_pipeline.py
[2026-07-25T11:09:58.315+0000] {processor.py:914} INFO - Processing file /opt/airflow/dags/hdb_pipeline.py for tasks to queue
[2026-07-25T11:09:58.317+0000] {logging_mixin.py:190} INFO - [2026-07-25T11:09:58.317+0000] {dagbag.py:588} INFO - Filling up the DagBag from /opt/airflow/dags/hdb_pipeline.py
[2026-07-25T11:09:58.748+0000] {processor.py:925} INFO - DAG(s) 'hdb_resale_pipeline' retrieved from /opt/airflow/dags/hdb_pipeline.py
[2026-07-25T11:09:58.762+0000] {logging_mixin.py:190} INFO - [2026-07-25T11:09:58.762+0000] {dag.py:3239} INFO - Sync 1 DAGs
[2026-07-25T11:09:58.774+0000] {logging_mixin.py:190} INFO - [2026-07-25T11:09:58.774+0000] {dag.py:4180} INFO - Setting next_dagrun for hdb_resale_pipeline to 2026-07-25 00:00:00+00:00, run_after=2026-07-26 00:00:00+00:00
[2026-07-25T11:09:58.786+0000] {processor.py:208} INFO - Processing /opt/airflow/dags/hdb_pipeline.py took 0.475 seconds
[2026-07-25T11:10:28.943+0000] {processor.py:186} INFO - Started process (PID=2718) to work on /opt/airflow/dags/hdb_pipeline.py
[2026-07-25T11:10:28.944+0000] {processor.py:914} INFO - Processing file /opt/airflow/dags/hdb_pipeline.py for tasks to queue
[2026-07-25T11:10:28.946+0000] {logging_mixin.py:190} INFO - [2026-07-25T11:10:28.946+0000] {dagbag.py:588} INFO - Filling up the DagBag from /opt/airflow/dags/hdb_pipeline.py
[2026-07-25T11:10:29.367+0000] {processor.py:925} INFO - DAG(s) 'hdb_resale_pipeline' retrieved from /opt/airflow/dags/hdb_pipeline.py
[2026-07-25T11:10:29.382+0000] {logging_mixin.py:190} INFO - [2026-07-25T11:10:29.382+0000] {dag.py:3239} INFO - Sync 1 DAGs
[2026-07-25T11:10:29.396+0000] {logging_mixin.py:190} INFO - [2026-07-25T11:10:29.396+0000] {dag.py:4180} INFO - Setting next_dagrun for hdb_resale_pipeline to 2026-07-25 00:00:00+00:00, run_after=2026-07-26 00:00:00+00:00
[2026-07-25T11:10:29.407+0000] {processor.py:208} INFO - Processing /opt/airflow/dags/hdb_pipeline.py took 0.468 seconds
[2026-07-25T11:10:59.561+0000] {processor.py:186} INFO - Started process (PID=2741) to work on /opt/airflow/dags/hdb_pipeline.py
[2026-07-25T11:10:59.562+0000] {processor.py:914} INFO - Processing file /opt/airflow/dags/hdb_pipeline.py for tasks to queue
[2026-07-25T11:10:59.564+0000] {logging_mixin.py:190} INFO - [2026-07-25T11:10:59.564+0000] {dagbag.py:588} INFO - Filling up the DagBag from /opt/airflow/dags/hdb_pipeline.py
[2026-07-25T11:10:59.975+0000] {processor.py:925} INFO - DAG(s) 'hdb_resale_pipeline' retrieved from /opt/airflow/dags/hdb_pipeline.py
[2026-07-25T11:10:59.990+0000] {logging_mixin.py:190} INFO - [2026-07-25T11:10:59.990+0000] {dag.py:3239} INFO - Sync 1 DAGs
[2026-07-25T11:11:00.003+0000] {logging_mixin.py:190} INFO - [2026-07-25T11:11:00.003+0000] {dag.py:4180} INFO - Setting next_dagrun for hdb_resale_pipeline to 2026-07-25 00:00:00+00:00, run_after=2026-07-26 00:00:00+00:00
[2026-07-25T11:11:00.014+0000] {processor.py:208} INFO - Processing /opt/airflow/dags/hdb_pipeline.py took 0.457 seconds
[2026-07-25T11:11:30.174+0000] {processor.py:186} INFO - Started process (PID=2764) to work on /opt/airflow/dags/hdb_pipeline.py
[2026-07-25T11:11:30.175+0000] {processor.py:914} INFO - Processing file /opt/airflow/dags/hdb_pipeline.py for tasks to queue
[2026-07-25T11:11:30.177+0000] {logging_mixin.py:190} INFO - [2026-07-25T11:11:30.176+0000] {dagbag.py:588} INFO - Filling up the DagBag from /opt/airflow/dags/hdb_pipeline.py
[2026-07-25T11:11:30.596+0000] {processor.py:925} INFO - DAG(s) 'hdb_resale_pipeline' retrieved from /opt/airflow/dags/hdb_pipeline.py
[2026-07-25T11:11:30.610+0000] {logging_mixin.py:190} INFO - [2026-07-25T11:11:30.610+0000] {dag.py:3239} INFO - Sync 1 DAGs
[2026-07-25T11:11:30.622+0000] {logging_mixin.py:190} INFO - [2026-07-25T11:11:30.622+0000] {dag.py:4180} INFO - Setting next_dagrun for hdb_resale_pipeline to 2026-07-25 00:00:00+00:00, run_after=2026-07-26 00:00:00+00:00
[2026-07-25T11:11:31.269+0000] {processor.py:208} INFO - Processing /opt/airflow/dags/hdb_pipeline.py took 1.098 seconds
[2026-07-25T11:12:01.355+0000] {processor.py:186} INFO - Started process (PID=2787) to work on /opt/airflow/dags/hdb_pipeline.py
[2026-07-25T11:12:01.356+0000] {processor.py:914} INFO - Processing file /opt/airflow/dags/hdb_pipeline.py for tasks to queue
[2026-07-25T11:12:01.358+0000] {logging_mixin.py:190} INFO - [2026-07-25T11:12:01.358+0000] {dagbag.py:588} INFO - Filling up the DagBag from /opt/airflow/dags/hdb_pipeline.py
[2026-07-25T11:12:01.770+0000] {processor.py:925} INFO - DAG(s) 'hdb_resale_pipeline' retrieved from /opt/airflow/dags/hdb_pipeline.py
[2026-07-25T11:12:01.784+0000] {logging_mixin.py:190} INFO - [2026-07-25T11:12:01.784+0000] {dag.py:3239} INFO - Sync 1 DAGs
[2026-07-25T11:12:01.796+0000] {logging_mixin.py:190} INFO - [2026-07-25T11:12:01.796+0000] {dag.py:4180} INFO - Setting next_dagrun for hdb_resale_pipeline to 2026-07-25 00:00:00+00:00, run_after=2026-07-26 00:00:00+00:00
[2026-07-25T11:12:01.808+0000] {processor.py:208} INFO - Processing /opt/airflow/dags/hdb_pipeline.py took 0.457 seconds
[2026-07-25T11:12:31.966+0000] {processor.py:186} INFO - Started process (PID=2810) to work on /opt/airflow/dags/hdb_pipeline.py
[2026-07-25T11:12:31.967+0000] {processor.py:914} INFO - Processing file /opt/airflow/dags/hdb_pipeline.py for tasks to queue
[2026-07-25T11:12:31.969+0000] {logging_mixin.py:190} INFO - [2026-07-25T11:12:31.969+0000] {dagbag.py:588} INFO - Filling up the DagBag from /opt/airflow/dags/hdb_pipeline.py
[2026-07-25T11:12:32.383+0000] {processor.py:925} INFO - DAG(s) 'hdb_resale_pipeline' retrieved from /opt/airflow/dags/hdb_pipeline.py
[2026-07-25T11:12:32.398+0000] {logging_mixin.py:190} INFO - [2026-07-25T11:12:32.397+0000] {dag.py:3239} INFO - Sync 1 DAGs
[2026-07-25T11:12:32.410+0000] {logging_mixin.py:190} INFO - [2026-07-25T11:12:32.410+0000] {dag.py:4180} INFO - Setting next_dagrun for hdb_resale_pipeline to 2026-07-25 00:00:00+00:00, run_after=2026-07-26 00:00:00+00:00
[2026-07-25T11:12:32.421+0000] {processor.py:208} INFO - Processing /opt/airflow/dags/hdb_pipeline.py took 0.459 seconds
[2026-07-25T11:13:02.579+0000] {processor.py:186} INFO - Started process (PID=2833) to work on /opt/airflow/dags/hdb_pipeline.py
[2026-07-25T11:13:02.580+0000] {processor.py:914} INFO - Processing file /opt/airflow/dags/hdb_pipeline.py for tasks to queue
[2026-07-25T11:13:02.582+0000] {logging_mixin.py:190} INFO - [2026-07-25T11:13:02.582+0000] {dagbag.py:588} INFO - Filling up the DagBag from /opt/airflow/dags/hdb_pipeline.py
[2026-07-25T11:13:02.992+0000] {processor.py:925} INFO - DAG(s) 'hdb_resale_pipeline' retrieved from /opt/airflow/dags/hdb_pipeline.py
[2026-07-25T11:13:03.007+0000] {logging_mixin.py:190} INFO - [2026-07-25T11:13:03.007+0000] {dag.py:3239} INFO - Sync 1 DAGs
[2026-07-25T11:13:03.020+0000] {logging_mixin.py:190} INFO - [2026-07-25T11:13:03.020+0000] {dag.py:4180} INFO - Setting next_dagrun for hdb_resale_pipeline to 2026-07-25 00:00:00+00:00, run_after=2026-07-26 00:00:00+00:00
[2026-07-25T11:13:03.030+0000] {processor.py:208} INFO - Processing /opt/airflow/dags/hdb_pipeline.py took 0.455 seconds
[2026-07-25T11:13:33.188+0000] {processor.py:186} INFO - Started process (PID=2856) to work on /opt/airflow/dags/hdb_pipeline.py
[2026-07-25T11:13:33.188+0000] {processor.py:914} INFO - Processing file /opt/airflow/dags/hdb_pipeline.py for tasks to queue
[2026-07-25T11:13:33.190+0000] {logging_mixin.py:190} INFO - [2026-07-25T11:13:33.190+0000] {dagbag.py:588} INFO - Filling up the DagBag from /opt/airflow/dags/hdb_pipeline.py
[2026-07-25T11:13:33.615+0000] {processor.py:925} INFO - DAG(s) 'hdb_resale_pipeline' retrieved from /opt/airflow/dags/hdb_pipeline.py
[2026-07-25T11:13:33.630+0000] {logging_mixin.py:190} INFO - [2026-07-25T11:13:33.630+0000] {dag.py:3239} INFO - Sync 1 DAGs
[2026-07-25T11:13:33.644+0000] {logging_mixin.py:190} INFO - [2026-07-25T11:13:33.644+0000] {dag.py:4180} INFO - Setting next_dagrun for hdb_resale_pipeline to 2026-07-25 00:00:00+00:00, run_after=2026-07-26 00:00:00+00:00
[2026-07-25T11:13:33.655+0000] {processor.py:208} INFO - Processing /opt/airflow/dags/hdb_pipeline.py took 0.471 seconds
[2026-07-25T11:14:03.812+0000] {processor.py:186} INFO - Started process (PID=2885) to work on /opt/airflow/dags/hdb_pipeline.py
[2026-07-25T11:14:03.813+0000] {processor.py:914} INFO - Processing file /opt/airflow/dags/hdb_pipeline.py for tasks to queue
[2026-07-25T11:14:03.816+0000] {logging_mixin.py:190} INFO - [2026-07-25T11:14:03.816+0000] {dagbag.py:588} INFO - Filling up the DagBag from /opt/airflow/dags/hdb_pipeline.py
[2026-07-25T11:14:04.244+0000] {processor.py:925} INFO - DAG(s) 'hdb_resale_pipeline' retrieved from /opt/airflow/dags/hdb_pipeline.py
[2026-07-25T11:14:04.258+0000] {logging_mixin.py:190} INFO - [2026-07-25T11:14:04.258+0000] {dag.py:3239} INFO - Sync 1 DAGs
[2026-07-25T11:14:04.270+0000] {logging_mixin.py:190} INFO - [2026-07-25T11:14:04.270+0000] {dag.py:4180} INFO - Setting next_dagrun for hdb_resale_pipeline to 2026-07-25 00:00:00+00:00, run_after=2026-07-26 00:00:00+00:00
[2026-07-25T11:14:04.282+0000] {processor.py:208} INFO - Processing /opt/airflow/dags/hdb_pipeline.py took 0.475 seconds
[2026-07-25T11:14:34.438+0000] {processor.py:186} INFO - Started process (PID=2908) to work on /opt/airflow/dags/hdb_pipeline.py
[2026-07-25T11:14:34.439+0000] {processor.py:914} INFO - Processing file /opt/airflow/dags/hdb_pipeline.py for tasks to queue
[2026-07-25T11:14:34.441+0000] {logging_mixin.py:190} INFO - [2026-07-25T11:14:34.441+0000] {dagbag.py:588} INFO - Filling up the DagBag from /opt/airflow/dags/hdb_pipeline.py
[2026-07-25T11:14:34.826+0000] {processor.py:925} INFO - DAG(s) 'hdb_resale_pipeline' retrieved from /opt/airflow/dags/hdb_pipeline.py
[2026-07-25T11:14:34.840+0000] {logging_mixin.py:190} INFO - [2026-07-25T11:14:34.840+0000] {dag.py:3239} INFO - Sync 1 DAGs
[2026-07-25T11:14:34.853+0000] {logging_mixin.py:190} INFO - [2026-07-25T11:14:34.852+0000] {dag.py:4180} INFO - Setting next_dagrun for hdb_resale_pipeline to 2026-07-25 00:00:00+00:00, run_after=2026-07-26 00:00:00+00:00
[2026-07-25T11:14:34.863+0000] {processor.py:208} INFO - Processing /opt/airflow/dags/hdb_pipeline.py took 0.429 seconds
[2026-07-25T11:15:05.007+0000] {processor.py:186} INFO - Started process (PID=2931) to work on /opt/airflow/dags/hdb_pipeline.py
[2026-07-25T11:15:05.008+0000] {processor.py:914} INFO - Processing file /opt/airflow/dags/hdb_pipeline.py for tasks to queue
[2026-07-25T11:15:05.011+0000] {logging_mixin.py:190} INFO - [2026-07-25T11:15:05.010+0000] {dagbag.py:588} INFO - Filling up the DagBag from /opt/airflow/dags/hdb_pipeline.py
[2026-07-25T11:15:05.380+0000] {processor.py:925} INFO - DAG(s) 'hdb_resale_pipeline' retrieved from /opt/airflow/dags/hdb_pipeline.py
[2026-07-25T11:15:05.394+0000] {logging_mixin.py:190} INFO - [2026-07-25T11:15:05.394+0000] {dag.py:3239} INFO - Sync 1 DAGs
[2026-07-25T11:15:05.405+0000] {logging_mixin.py:190} INFO - [2026-07-25T11:15:05.405+0000] {dag.py:4180} INFO - Setting next_dagrun for hdb_resale_pipeline to 2026-07-25 00:00:00+00:00, run_after=2026-07-26 00:00:00+00:00
[2026-07-25T11:15:05.415+0000] {processor.py:208} INFO - Processing /opt/airflow/dags/hdb_pipeline.py took 0.412 seconds
[2026-07-25T11:15:35.574+0000] {processor.py:186} INFO - Started process (PID=2954) to work on /opt/airflow/dags/hdb_pipeline.py
[2026-07-25T11:15:35.575+0000] {processor.py:914} INFO - Processing file /opt/airflow/dags/hdb_pipeline.py for tasks to queue
[2026-07-25T11:15:35.577+0000] {logging_mixin.py:190} INFO - [2026-07-25T11:15:35.577+0000] {dagbag.py:588} INFO - Filling up the DagBag from /opt/airflow/dags/hdb_pipeline.py
[2026-07-25T11:15:35.976+0000] {processor.py:925} INFO - DAG(s) 'hdb_resale_pipeline' retrieved from /opt/airflow/dags/hdb_pipeline.py
[2026-07-25T11:15:35.990+0000] {logging_mixin.py:190} INFO - [2026-07-25T11:15:35.990+0000] {dag.py:3239} INFO - Sync 1 DAGs
[2026-07-25T11:15:36.002+0000] {logging_mixin.py:190} INFO - [2026-07-25T11:15:36.002+0000] {dag.py:4180} INFO - Setting next_dagrun for hdb_resale_pipeline to 2026-07-25 00:00:00+00:00, run_after=2026-07-26 00:00:00+00:00
[2026-07-25T11:15:36.013+0000] {processor.py:208} INFO - Processing /opt/airflow/dags/hdb_pipeline.py took 0.443 seconds
[2026-07-25T11:16:06.173+0000] {processor.py:186} INFO - Started process (PID=2977) to work on /opt/airflow/dags/hdb_pipeline.py
[2026-07-25T11:16:06.174+0000] {processor.py:914} INFO - Processing file /opt/airflow/dags/hdb_pipeline.py for tasks to queue
[2026-07-25T11:16:06.176+0000] {logging_mixin.py:190} INFO - [2026-07-25T11:16:06.176+0000] {dagbag.py:588} INFO - Filling up the DagBag from /opt/airflow/dags/hdb_pipeline.py
[2026-07-25T11:16:06.613+0000] {processor.py:925} INFO - DAG(s) 'hdb_resale_pipeline' retrieved from /opt/airflow/dags/hdb_pipeline.py
[2026-07-25T11:16:06.628+0000] {logging_mixin.py:190} INFO - [2026-07-25T11:16:06.628+0000] {dag.py:3239} INFO - Sync 1 DAGs
[2026-07-25T11:16:06.641+0000] {logging_mixin.py:190} INFO - [2026-07-25T11:16:06.640+0000] {dag.py:4180} INFO - Setting next_dagrun for hdb_resale_pipeline to 2026-07-25 00:00:00+00:00, run_after=2026-07-26 00:00:00+00:00
[2026-07-25T11:16:06.653+0000] {processor.py:208} INFO - Processing /opt/airflow/dags/hdb_pipeline.py took 0.483 seconds
[2026-07-25T11:16:36.811+0000] {processor.py:186} INFO - Started process (PID=3000) to work on /opt/airflow/dags/hdb_pipeline.py
[2026-07-25T11:16:36.812+0000] {processor.py:914} INFO - Processing file /opt/airflow/dags/hdb_pipeline.py for tasks to queue
[2026-07-25T11:16:36.814+0000] {logging_mixin.py:190} INFO - [2026-07-25T11:16:36.814+0000] {dagbag.py:588} INFO - Filling up the DagBag from /opt/airflow/dags/hdb_pipeline.py
[2026-07-25T11:16:37.225+0000] {processor.py:925} INFO - DAG(s) 'hdb_resale_pipeline' retrieved from /opt/airflow/dags/hdb_pipeline.py
[2026-07-25T11:16:37.239+0000] {logging_mixin.py:190} INFO - [2026-07-25T11:16:37.238+0000] {dag.py:3239} INFO - Sync 1 DAGs
[2026-07-25T11:16:37.252+0000] {logging_mixin.py:190} INFO - [2026-07-25T11:16:37.252+0000] {dag.py:4180} INFO - Setting next_dagrun for hdb_resale_pipeline to 2026-07-25 00:00:00+00:00, run_after=2026-07-26 00:00:00+00:00
[2026-07-25T11:16:37.263+0000] {processor.py:208} INFO - Processing /opt/airflow/dags/hdb_pipeline.py took 0.458 seconds
[2026-07-25T11:17:07.454+0000] {processor.py:186} INFO - Started process (PID=3023) to work on /opt/airflow/dags/hdb_pipeline.py
[2026-07-25T11:17:07.455+0000] {processor.py:914} INFO - Processing file /opt/airflow/dags/hdb_pipeline.py for tasks to queue
[2026-07-25T11:17:07.457+0000] {logging_mixin.py:190} INFO - [2026-07-25T11:17:07.457+0000] {dagbag.py:588} INFO - Filling up the DagBag from /opt/airflow/dags/hdb_pipeline.py
[2026-07-25T11:17:07.855+0000] {processor.py:925} INFO - DAG(s) 'hdb_resale_pipeline' retrieved from /opt/airflow/dags/hdb_pipeline.py
[2026-07-25T11:17:07.869+0000] {logging_mixin.py:190} INFO - [2026-07-25T11:17:07.869+0000] {dag.py:3239} INFO - Sync 1 DAGs
[2026-07-25T11:17:07.881+0000] {logging_mixin.py:190} INFO - [2026-07-25T11:17:07.881+0000] {dag.py:4180} INFO - Setting next_dagrun for hdb_resale_pipeline to 2026-07-25 00:00:00+00:00, run_after=2026-07-26 00:00:00+00:00
[2026-07-25T11:17:07.892+0000] {processor.py:208} INFO - Processing /opt/airflow/dags/hdb_pipeline.py took 0.442 seconds
[2026-07-25T11:17:38.051+0000] {processor.py:186} INFO - Started process (PID=3046) to work on /opt/airflow/dags/hdb_pipeline.py
[2026-07-25T11:17:38.052+0000] {processor.py:914} INFO - Processing file /opt/airflow/dags/hdb_pipeline.py for tasks to queue
[2026-07-25T11:17:38.054+0000] {logging_mixin.py:190} INFO - [2026-07-25T11:17:38.053+0000] {dagbag.py:588} INFO - Filling up the DagBag from /opt/airflow/dags/hdb_pipeline.py
[2026-07-25T11:17:38.465+0000] {processor.py:925} INFO - DAG(s) 'hdb_resale_pipeline' retrieved from /opt/airflow/dags/hdb_pipeline.py
[2026-07-25T11:17:38.480+0000] {logging_mixin.py:190} INFO - [2026-07-25T11:17:38.479+0000] {dag.py:3239} INFO - Sync 1 DAGs
[2026-07-25T11:17:38.492+0000] {logging_mixin.py:190} INFO - [2026-07-25T11:17:38.492+0000] {dag.py:4180} INFO - Setting next_dagrun for hdb_resale_pipeline to 2026-07-25 00:00:00+00:00, run_after=2026-07-26 00:00:00+00:00
[2026-07-25T11:17:38.502+0000] {processor.py:208} INFO - Processing /opt/airflow/dags/hdb_pipeline.py took 0.455 seconds
[2026-07-25T11:18:08.662+0000] {processor.py:186} INFO - Started process (PID=3069) to work on /opt/airflow/dags/hdb_pipeline.py
[2026-07-25T11:18:08.662+0000] {processor.py:914} INFO - Processing file /opt/airflow/dags/hdb_pipeline.py for tasks to queue
[2026-07-25T11:18:08.664+0000] {logging_mixin.py:190} INFO - [2026-07-25T11:18:08.664+0000] {dagbag.py:588} INFO - Filling up the DagBag from /opt/airflow/dags/hdb_pipeline.py
[2026-07-25T11:18:09.094+0000] {processor.py:925} INFO - DAG(s) 'hdb_resale_pipeline' retrieved from /opt/airflow/dags/hdb_pipeline.py
[2026-07-25T11:18:09.109+0000] {logging_mixin.py:190} INFO - [2026-07-25T11:18:09.109+0000] {dag.py:3239} INFO - Sync 1 DAGs
[2026-07-25T11:18:09.122+0000] {logging_mixin.py:190} INFO - [2026-07-25T11:18:09.122+0000] {dag.py:4180} INFO - Setting next_dagrun for hdb_resale_pipeline to 2026-07-25 00:00:00+00:00, run_after=2026-07-26 00:00:00+00:00
[2026-07-25T11:18:09.135+0000] {processor.py:208} INFO - Processing /opt/airflow/dags/hdb_pipeline.py took 0.476 seconds
[2026-07-25T11:18:39.297+0000] {processor.py:186} INFO - Started process (PID=3093) to work on /opt/airflow/dags/hdb_pipeline.py
[2026-07-25T11:18:39.298+0000] {processor.py:914} INFO - Processing file /opt/airflow/dags/hdb_pipeline.py for tasks to queue
[2026-07-25T11:18:39.300+0000] {logging_mixin.py:190} INFO - [2026-07-25T11:18:39.300+0000] {dagbag.py:588} INFO - Filling up the DagBag from /opt/airflow/dags/hdb_pipeline.py
[2026-07-25T11:18:39.724+0000] {processor.py:925} INFO - DAG(s) 'hdb_resale_pipeline' retrieved from /opt/airflow/dags/hdb_pipeline.py
[2026-07-25T11:18:39.738+0000] {logging_mixin.py:190} INFO - [2026-07-25T11:18:39.738+0000] {dag.py:3239} INFO - Sync 1 DAGs
[2026-07-25T11:18:39.751+0000] {logging_mixin.py:190} INFO - [2026-07-25T11:18:39.751+0000] {dag.py:4180} INFO - Setting next_dagrun for hdb_resale_pipeline to 2026-07-25 00:00:00+00:00, run_after=2026-07-26 00:00:00+00:00
[2026-07-25T11:18:39.762+0000] {processor.py:208} INFO - Processing /opt/airflow/dags/hdb_pipeline.py took 0.469 seconds
[2026-07-25T11:19:09.920+0000] {processor.py:186} INFO - Started process (PID=3116) to work on /opt/airflow/dags/hdb_pipeline.py
[2026-07-25T11:19:09.921+0000] {processor.py:914} INFO - Processing file /opt/airflow/dags/hdb_pipeline.py for tasks to queue
[2026-07-25T11:19:09.923+0000] {logging_mixin.py:190} INFO - [2026-07-25T11:19:09.923+0000] {dagbag.py:588} INFO - Filling up the DagBag from /opt/airflow/dags/hdb_pipeline.py
[2026-07-25T11:19:10.335+0000] {processor.py:925} INFO - DAG(s) 'hdb_resale_pipeline' retrieved from /opt/airflow/dags/hdb_pipeline.py
[2026-07-25T11:19:10.349+0000] {logging_mixin.py:190} INFO - [2026-07-25T11:19:10.349+0000] {dag.py:3239} INFO - Sync 1 DAGs
[2026-07-25T11:19:10.363+0000] {logging_mixin.py:190} INFO - [2026-07-25T11:19:10.363+0000] {dag.py:4180} INFO - Setting next_dagrun for hdb_resale_pipeline to 2026-07-25 00:00:00+00:00, run_after=2026-07-26 00:00:00+00:00
[2026-07-25T11:19:10.374+0000] {processor.py:208} INFO - Processing /opt/airflow/dags/hdb_pipeline.py took 0.457 seconds
[2026-07-25T11:19:40.537+0000] {processor.py:186} INFO - Started process (PID=3139) to work on /opt/airflow/dags/hdb_pipeline.py
[2026-07-25T11:19:40.538+0000] {processor.py:914} INFO - Processing file /opt/airflow/dags/hdb_pipeline.py for tasks to queue
[2026-07-25T11:19:40.540+0000] {logging_mixin.py:190} INFO - [2026-07-25T11:19:40.540+0000] {dagbag.py:588} INFO - Filling up the DagBag from /opt/airflow/dags/hdb_pipeline.py
[2026-07-25T11:19:40.944+0000] {processor.py:925} INFO - DAG(s) 'hdb_resale_pipeline' retrieved from /opt/airflow/dags/hdb_pipeline.py
[2026-07-25T11:19:40.958+0000] {logging_mixin.py:190} INFO - [2026-07-25T11:19:40.958+0000] {dag.py:3239} INFO - Sync 1 DAGs
[2026-07-25T11:19:40.971+0000] {logging_mixin.py:190} INFO - [2026-07-25T11:19:40.971+0000] {dag.py:4180} INFO - Setting next_dagrun for hdb_resale_pipeline to 2026-07-25 00:00:00+00:00, run_after=2026-07-26 00:00:00+00:00
[2026-07-25T11:19:40.982+0000] {processor.py:208} INFO - Processing /opt/airflow/dags/hdb_pipeline.py took 0.449 seconds
[2026-07-25T11:20:11.143+0000] {processor.py:186} INFO - Started process (PID=3162) to work on /opt/airflow/dags/hdb_pipeline.py
[2026-07-25T11:20:11.144+0000] {processor.py:914} INFO - Processing file /opt/airflow/dags/hdb_pipeline.py for tasks to queue
[2026-07-25T11:20:11.146+0000] {logging_mixin.py:190} INFO - [2026-07-25T11:20:11.146+0000] {dagbag.py:588} INFO - Filling up the DagBag from /opt/airflow/dags/hdb_pipeline.py
[2026-07-25T11:20:11.558+0000] {processor.py:925} INFO - DAG(s) 'hdb_resale_pipeline' retrieved from /opt/airflow/dags/hdb_pipeline.py
[2026-07-25T11:20:11.574+0000] {logging_mixin.py:190} INFO - [2026-07-25T11:20:11.574+0000] {dag.py:3239} INFO - Sync 1 DAGs
[2026-07-25T11:20:11.587+0000] {logging_mixin.py:190} INFO - [2026-07-25T11:20:11.587+0000] {dag.py:4180} INFO - Setting next_dagrun for hdb_resale_pipeline to 2026-07-25 00:00:00+00:00, run_after=2026-07-26 00:00:00+00:00
[2026-07-25T11:20:11.599+0000] {processor.py:208} INFO - Processing /opt/airflow/dags/hdb_pipeline.py took 0.461 seconds
[2026-07-25T11:20:41.759+0000] {processor.py:186} INFO - Started process (PID=3185) to work on /opt/airflow/dags/hdb_pipeline.py
[2026-07-25T11:20:41.760+0000] {processor.py:914} INFO - Processing file /opt/airflow/dags/hdb_pipeline.py for tasks to queue
[2026-07-25T11:20:41.762+0000] {logging_mixin.py:190} INFO - [2026-07-25T11:20:41.762+0000] {dagbag.py:588} INFO - Filling up the DagBag from /opt/airflow/dags/hdb_pipeline.py
[2026-07-25T11:20:42.227+0000] {processor.py:925} INFO - DAG(s) 'hdb_resale_pipeline' retrieved from /opt/airflow/dags/hdb_pipeline.py
[2026-07-25T11:20:42.241+0000] {logging_mixin.py:190} INFO - [2026-07-25T11:20:42.241+0000] {dag.py:3239} INFO - Sync 1 DAGs
[2026-07-25T11:20:42.256+0000] {logging_mixin.py:190} INFO - [2026-07-25T11:20:42.255+0000] {dag.py:4180} INFO - Setting next_dagrun for hdb_resale_pipeline to 2026-07-25 00:00:00+00:00, run_after=2026-07-26 00:00:00+00:00
[2026-07-25T11:20:42.267+0000] {processor.py:208} INFO - Processing /opt/airflow/dags/hdb_pipeline.py took 0.512 seconds
[2026-07-25T11:21:12.405+0000] {processor.py:186} INFO - Started process (PID=3208) to work on /opt/airflow/dags/hdb_pipeline.py
[2026-07-25T11:21:12.406+0000] {processor.py:914} INFO - Processing file /opt/airflow/dags/hdb_pipeline.py for tasks to queue
[2026-07-25T11:21:12.408+0000] {logging_mixin.py:190} INFO - [2026-07-25T11:21:12.408+0000] {dagbag.py:588} INFO - Filling up the DagBag from /opt/airflow/dags/hdb_pipeline.py
[2026-07-25T11:21:12.804+0000] {processor.py:925} INFO - DAG(s) 'hdb_resale_pipeline' retrieved from /opt/airflow/dags/hdb_pipeline.py
[2026-07-25T11:21:12.818+0000] {logging_mixin.py:190} INFO - [2026-07-25T11:21:12.818+0000] {dag.py:3239} INFO - Sync 1 DAGs
[2026-07-25T11:21:12.831+0000] {logging_mixin.py:190} INFO - [2026-07-25T11:21:12.830+0000] {dag.py:4180} INFO - Setting next_dagrun for hdb_resale_pipeline to 2026-07-25 00:00:00+00:00, run_after=2026-07-26 00:00:00+00:00
[2026-07-25T11:21:12.841+0000] {processor.py:208} INFO - Processing /opt/airflow/dags/hdb_pipeline.py took 0.439 seconds
[2026-07-25T11:21:42.998+0000] {processor.py:186} INFO - Started process (PID=3231) to work on /opt/airflow/dags/hdb_pipeline.py
[2026-07-25T11:21:42.999+0000] {processor.py:914} INFO - Processing file /opt/airflow/dags/hdb_pipeline.py for tasks to queue
[2026-07-25T11:21:43.001+0000] {logging_mixin.py:190} INFO - [2026-07-25T11:21:43.001+0000] {dagbag.py:588} INFO - Filling up the DagBag from /opt/airflow/dags/hdb_pipeline.py
[2026-07-25T11:21:43.423+0000] {processor.py:925} INFO - DAG(s) 'hdb_resale_pipeline' retrieved from /opt/airflow/dags/hdb_pipeline.py
[2026-07-25T11:21:43.437+0000] {logging_mixin.py:190} INFO - [2026-07-25T11:21:43.436+0000] {dag.py:3239} INFO - Sync 1 DAGs
[2026-07-25T11:21:43.448+0000] {logging_mixin.py:190} INFO - [2026-07-25T11:21:43.448+0000] {dag.py:4180} INFO - Setting next_dagrun for hdb_resale_pipeline to 2026-07-25 00:00:00+00:00, run_after=2026-07-26 00:00:00+00:00
[2026-07-25T11:21:43.462+0000] {processor.py:208} INFO - Processing /opt/airflow/dags/hdb_pipeline.py took 0.468 seconds
[2026-07-25T11:22:13.648+0000] {processor.py:186} INFO - Started process (PID=3254) to work on /opt/airflow/dags/hdb_pipeline.py
[2026-07-25T11:22:13.649+0000] {processor.py:914} INFO - Processing file /opt/airflow/dags/hdb_pipeline.py for tasks to queue
[2026-07-25T11:22:13.651+0000] {logging_mixin.py:190} INFO - [2026-07-25T11:22:13.650+0000] {dagbag.py:588} INFO - Filling up the DagBag from /opt/airflow/dags/hdb_pipeline.py
[2026-07-25T11:22:14.085+0000] {processor.py:925} INFO - DAG(s) 'hdb_resale_pipeline' retrieved from /opt/airflow/dags/hdb_pipeline.py
[2026-07-25T11:22:14.101+0000] {logging_mixin.py:190} INFO - [2026-07-25T11:22:14.100+0000] {dag.py:3239} INFO - Sync 1 DAGs
[2026-07-25T11:22:14.113+0000] {logging_mixin.py:190} INFO - [2026-07-25T11:22:14.113+0000] {dag.py:4180} INFO - Setting next_dagrun for hdb_resale_pipeline to 2026-07-25 00:00:00+00:00, run_after=2026-07-26 00:00:00+00:00
[2026-07-25T11:22:14.125+0000] {processor.py:208} INFO - Processing /opt/airflow/dags/hdb_pipeline.py took 0.480 seconds
[2026-07-25T11:22:44.253+0000] {processor.py:186} INFO - Started process (PID=3277) to work on /opt/airflow/dags/hdb_pipeline.py
[2026-07-25T11:22:44.254+0000] {processor.py:914} INFO - Processing file /opt/airflow/dags/hdb_pipeline.py for tasks to queue
[2026-07-25T11:22:44.256+0000] {logging_mixin.py:190} INFO - [2026-07-25T11:22:44.255+0000] {dagbag.py:588} INFO - Filling up the DagBag from /opt/airflow/dags/hdb_pipeline.py
[2026-07-25T11:22:44.666+0000] {processor.py:925} INFO - DAG(s) 'hdb_resale_pipeline' retrieved from /opt/airflow/dags/hdb_pipeline.py
[2026-07-25T11:22:44.680+0000] {logging_mixin.py:190} INFO - [2026-07-25T11:22:44.680+0000] {dag.py:3239} INFO - Sync 1 DAGs
[2026-07-25T11:22:44.692+0000] {logging_mixin.py:190} INFO - [2026-07-25T11:22:44.692+0000] {dag.py:4180} INFO - Setting next_dagrun for hdb_resale_pipeline to 2026-07-25 00:00:00+00:00, run_after=2026-07-26 00:00:00+00:00
[2026-07-25T11:22:44.703+0000] {processor.py:208} INFO - Processing /opt/airflow/dags/hdb_pipeline.py took 0.453 seconds
[2026-07-25T11:23:14.861+0000] {processor.py:186} INFO - Started process (PID=3300) to work on /opt/airflow/dags/hdb_pipeline.py
[2026-07-25T11:23:14.862+0000] {processor.py:914} INFO - Processing file /opt/airflow/dags/hdb_pipeline.py for tasks to queue
[2026-07-25T11:23:14.864+0000] {logging_mixin.py:190} INFO - [2026-07-25T11:23:14.864+0000] {dagbag.py:588} INFO - Filling up the DagBag from /opt/airflow/dags/hdb_pipeline.py
[2026-07-25T11:23:15.267+0000] {processor.py:925} INFO - DAG(s) 'hdb_resale_pipeline' retrieved from /opt/airflow/dags/hdb_pipeline.py
[2026-07-25T11:23:15.281+0000] {logging_mixin.py:190} INFO - [2026-07-25T11:23:15.281+0000] {dag.py:3239} INFO - Sync 1 DAGs
[2026-07-25T11:23:15.294+0000] {logging_mixin.py:190} INFO - [2026-07-25T11:23:15.294+0000] {dag.py:4180} INFO - Setting next_dagrun for hdb_resale_pipeline to 2026-07-25 00:00:00+00:00, run_after=2026-07-26 00:00:00+00:00
[2026-07-25T11:23:15.305+0000] {processor.py:208} INFO - Processing /opt/airflow/dags/hdb_pipeline.py took 0.448 seconds
[2026-07-25T11:23:45.462+0000] {processor.py:186} INFO - Started process (PID=3323) to work on /opt/airflow/dags/hdb_pipeline.py
[2026-07-25T11:23:45.463+0000] {processor.py:914} INFO - Processing file /opt/airflow/dags/hdb_pipeline.py for tasks to queue
[2026-07-25T11:23:45.465+0000] {logging_mixin.py:190} INFO - [2026-07-25T11:23:45.465+0000] {dagbag.py:588} INFO - Filling up the DagBag from /opt/airflow/dags/hdb_pipeline.py
[2026-07-25T11:23:45.867+0000] {processor.py:925} INFO - DAG(s) 'hdb_resale_pipeline' retrieved from /opt/airflow/dags/hdb_pipeline.py
[2026-07-25T11:23:45.881+0000] {logging_mixin.py:190} INFO - [2026-07-25T11:23:45.881+0000] {dag.py:3239} INFO - Sync 1 DAGs
[2026-07-25T11:23:45.893+0000] {logging_mixin.py:190} INFO - [2026-07-25T11:23:45.893+0000] {dag.py:4180} INFO - Setting next_dagrun for hdb_resale_pipeline to 2026-07-25 00:00:00+00:00, run_after=2026-07-26 00:00:00+00:00
[2026-07-25T11:23:45.905+0000] {processor.py:208} INFO - Processing /opt/airflow/dags/hdb_pipeline.py took 0.447 seconds
[2026-07-25T11:24:16.059+0000] {processor.py:186} INFO - Started process (PID=3346) to work on /opt/airflow/dags/hdb_pipeline.py
[2026-07-25T11:24:16.060+0000] {processor.py:914} INFO - Processing file /opt/airflow/dags/hdb_pipeline.py for tasks to queue
[2026-07-25T11:24:16.061+0000] {logging_mixin.py:190} INFO - [2026-07-25T11:24:16.061+0000] {dagbag.py:588} INFO - Filling up the DagBag from /opt/airflow/dags/hdb_pipeline.py
[2026-07-25T11:24:16.461+0000] {processor.py:925} INFO - DAG(s) 'hdb_resale_pipeline' retrieved from /opt/airflow/dags/hdb_pipeline.py
[2026-07-25T11:24:16.476+0000] {logging_mixin.py:190} INFO - [2026-07-25T11:24:16.476+0000] {dag.py:3239} INFO - Sync 1 DAGs
[2026-07-25T11:24:16.490+0000] {logging_mixin.py:190} INFO - [2026-07-25T11:24:16.490+0000] {dag.py:4180} INFO - Setting next_dagrun for hdb_resale_pipeline to 2026-07-25 00:00:00+00:00, run_after=2026-07-26 00:00:00+00:00
[2026-07-25T11:24:16.502+0000] {processor.py:208} INFO - Processing /opt/airflow/dags/hdb_pipeline.py took 0.447 seconds
[2026-07-25T11:24:46.661+0000] {processor.py:186} INFO - Started process (PID=3369) to work on /opt/airflow/dags/hdb_pipeline.py
[2026-07-25T11:24:46.661+0000] {processor.py:914} INFO - Processing file /opt/airflow/dags/hdb_pipeline.py for tasks to queue
[2026-07-25T11:24:46.663+0000] {logging_mixin.py:190} INFO - [2026-07-25T11:24:46.663+0000] {dagbag.py:588} INFO - Filling up the DagBag from /opt/airflow/dags/hdb_pipeline.py
[2026-07-25T11:24:47.064+0000] {processor.py:925} INFO - DAG(s) 'hdb_resale_pipeline' retrieved from /opt/airflow/dags/hdb_pipeline.py
[2026-07-25T11:24:47.078+0000] {logging_mixin.py:190} INFO - [2026-07-25T11:24:47.078+0000] {dag.py:3239} INFO - Sync 1 DAGs
[2026-07-25T11:24:47.091+0000] {logging_mixin.py:190} INFO - [2026-07-25T11:24:47.091+0000] {dag.py:4180} INFO - Setting next_dagrun for hdb_resale_pipeline to 2026-07-25 00:00:00+00:00, run_after=2026-07-26 00:00:00+00:00
[2026-07-25T11:24:47.102+0000] {processor.py:208} INFO - Processing /opt/airflow/dags/hdb_pipeline.py took 0.446 seconds
[2026-07-25T11:25:17.261+0000] {processor.py:186} INFO - Started process (PID=3392) to work on /opt/airflow/dags/hdb_pipeline.py
[2026-07-25T11:25:17.262+0000] {processor.py:914} INFO - Processing file /opt/airflow/dags/hdb_pipeline.py for tasks to queue
[2026-07-25T11:25:17.264+0000] {logging_mixin.py:190} INFO - [2026-07-25T11:25:17.264+0000] {dagbag.py:588} INFO - Filling up the DagBag from /opt/airflow/dags/hdb_pipeline.py
[2026-07-25T11:25:17.679+0000] {processor.py:925} INFO - DAG(s) 'hdb_resale_pipeline' retrieved from /opt/airflow/dags/hdb_pipeline.py
[2026-07-25T11:25:17.694+0000] {logging_mixin.py:190} INFO - [2026-07-25T11:25:17.693+0000] {dag.py:3239} INFO - Sync 1 DAGs
[2026-07-25T11:25:17.706+0000] {logging_mixin.py:190} INFO - [2026-07-25T11:25:17.706+0000] {dag.py:4180} INFO - Setting next_dagrun for hdb_resale_pipeline to 2026-07-25 00:00:00+00:00, run_after=2026-07-26 00:00:00+00:00
[2026-07-25T11:25:17.717+0000] {processor.py:208} INFO - Processing /opt/airflow/dags/hdb_pipeline.py took 0.460 seconds
[2026-07-25T11:25:47.878+0000] {processor.py:186} INFO - Started process (PID=3415) to work on /opt/airflow/dags/hdb_pipeline.py
[2026-07-25T11:25:47.879+0000] {processor.py:914} INFO - Processing file /opt/airflow/dags/hdb_pipeline.py for tasks to queue
[2026-07-25T11:25:47.881+0000] {logging_mixin.py:190} INFO - [2026-07-25T11:25:47.881+0000] {dagbag.py:588} INFO - Filling up the DagBag from /opt/airflow/dags/hdb_pipeline.py
[2026-07-25T11:25:48.316+0000] {processor.py:925} INFO - DAG(s) 'hdb_resale_pipeline' retrieved from /opt/airflow/dags/hdb_pipeline.py
[2026-07-25T11:25:48.331+0000] {logging_mixin.py:190} INFO - [2026-07-25T11:25:48.331+0000] {dag.py:3239} INFO - Sync 1 DAGs
[2026-07-25T11:25:48.344+0000] {logging_mixin.py:190} INFO - [2026-07-25T11:25:48.344+0000] {dag.py:4180} INFO - Setting next_dagrun for hdb_resale_pipeline to 2026-07-25 00:00:00+00:00, run_after=2026-07-26 00:00:00+00:00
[2026-07-25T11:25:48.355+0000] {processor.py:208} INFO - Processing /opt/airflow/dags/hdb_pipeline.py took 0.481 seconds
[2026-07-25T11:26:18.512+0000] {processor.py:186} INFO - Started process (PID=3438) to work on /opt/airflow/dags/hdb_pipeline.py
[2026-07-25T11:26:18.513+0000] {processor.py:914} INFO - Processing file /opt/airflow/dags/hdb_pipeline.py for tasks to queue
[2026-07-25T11:26:18.515+0000] {logging_mixin.py:190} INFO - [2026-07-25T11:26:18.515+0000] {dagbag.py:588} INFO - Filling up the DagBag from /opt/airflow/dags/hdb_pipeline.py
[2026-07-25T11:26:18.910+0000] {processor.py:925} INFO - DAG(s) 'hdb_resale_pipeline' retrieved from /opt/airflow/dags/hdb_pipeline.py
[2026-07-25T11:26:18.925+0000] {logging_mixin.py:190} INFO - [2026-07-25T11:26:18.924+0000] {dag.py:3239} INFO - Sync 1 DAGs
[2026-07-25T11:26:18.937+0000] {logging_mixin.py:190} INFO - [2026-07-25T11:26:18.937+0000] {dag.py:4180} INFO - Setting next_dagrun for hdb_resale_pipeline to 2026-07-25 00:00:00+00:00, run_after=2026-07-26 00:00:00+00:00
[2026-07-25T11:26:18.949+0000] {processor.py:208} INFO - Processing /opt/airflow/dags/hdb_pipeline.py took 0.441 seconds
[2026-07-25T11:26:49.106+0000] {processor.py:186} INFO - Started process (PID=3461) to work on /opt/airflow/dags/hdb_pipeline.py
[2026-07-25T11:26:49.107+0000] {processor.py:914} INFO - Processing file /opt/airflow/dags/hdb_pipeline.py for tasks to queue
[2026-07-25T11:26:49.109+0000] {logging_mixin.py:190} INFO - [2026-07-25T11:26:49.109+0000] {dagbag.py:588} INFO - Filling up the DagBag from /opt/airflow/dags/hdb_pipeline.py
[2026-07-25T11:26:49.518+0000] {processor.py:925} INFO - DAG(s) 'hdb_resale_pipeline' retrieved from /opt/airflow/dags/hdb_pipeline.py
[2026-07-25T11:26:49.533+0000] {logging_mixin.py:190} INFO - [2026-07-25T11:26:49.533+0000] {dag.py:3239} INFO - Sync 1 DAGs
[2026-07-25T11:26:49.545+0000] {logging_mixin.py:190} INFO - [2026-07-25T11:26:49.545+0000] {dag.py:4180} INFO - Setting next_dagrun for hdb_resale_pipeline to 2026-07-25 00:00:00+00:00, run_after=2026-07-26 00:00:00+00:00
[2026-07-25T11:26:49.557+0000] {processor.py:208} INFO - Processing /opt/airflow/dags/hdb_pipeline.py took 0.456 seconds
[2026-07-25T11:27:19.740+0000] {processor.py:186} INFO - Started process (PID=3484) to work on /opt/airflow/dags/hdb_pipeline.py
[2026-07-25T11:27:19.741+0000] {processor.py:914} INFO - Processing file /opt/airflow/dags/hdb_pipeline.py for tasks to queue
[2026-07-25T11:27:19.743+0000] {logging_mixin.py:190} INFO - [2026-07-25T11:27:19.742+0000] {dagbag.py:588} INFO - Filling up the DagBag from /opt/airflow/dags/hdb_pipeline.py
[2026-07-25T11:27:20.139+0000] {processor.py:925} INFO - DAG(s) 'hdb_resale_pipeline' retrieved from /opt/airflow/dags/hdb_pipeline.py
[2026-07-25T11:27:20.153+0000] {logging_mixin.py:190} INFO - [2026-07-25T11:27:20.153+0000] {dag.py:3239} INFO - Sync 1 DAGs
[2026-07-25T11:27:20.165+0000] {logging_mixin.py:190} INFO - [2026-07-25T11:27:20.165+0000] {dag.py:4180} INFO - Setting next_dagrun for hdb_resale_pipeline to 2026-07-25 00:00:00+00:00, run_after=2026-07-26 00:00:00+00:00
[2026-07-25T11:27:20.176+0000] {processor.py:208} INFO - Processing /opt/airflow/dags/hdb_pipeline.py took 0.439 seconds
[2026-07-25T11:27:50.331+0000] {processor.py:186} INFO - Started process (PID=3507) to work on /opt/airflow/dags/hdb_pipeline.py
[2026-07-25T11:27:50.332+0000] {processor.py:914} INFO - Processing file /opt/airflow/dags/hdb_pipeline.py for tasks to queue
[2026-07-25T11:27:50.334+0000] {logging_mixin.py:190} INFO - [2026-07-25T11:27:50.334+0000] {dagbag.py:588} INFO - Filling up the DagBag from /opt/airflow/dags/hdb_pipeline.py
[2026-07-25T11:27:50.737+0000] {processor.py:925} INFO - DAG(s) 'hdb_resale_pipeline' retrieved from /opt/airflow/dags/hdb_pipeline.py
[2026-07-25T11:27:50.751+0000] {logging_mixin.py:190} INFO - [2026-07-25T11:27:50.751+0000] {dag.py:3239} INFO - Sync 1 DAGs
[2026-07-25T11:27:50.763+0000] {logging_mixin.py:190} INFO - [2026-07-25T11:27:50.763+0000] {dag.py:4180} INFO - Setting next_dagrun for hdb_resale_pipeline to 2026-07-25 00:00:00+00:00, run_after=2026-07-26 00:00:00+00:00
[2026-07-25T11:27:50.773+0000] {processor.py:208} INFO - Processing /opt/airflow/dags/hdb_pipeline.py took 0.446 seconds
[2026-07-25T11:28:20.930+0000] {processor.py:186} INFO - Started process (PID=3530) to work on /opt/airflow/dags/hdb_pipeline.py
[2026-07-25T11:28:20.931+0000] {processor.py:914} INFO - Processing file /opt/airflow/dags/hdb_pipeline.py for tasks to queue
[2026-07-25T11:28:20.933+0000] {logging_mixin.py:190} INFO - [2026-07-25T11:28:20.933+0000] {dagbag.py:588} INFO - Filling up the DagBag from /opt/airflow/dags/hdb_pipeline.py
[2026-07-25T11:28:21.338+0000] {processor.py:925} INFO - DAG(s) 'hdb_resale_pipeline' retrieved from /opt/airflow/dags/hdb_pipeline.py
[2026-07-25T11:28:21.351+0000] {logging_mixin.py:190} INFO - [2026-07-25T11:28:21.351+0000] {dag.py:3239} INFO - Sync 1 DAGs
[2026-07-25T11:28:21.363+0000] {logging_mixin.py:190} INFO - [2026-07-25T11:28:21.363+0000] {dag.py:4180} INFO - Setting next_dagrun for hdb_resale_pipeline to 2026-07-25 00:00:00+00:00, run_after=2026-07-26 00:00:00+00:00
[2026-07-25T11:28:21.375+0000] {processor.py:208} INFO - Processing /opt/airflow/dags/hdb_pipeline.py took 0.448 seconds
[2026-07-25T11:28:51.531+0000] {processor.py:186} INFO - Started process (PID=3553) to work on /opt/airflow/dags/hdb_pipeline.py
[2026-07-25T11:28:51.531+0000] {processor.py:914} INFO - Processing file /opt/airflow/dags/hdb_pipeline.py for tasks to queue
[2026-07-25T11:28:51.533+0000] {logging_mixin.py:190} INFO - [2026-07-25T11:28:51.533+0000] {dagbag.py:588} INFO - Filling up the DagBag from /opt/airflow/dags/hdb_pipeline.py
[2026-07-25T11:28:51.933+0000] {processor.py:925} INFO - DAG(s) 'hdb_resale_pipeline' retrieved from /opt/airflow/dags/hdb_pipeline.py
[2026-07-25T11:28:51.947+0000] {logging_mixin.py:190} INFO - [2026-07-25T11:28:51.946+0000] {dag.py:3239} INFO - Sync 1 DAGs
[2026-07-25T11:28:51.959+0000] {logging_mixin.py:190} INFO - [2026-07-25T11:28:51.959+0000] {dag.py:4180} INFO - Setting next_dagrun for hdb_resale_pipeline to 2026-07-25 00:00:00+00:00, run_after=2026-07-26 00:00:00+00:00
[2026-07-25T11:28:51.971+0000] {processor.py:208} INFO - Processing /opt/airflow/dags/hdb_pipeline.py took 0.444 seconds
[2026-07-25T11:29:22.132+0000] {processor.py:186} INFO - Started process (PID=3576) to work on /opt/airflow/dags/hdb_pipeline.py
[2026-07-25T11:29:22.133+0000] {processor.py:914} INFO - Processing file /opt/airflow/dags/hdb_pipeline.py for tasks to queue
[2026-07-25T11:29:22.135+0000] {logging_mixin.py:190} INFO - [2026-07-25T11:29:22.135+0000] {dagbag.py:588} INFO - Filling up the DagBag from /opt/airflow/dags/hdb_pipeline.py
[2026-07-25T11:29:22.573+0000] {processor.py:925} INFO - DAG(s) 'hdb_resale_pipeline' retrieved from /opt/airflow/dags/hdb_pipeline.py
[2026-07-25T11:29:22.587+0000] {logging_mixin.py:190} INFO - [2026-07-25T11:29:22.587+0000] {dag.py:3239} INFO - Sync 1 DAGs
[2026-07-25T11:29:22.600+0000] {logging_mixin.py:190} INFO - [2026-07-25T11:29:22.600+0000] {dag.py:4180} INFO - Setting next_dagrun for hdb_resale_pipeline to 2026-07-25 00:00:00+00:00, run_after=2026-07-26 00:00:00+00:00
[2026-07-25T11:29:22.613+0000] {processor.py:208} INFO - Processing /opt/airflow/dags/hdb_pipeline.py took 0.484 seconds
[2026-07-25T11:29:52.771+0000] {processor.py:186} INFO - Started process (PID=3599) to work on /opt/airflow/dags/hdb_pipeline.py
[2026-07-25T11:29:52.772+0000] {processor.py:914} INFO - Processing file /opt/airflow/dags/hdb_pipeline.py for tasks to queue
[2026-07-25T11:29:52.774+0000] {logging_mixin.py:190} INFO - [2026-07-25T11:29:52.773+0000] {dagbag.py:588} INFO - Filling up the DagBag from /opt/airflow/dags/hdb_pipeline.py
[2026-07-25T11:29:53.216+0000] {processor.py:925} INFO - DAG(s) 'hdb_resale_pipeline' retrieved from /opt/airflow/dags/hdb_pipeline.py
[2026-07-25T11:29:53.231+0000] {logging_mixin.py:190} INFO - [2026-07-25T11:29:53.231+0000] {dag.py:3239} INFO - Sync 1 DAGs
[2026-07-25T11:29:53.244+0000] {logging_mixin.py:190} INFO - [2026-07-25T11:29:53.244+0000] {dag.py:4180} INFO - Setting next_dagrun for hdb_resale_pipeline to 2026-07-25 00:00:00+00:00, run_after=2026-07-26 00:00:00+00:00
[2026-07-25T11:29:53.271+0000] {processor.py:208} INFO - Processing /opt/airflow/dags/hdb_pipeline.py took 0.504 seconds
[2026-07-25T11:30:23.401+0000] {processor.py:186} INFO - Started process (PID=3622) to work on /opt/airflow/dags/hdb_pipeline.py
[2026-07-25T11:30:23.402+0000] {processor.py:914} INFO - Processing file /opt/airflow/dags/hdb_pipeline.py for tasks to queue
[2026-07-25T11:30:23.404+0000] {logging_mixin.py:190} INFO - [2026-07-25T11:30:23.403+0000] {dagbag.py:588} INFO - Filling up the DagBag from /opt/airflow/dags/hdb_pipeline.py
[2026-07-25T11:30:23.810+0000] {processor.py:925} INFO - DAG(s) 'hdb_resale_pipeline' retrieved from /opt/airflow/dags/hdb_pipeline.py
[2026-07-25T11:30:23.825+0000] {logging_mixin.py:190} INFO - [2026-07-25T11:30:23.825+0000] {dag.py:3239} INFO - Sync 1 DAGs
[2026-07-25T11:30:23.838+0000] {logging_mixin.py:190} INFO - [2026-07-25T11:30:23.837+0000] {dag.py:4180} INFO - Setting next_dagrun for hdb_resale_pipeline to 2026-07-25 00:00:00+00:00, run_after=2026-07-26 00:00:00+00:00
[2026-07-25T11:30:23.849+0000] {processor.py:208} INFO - Processing /opt/airflow/dags/hdb_pipeline.py took 0.451 seconds
[2026-07-25T11:30:54.009+0000] {processor.py:186} INFO - Started process (PID=3645) to work on /opt/airflow/dags/hdb_pipeline.py
[2026-07-25T11:30:54.009+0000] {processor.py:914} INFO - Processing file /opt/airflow/dags/hdb_pipeline.py for tasks to queue
[2026-07-25T11:30:54.011+0000] {logging_mixin.py:190} INFO - [2026-07-25T11:30:54.011+0000] {dagbag.py:588} INFO - Filling up the DagBag from /opt/airflow/dags/hdb_pipeline.py
[2026-07-25T11:30:54.404+0000] {processor.py:925} INFO - DAG(s) 'hdb_resale_pipeline' retrieved from /opt/airflow/dags/hdb_pipeline.py
[2026-07-25T11:30:54.418+0000] {logging_mixin.py:190} INFO - [2026-07-25T11:30:54.418+0000] {dag.py:3239} INFO - Sync 1 DAGs
[2026-07-25T11:30:54.431+0000] {logging_mixin.py:190} INFO - [2026-07-25T11:30:54.431+0000] {dag.py:4180} INFO - Setting next_dagrun for hdb_resale_pipeline to 2026-07-25 00:00:00+00:00, run_after=2026-07-26 00:00:00+00:00
[2026-07-25T11:30:54.442+0000] {processor.py:208} INFO - Processing /opt/airflow/dags/hdb_pipeline.py took 0.437 seconds
[2026-07-25T11:31:24.601+0000] {processor.py:186} INFO - Started process (PID=3668) to work on /opt/airflow/dags/hdb_pipeline.py
[2026-07-25T11:31:24.602+0000] {processor.py:914} INFO - Processing file /opt/airflow/dags/hdb_pipeline.py for tasks to queue
[2026-07-25T11:31:24.604+0000] {logging_mixin.py:190} INFO - [2026-07-25T11:31:24.604+0000] {dagbag.py:588} INFO - Filling up the DagBag from /opt/airflow/dags/hdb_pipeline.py
[2026-07-25T11:31:25.004+0000] {processor.py:925} INFO - DAG(s) 'hdb_resale_pipeline' retrieved from /opt/airflow/dags/hdb_pipeline.py
[2026-07-25T11:31:25.019+0000] {logging_mixin.py:190} INFO - [2026-07-25T11:31:25.019+0000] {dag.py:3239} INFO - Sync 1 DAGs
[2026-07-25T11:31:25.031+0000] {logging_mixin.py:190} INFO - [2026-07-25T11:31:25.031+0000] {dag.py:4180} INFO - Setting next_dagrun for hdb_resale_pipeline to 2026-07-25 00:00:00+00:00, run_after=2026-07-26 00:00:00+00:00
[2026-07-25T11:31:25.042+0000] {processor.py:208} INFO - Processing /opt/airflow/dags/hdb_pipeline.py took 0.445 seconds
[2026-07-25T11:31:55.197+0000] {processor.py:186} INFO - Started process (PID=3691) to work on /opt/airflow/dags/hdb_pipeline.py
[2026-07-25T11:31:55.197+0000] {processor.py:914} INFO - Processing file /opt/airflow/dags/hdb_pipeline.py for tasks to queue
[2026-07-25T11:31:55.199+0000] {logging_mixin.py:190} INFO - [2026-07-25T11:31:55.199+0000] {dagbag.py:588} INFO - Filling up the DagBag from /opt/airflow/dags/hdb_pipeline.py
[2026-07-25T11:31:55.620+0000] {processor.py:925} INFO - DAG(s) 'hdb_resale_pipeline' retrieved from /opt/airflow/dags/hdb_pipeline.py
[2026-07-25T11:31:55.634+0000] {logging_mixin.py:190} INFO - [2026-07-25T11:31:55.634+0000] {dag.py:3239} INFO - Sync 1 DAGs
[2026-07-25T11:31:55.646+0000] {logging_mixin.py:190} INFO - [2026-07-25T11:31:55.646+0000] {dag.py:4180} INFO - Setting next_dagrun for hdb_resale_pipeline to 2026-07-25 00:00:00+00:00, run_after=2026-07-26 00:00:00+00:00
[2026-07-25T11:31:55.657+0000] {processor.py:208} INFO - Processing /opt/airflow/dags/hdb_pipeline.py took 0.464 seconds
[2026-07-25T11:32:25.844+0000] {processor.py:186} INFO - Started process (PID=3714) to work on /opt/airflow/dags/hdb_pipeline.py
[2026-07-25T11:32:25.845+0000] {processor.py:914} INFO - Processing file /opt/airflow/dags/hdb_pipeline.py for tasks to queue
[2026-07-25T11:32:25.847+0000] {logging_mixin.py:190} INFO - [2026-07-25T11:32:25.847+0000] {dagbag.py:588} INFO - Filling up the DagBag from /opt/airflow/dags/hdb_pipeline.py
[2026-07-25T11:32:26.250+0000] {processor.py:925} INFO - DAG(s) 'hdb_resale_pipeline' retrieved from /opt/airflow/dags/hdb_pipeline.py
[2026-07-25T11:32:26.265+0000] {logging_mixin.py:190} INFO - [2026-07-25T11:32:26.264+0000] {dag.py:3239} INFO - Sync 1 DAGs
[2026-07-25T11:32:26.276+0000] {logging_mixin.py:190} INFO - [2026-07-25T11:32:26.276+0000] {dag.py:4180} INFO - Setting next_dagrun for hdb_resale_pipeline to 2026-07-25 00:00:00+00:00, run_after=2026-07-26 00:00:00+00:00
[2026-07-25T11:32:26.288+0000] {processor.py:208} INFO - Processing /opt/airflow/dags/hdb_pipeline.py took 0.447 seconds
[2026-07-25T11:32:56.441+0000] {processor.py:186} INFO - Started process (PID=3737) to work on /opt/airflow/dags/hdb_pipeline.py
[2026-07-25T11:32:56.442+0000] {processor.py:914} INFO - Processing file /opt/airflow/dags/hdb_pipeline.py for tasks to queue
[2026-07-25T11:32:56.444+0000] {logging_mixin.py:190} INFO - [2026-07-25T11:32:56.444+0000] {dagbag.py:588} INFO - Filling up the DagBag from /opt/airflow/dags/hdb_pipeline.py
[2026-07-25T11:32:56.844+0000] {processor.py:925} INFO - DAG(s) 'hdb_resale_pipeline' retrieved from /opt/airflow/dags/hdb_pipeline.py
[2026-07-25T11:32:56.858+0000] {logging_mixin.py:190} INFO - [2026-07-25T11:32:56.858+0000] {dag.py:3239} INFO - Sync 1 DAGs
[2026-07-25T11:32:56.871+0000] {logging_mixin.py:190} INFO - [2026-07-25T11:32:56.871+0000] {dag.py:4180} INFO - Setting next_dagrun for hdb_resale_pipeline to 2026-07-25 00:00:00+00:00, run_after=2026-07-26 00:00:00+00:00
[2026-07-25T11:32:56.890+0000] {processor.py:208} INFO - Processing /opt/airflow/dags/hdb_pipeline.py took 0.452 seconds
[2026-07-25T11:33:27.049+0000] {processor.py:186} INFO - Started process (PID=3760) to work on /opt/airflow/dags/hdb_pipeline.py
[2026-07-25T11:33:27.050+0000] {processor.py:914} INFO - Processing file /opt/airflow/dags/hdb_pipeline.py for tasks to queue
[2026-07-25T11:33:27.052+0000] {logging_mixin.py:190} INFO - [2026-07-25T11:33:27.052+0000] {dagbag.py:588} INFO - Filling up the DagBag from /opt/airflow/dags/hdb_pipeline.py
[2026-07-25T11:33:27.470+0000] {processor.py:925} INFO - DAG(s) 'hdb_resale_pipeline' retrieved from /opt/airflow/dags/hdb_pipeline.py
[2026-07-25T11:33:27.484+0000] {logging_mixin.py:190} INFO - [2026-07-25T11:33:27.484+0000] {dag.py:3239} INFO - Sync 1 DAGs
[2026-07-25T11:33:27.497+0000] {logging_mixin.py:190} INFO - [2026-07-25T11:33:27.497+0000] {dag.py:4180} INFO - Setting next_dagrun for hdb_resale_pipeline to 2026-07-25 00:00:00+00:00, run_after=2026-07-26 00:00:00+00:00
[2026-07-25T11:33:27.509+0000] {processor.py:208} INFO - Processing /opt/airflow/dags/hdb_pipeline.py took 0.463 seconds
[2026-07-25T11:33:57.665+0000] {processor.py:186} INFO - Started process (PID=3783) to work on /opt/airflow/dags/hdb_pipeline.py
[2026-07-25T11:33:57.666+0000] {processor.py:914} INFO - Processing file /opt/airflow/dags/hdb_pipeline.py for tasks to queue
[2026-07-25T11:33:57.668+0000] {logging_mixin.py:190} INFO - [2026-07-25T11:33:57.668+0000] {dagbag.py:588} INFO - Filling up the DagBag from /opt/airflow/dags/hdb_pipeline.py
[2026-07-25T11:33:58.081+0000] {processor.py:925} INFO - DAG(s) 'hdb_resale_pipeline' retrieved from /opt/airflow/dags/hdb_pipeline.py
[2026-07-25T11:33:58.097+0000] {logging_mixin.py:190} INFO - [2026-07-25T11:33:58.096+0000] {dag.py:3239} INFO - Sync 1 DAGs
[2026-07-25T11:33:58.109+0000] {logging_mixin.py:190} INFO - [2026-07-25T11:33:58.109+0000] {dag.py:4180} INFO - Setting next_dagrun for hdb_resale_pipeline to 2026-07-25 00:00:00+00:00, run_after=2026-07-26 00:00:00+00:00
[2026-07-25T11:33:58.121+0000] {processor.py:208} INFO - Processing /opt/airflow/dags/hdb_pipeline.py took 0.459 seconds
[2026-07-25T11:34:28.281+0000] {processor.py:186} INFO - Started process (PID=3806) to work on /opt/airflow/dags/hdb_pipeline.py
[2026-07-25T11:34:28.282+0000] {processor.py:914} INFO - Processing file /opt/airflow/dags/hdb_pipeline.py for tasks to queue
[2026-07-25T11:34:28.284+0000] {logging_mixin.py:190} INFO - [2026-07-25T11:34:28.284+0000] {dagbag.py:588} INFO - Filling up the DagBag from /opt/airflow/dags/hdb_pipeline.py
[2026-07-25T11:34:28.703+0000] {processor.py:925} INFO - DAG(s) 'hdb_resale_pipeline' retrieved from /opt/airflow/dags/hdb_pipeline.py
[2026-07-25T11:34:28.717+0000] {logging_mixin.py:190} INFO - [2026-07-25T11:34:28.717+0000] {dag.py:3239} INFO - Sync 1 DAGs
[2026-07-25T11:34:28.729+0000] {logging_mixin.py:190} INFO - [2026-07-25T11:34:28.729+0000] {dag.py:4180} INFO - Setting next_dagrun for hdb_resale_pipeline to 2026-07-25 00:00:00+00:00, run_after=2026-07-26 00:00:00+00:00
[2026-07-25T11:34:28.741+0000] {processor.py:208} INFO - Processing /opt/airflow/dags/hdb_pipeline.py took 0.464 seconds
[2026-07-25T11:34:58.898+0000] {processor.py:186} INFO - Started process (PID=3829) to work on /opt/airflow/dags/hdb_pipeline.py
[2026-07-25T11:34:58.899+0000] {processor.py:914} INFO - Processing file /opt/airflow/dags/hdb_pipeline.py for tasks to queue
[2026-07-25T11:34:58.901+0000] {logging_mixin.py:190} INFO - [2026-07-25T11:34:58.901+0000] {dagbag.py:588} INFO - Filling up the DagBag from /opt/airflow/dags/hdb_pipeline.py
[2026-07-25T11:34:59.319+0000] {processor.py:925} INFO - DAG(s) 'hdb_resale_pipeline' retrieved from /opt/airflow/dags/hdb_pipeline.py
[2026-07-25T11:34:59.335+0000] {logging_mixin.py:190} INFO - [2026-07-25T11:34:59.334+0000] {dag.py:3239} INFO - Sync 1 DAGs
[2026-07-25T11:34:59.347+0000] {logging_mixin.py:190} INFO - [2026-07-25T11:34:59.347+0000] {dag.py:4180} INFO - Setting next_dagrun for hdb_resale_pipeline to 2026-07-25 00:00:00+00:00, run_after=2026-07-26 00:00:00+00:00
[2026-07-25T11:34:59.357+0000] {processor.py:208} INFO - Processing /opt/airflow/dags/hdb_pipeline.py took 0.465 seconds
[2026-07-25T11:35:29.517+0000] {processor.py:186} INFO - Started process (PID=3852) to work on /opt/airflow/dags/hdb_pipeline.py
[2026-07-25T11:35:29.517+0000] {processor.py:914} INFO - Processing file /opt/airflow/dags/hdb_pipeline.py for tasks to queue
[2026-07-25T11:35:29.519+0000] {logging_mixin.py:190} INFO - [2026-07-25T11:35:29.519+0000] {dagbag.py:588} INFO - Filling up the DagBag from /opt/airflow/dags/hdb_pipeline.py
[2026-07-25T11:35:29.921+0000] {processor.py:925} INFO - DAG(s) 'hdb_resale_pipeline' retrieved from /opt/airflow/dags/hdb_pipeline.py
[2026-07-25T11:35:29.936+0000] {logging_mixin.py:190} INFO - [2026-07-25T11:35:29.935+0000] {dag.py:3239} INFO - Sync 1 DAGs
[2026-07-25T11:35:29.950+0000] {logging_mixin.py:190} INFO - [2026-07-25T11:35:29.950+0000] {dag.py:4180} INFO - Setting next_dagrun for hdb_resale_pipeline to 2026-07-25 00:00:00+00:00, run_after=2026-07-26 00:00:00+00:00
[2026-07-25T11:35:29.961+0000] {processor.py:208} INFO - Processing /opt/airflow/dags/hdb_pipeline.py took 0.449 seconds
[2026-07-25T11:36:00.115+0000] {processor.py:186} INFO - Started process (PID=3875) to work on /opt/airflow/dags/hdb_pipeline.py
[2026-07-25T11:36:00.116+0000] {processor.py:914} INFO - Processing file /opt/airflow/dags/hdb_pipeline.py for tasks to queue
[2026-07-25T11:36:00.118+0000] {logging_mixin.py:190} INFO - [2026-07-25T11:36:00.118+0000] {dagbag.py:588} INFO - Filling up the DagBag from /opt/airflow/dags/hdb_pipeline.py
[2026-07-25T11:36:00.525+0000] {processor.py:925} INFO - DAG(s) 'hdb_resale_pipeline' retrieved from /opt/airflow/dags/hdb_pipeline.py
[2026-07-25T11:36:00.540+0000] {logging_mixin.py:190} INFO - [2026-07-25T11:36:00.540+0000] {dag.py:3239} INFO - Sync 1 DAGs
[2026-07-25T11:36:00.553+0000] {logging_mixin.py:190} INFO - [2026-07-25T11:36:00.553+0000] {dag.py:4180} INFO - Setting next_dagrun for hdb_resale_pipeline to 2026-07-25 00:00:00+00:00, run_after=2026-07-26 00:00:00+00:00
[2026-07-25T11:36:00.564+0000] {processor.py:208} INFO - Processing /opt/airflow/dags/hdb_pipeline.py took 0.453 seconds
[2026-07-25T11:36:30.717+0000] {processor.py:186} INFO - Started process (PID=3898) to work on /opt/airflow/dags/hdb_pipeline.py
[2026-07-25T11:36:30.718+0000] {processor.py:914} INFO - Processing file /opt/airflow/dags/hdb_pipeline.py for tasks to queue
[2026-07-25T11:36:30.720+0000] {logging_mixin.py:190} INFO - [2026-07-25T11:36:30.719+0000] {dagbag.py:588} INFO - Filling up the DagBag from /opt/airflow/dags/hdb_pipeline.py
[2026-07-25T11:36:31.114+0000] {processor.py:925} INFO - DAG(s) 'hdb_resale_pipeline' retrieved from /opt/airflow/dags/hdb_pipeline.py
[2026-07-25T11:36:31.128+0000] {logging_mixin.py:190} INFO - [2026-07-25T11:36:31.127+0000] {dag.py:3239} INFO - Sync 1 DAGs
[2026-07-25T11:36:31.139+0000] {logging_mixin.py:190} INFO - [2026-07-25T11:36:31.139+0000] {dag.py:4180} INFO - Setting next_dagrun for hdb_resale_pipeline to 2026-07-25 00:00:00+00:00, run_after=2026-07-26 00:00:00+00:00
[2026-07-25T11:36:31.151+0000] {processor.py:208} INFO - Processing /opt/airflow/dags/hdb_pipeline.py took 0.438 seconds
[2026-07-25T11:37:01.303+0000] {processor.py:186} INFO - Started process (PID=3921) to work on /opt/airflow/dags/hdb_pipeline.py
[2026-07-25T11:37:01.304+0000] {processor.py:914} INFO - Processing file /opt/airflow/dags/hdb_pipeline.py for tasks to queue
[2026-07-25T11:37:01.305+0000] {logging_mixin.py:190} INFO - [2026-07-25T11:37:01.305+0000] {dagbag.py:588} INFO - Filling up the DagBag from /opt/airflow/dags/hdb_pipeline.py
[2026-07-25T11:37:01.704+0000] {processor.py:925} INFO - DAG(s) 'hdb_resale_pipeline' retrieved from /opt/airflow/dags/hdb_pipeline.py
[2026-07-25T11:37:01.719+0000] {logging_mixin.py:190} INFO - [2026-07-25T11:37:01.718+0000] {dag.py:3239} INFO - Sync 1 DAGs
[2026-07-25T11:37:01.732+0000] {logging_mixin.py:190} INFO - [2026-07-25T11:37:01.731+0000] {dag.py:4180} INFO - Setting next_dagrun for hdb_resale_pipeline to 2026-07-25 00:00:00+00:00, run_after=2026-07-26 00:00:00+00:00
[2026-07-25T11:37:01.743+0000] {processor.py:208} INFO - Processing /opt/airflow/dags/hdb_pipeline.py took 0.444 seconds
[2026-07-25T11:37:31.902+0000] {processor.py:186} INFO - Started process (PID=3944) to work on /opt/airflow/dags/hdb_pipeline.py
[2026-07-25T11:37:31.903+0000] {processor.py:914} INFO - Processing file /opt/airflow/dags/hdb_pipeline.py for tasks to queue
[2026-07-25T11:37:31.904+0000] {logging_mixin.py:190} INFO - [2026-07-25T11:37:31.904+0000] {dagbag.py:588} INFO - Filling up the DagBag from /opt/airflow/dags/hdb_pipeline.py
[2026-07-25T11:37:32.296+0000] {processor.py:925} INFO - DAG(s) 'hdb_resale_pipeline' retrieved from /opt/airflow/dags/hdb_pipeline.py
[2026-07-25T11:37:32.310+0000] {logging_mixin.py:190} INFO - [2026-07-25T11:37:32.310+0000] {dag.py:3239} INFO - Sync 1 DAGs
[2026-07-25T11:37:32.323+0000] {logging_mixin.py:190} INFO - [2026-07-25T11:37:32.323+0000] {dag.py:4180} INFO - Setting next_dagrun for hdb_resale_pipeline to 2026-07-25 00:00:00+00:00, run_after=2026-07-26 00:00:00+00:00
[2026-07-25T11:37:32.334+0000] {processor.py:208} INFO - Processing /opt/airflow/dags/hdb_pipeline.py took 0.436 seconds
[2026-07-25T11:38:02.490+0000] {processor.py:186} INFO - Started process (PID=3967) to work on /opt/airflow/dags/hdb_pipeline.py
[2026-07-25T11:38:02.491+0000] {processor.py:914} INFO - Processing file /opt/airflow/dags/hdb_pipeline.py for tasks to queue
[2026-07-25T11:38:02.493+0000] {logging_mixin.py:190} INFO - [2026-07-25T11:38:02.493+0000] {dagbag.py:588} INFO - Filling up the DagBag from /opt/airflow/dags/hdb_pipeline.py
[2026-07-25T11:38:02.889+0000] {processor.py:925} INFO - DAG(s) 'hdb_resale_pipeline' retrieved from /opt/airflow/dags/hdb_pipeline.py
[2026-07-25T11:38:02.902+0000] {logging_mixin.py:190} INFO - [2026-07-25T11:38:02.902+0000] {dag.py:3239} INFO - Sync 1 DAGs
[2026-07-25T11:38:02.914+0000] {logging_mixin.py:190} INFO - [2026-07-25T11:38:02.914+0000] {dag.py:4180} INFO - Setting next_dagrun for hdb_resale_pipeline to 2026-07-25 00:00:00+00:00, run_after=2026-07-26 00:00:00+00:00
[2026-07-25T11:38:02.924+0000] {processor.py:208} INFO - Processing /opt/airflow/dags/hdb_pipeline.py took 0.437 seconds
[2026-07-25T11:38:33.075+0000] {processor.py:186} INFO - Started process (PID=3990) to work on /opt/airflow/dags/hdb_pipeline.py
[2026-07-25T11:38:33.076+0000] {processor.py:914} INFO - Processing file /opt/airflow/dags/hdb_pipeline.py for tasks to queue
[2026-07-25T11:38:33.077+0000] {logging_mixin.py:190} INFO - [2026-07-25T11:38:33.077+0000] {dagbag.py:588} INFO - Filling up the DagBag from /opt/airflow/dags/hdb_pipeline.py
[2026-07-25T11:38:33.485+0000] {processor.py:925} INFO - DAG(s) 'hdb_resale_pipeline' retrieved from /opt/airflow/dags/hdb_pipeline.py
[2026-07-25T11:38:33.499+0000] {logging_mixin.py:190} INFO - [2026-07-25T11:38:33.499+0000] {dag.py:3239} INFO - Sync 1 DAGs
[2026-07-25T11:38:33.512+0000] {logging_mixin.py:190} INFO - [2026-07-25T11:38:33.511+0000] {dag.py:4180} INFO - Setting next_dagrun for hdb_resale_pipeline to 2026-07-25 00:00:00+00:00, run_after=2026-07-26 00:00:00+00:00
[2026-07-25T11:38:33.522+0000] {processor.py:208} INFO - Processing /opt/airflow/dags/hdb_pipeline.py took 0.451 seconds
[2026-07-25T11:39:03.672+0000] {processor.py:186} INFO - Started process (PID=4013) to work on /opt/airflow/dags/hdb_pipeline.py
[2026-07-25T11:39:03.673+0000] {processor.py:914} INFO - Processing file /opt/airflow/dags/hdb_pipeline.py for tasks to queue
[2026-07-25T11:39:03.675+0000] {logging_mixin.py:190} INFO - [2026-07-25T11:39:03.675+0000] {dagbag.py:588} INFO - Filling up the DagBag from /opt/airflow/dags/hdb_pipeline.py
[2026-07-25T11:39:04.066+0000] {processor.py:925} INFO - DAG(s) 'hdb_resale_pipeline' retrieved from /opt/airflow/dags/hdb_pipeline.py
[2026-07-25T11:39:04.080+0000] {logging_mixin.py:190} INFO - [2026-07-25T11:39:04.080+0000] {dag.py:3239} INFO - Sync 1 DAGs
[2026-07-25T11:39:04.092+0000] {logging_mixin.py:190} INFO - [2026-07-25T11:39:04.092+0000] {dag.py:4180} INFO - Setting next_dagrun for hdb_resale_pipeline to 2026-07-25 00:00:00+00:00, run_after=2026-07-26 00:00:00+00:00
[2026-07-25T11:39:04.104+0000] {processor.py:208} INFO - Processing /opt/airflow/dags/hdb_pipeline.py took 0.435 seconds
[2026-07-25T11:39:34.257+0000] {processor.py:186} INFO - Started process (PID=4036) to work on /opt/airflow/dags/hdb_pipeline.py
[2026-07-25T11:39:34.258+0000] {processor.py:914} INFO - Processing file /opt/airflow/dags/hdb_pipeline.py for tasks to queue
[2026-07-25T11:39:34.260+0000] {logging_mixin.py:190} INFO - [2026-07-25T11:39:34.260+0000] {dagbag.py:588} INFO - Filling up the DagBag from /opt/airflow/dags/hdb_pipeline.py
[2026-07-25T11:39:34.658+0000] {processor.py:925} INFO - DAG(s) 'hdb_resale_pipeline' retrieved from /opt/airflow/dags/hdb_pipeline.py
[2026-07-25T11:39:34.672+0000] {logging_mixin.py:190} INFO - [2026-07-25T11:39:34.672+0000] {dag.py:3239} INFO - Sync 1 DAGs
[2026-07-25T11:39:34.684+0000] {logging_mixin.py:190} INFO - [2026-07-25T11:39:34.684+0000] {dag.py:4180} INFO - Setting next_dagrun for hdb_resale_pipeline to 2026-07-25 00:00:00+00:00, run_after=2026-07-26 00:00:00+00:00
[2026-07-25T11:39:34.694+0000] {processor.py:208} INFO - Processing /opt/airflow/dags/hdb_pipeline.py took 0.441 seconds
[2026-07-25T11:40:04.845+0000] {processor.py:186} INFO - Started process (PID=4059) to work on /opt/airflow/dags/hdb_pipeline.py
[2026-07-25T11:40:04.846+0000] {processor.py:914} INFO - Processing file /opt/airflow/dags/hdb_pipeline.py for tasks to queue
[2026-07-25T11:40:04.847+0000] {logging_mixin.py:190} INFO - [2026-07-25T11:40:04.847+0000] {dagbag.py:588} INFO - Filling up the DagBag from /opt/airflow/dags/hdb_pipeline.py
[2026-07-25T11:40:05.246+0000] {processor.py:925} INFO - DAG(s) 'hdb_resale_pipeline' retrieved from /opt/airflow/dags/hdb_pipeline.py
[2026-07-25T11:40:05.260+0000] {logging_mixin.py:190} INFO - [2026-07-25T11:40:05.260+0000] {dag.py:3239} INFO - Sync 1 DAGs
[2026-07-25T11:40:05.272+0000] {logging_mixin.py:190} INFO - [2026-07-25T11:40:05.272+0000] {dag.py:4180} INFO - Setting next_dagrun for hdb_resale_pipeline to 2026-07-25 00:00:00+00:00, run_after=2026-07-26 00:00:00+00:00
[2026-07-25T11:40:05.282+0000] {processor.py:208} INFO - Processing /opt/airflow/dags/hdb_pipeline.py took 0.441 seconds
[2026-07-25T11:40:35.437+0000] {processor.py:186} INFO - Started process (PID=4082) to work on /opt/airflow/dags/hdb_pipeline.py
[2026-07-25T11:40:35.438+0000] {processor.py:914} INFO - Processing file /opt/airflow/dags/hdb_pipeline.py for tasks to queue
[2026-07-25T11:40:35.439+0000] {logging_mixin.py:190} INFO - [2026-07-25T11:40:35.439+0000] {dagbag.py:588} INFO - Filling up the DagBag from /opt/airflow/dags/hdb_pipeline.py
[2026-07-25T11:40:35.855+0000] {processor.py:925} INFO - DAG(s) 'hdb_resale_pipeline' retrieved from /opt/airflow/dags/hdb_pipeline.py
[2026-07-25T11:40:35.869+0000] {logging_mixin.py:190} INFO - [2026-07-25T11:40:35.869+0000] {dag.py:3239} INFO - Sync 1 DAGs
[2026-07-25T11:40:35.881+0000] {logging_mixin.py:190} INFO - [2026-07-25T11:40:35.881+0000] {dag.py:4180} INFO - Setting next_dagrun for hdb_resale_pipeline to 2026-07-25 00:00:00+00:00, run_after=2026-07-26 00:00:00+00:00
[2026-07-25T11:40:35.893+0000] {processor.py:208} INFO - Processing /opt/airflow/dags/hdb_pipeline.py took 0.460 seconds
[2026-07-25T11:41:06.043+0000] {processor.py:186} INFO - Started process (PID=4105) to work on /opt/airflow/dags/hdb_pipeline.py
[2026-07-25T11:41:06.044+0000] {processor.py:914} INFO - Processing file /opt/airflow/dags/hdb_pipeline.py for tasks to queue
[2026-07-25T11:41:06.046+0000] {logging_mixin.py:190} INFO - [2026-07-25T11:41:06.045+0000] {dagbag.py:588} INFO - Filling up the DagBag from /opt/airflow/dags/hdb_pipeline.py
[2026-07-25T11:41:06.458+0000] {processor.py:925} INFO - DAG(s) 'hdb_resale_pipeline' retrieved from /opt/airflow/dags/hdb_pipeline.py
[2026-07-25T11:41:06.473+0000] {logging_mixin.py:190} INFO - [2026-07-25T11:41:06.472+0000] {dag.py:3239} INFO - Sync 1 DAGs
[2026-07-25T11:41:06.485+0000] {logging_mixin.py:190} INFO - [2026-07-25T11:41:06.485+0000] {dag.py:4180} INFO - Setting next_dagrun for hdb_resale_pipeline to 2026-07-25 00:00:00+00:00, run_after=2026-07-26 00:00:00+00:00
[2026-07-25T11:41:06.496+0000] {processor.py:208} INFO - Processing /opt/airflow/dags/hdb_pipeline.py took 0.456 seconds
[2026-07-25T11:41:36.656+0000] {processor.py:186} INFO - Started process (PID=4134) to work on /opt/airflow/dags/hdb_pipeline.py
[2026-07-25T11:41:36.657+0000] {processor.py:914} INFO - Processing file /opt/airflow/dags/hdb_pipeline.py for tasks to queue
[2026-07-25T11:41:36.659+0000] {logging_mixin.py:190} INFO - [2026-07-25T11:41:36.659+0000] {dagbag.py:588} INFO - Filling up the DagBag from /opt/airflow/dags/hdb_pipeline.py
[2026-07-25T11:41:37.059+0000] {processor.py:925} INFO - DAG(s) 'hdb_resale_pipeline' retrieved from /opt/airflow/dags/hdb_pipeline.py
[2026-07-25T11:41:37.073+0000] {logging_mixin.py:190} INFO - [2026-07-25T11:41:37.073+0000] {dag.py:3239} INFO - Sync 1 DAGs
[2026-07-25T11:41:37.085+0000] {logging_mixin.py:190} INFO - [2026-07-25T11:41:37.085+0000] {dag.py:4180} INFO - Setting next_dagrun for hdb_resale_pipeline to 2026-07-25 00:00:00+00:00, run_after=2026-07-26 00:00:00+00:00
[2026-07-25T11:41:37.096+0000] {processor.py:208} INFO - Processing /opt/airflow/dags/hdb_pipeline.py took 0.443 seconds
[2026-07-25T11:42:07.285+0000] {processor.py:186} INFO - Started process (PID=4157) to work on /opt/airflow/dags/hdb_pipeline.py
[2026-07-25T11:42:07.286+0000] {processor.py:914} INFO - Processing file /opt/airflow/dags/hdb_pipeline.py for tasks to queue
[2026-07-25T11:42:07.288+0000] {logging_mixin.py:190} INFO - [2026-07-25T11:42:07.288+0000] {dagbag.py:588} INFO - Filling up the DagBag from /opt/airflow/dags/hdb_pipeline.py
[2026-07-25T11:42:07.679+0000] {processor.py:925} INFO - DAG(s) 'hdb_resale_pipeline' retrieved from /opt/airflow/dags/hdb_pipeline.py
[2026-07-25T11:42:07.693+0000] {logging_mixin.py:190} INFO - [2026-07-25T11:42:07.693+0000] {dag.py:3239} INFO - Sync 1 DAGs
[2026-07-25T11:42:07.705+0000] {logging_mixin.py:190} INFO - [2026-07-25T11:42:07.705+0000] {dag.py:4180} INFO - Setting next_dagrun for hdb_resale_pipeline to 2026-07-25 00:00:00+00:00, run_after=2026-07-26 00:00:00+00:00
[2026-07-25T11:42:07.716+0000] {processor.py:208} INFO - Processing /opt/airflow/dags/hdb_pipeline.py took 0.434 seconds
[2026-07-25T11:42:37.874+0000] {processor.py:186} INFO - Started process (PID=4180) to work on /opt/airflow/dags/hdb_pipeline.py
[2026-07-25T11:42:37.874+0000] {processor.py:914} INFO - Processing file /opt/airflow/dags/hdb_pipeline.py for tasks to queue
[2026-07-25T11:42:37.877+0000] {logging_mixin.py:190} INFO - [2026-07-25T11:42:37.876+0000] {dagbag.py:588} INFO - Filling up the DagBag from /opt/airflow/dags/hdb_pipeline.py
[2026-07-25T11:42:38.273+0000] {processor.py:925} INFO - DAG(s) 'hdb_resale_pipeline' retrieved from /opt/airflow/dags/hdb_pipeline.py
[2026-07-25T11:42:38.287+0000] {logging_mixin.py:190} INFO - [2026-07-25T11:42:38.287+0000] {dag.py:3239} INFO - Sync 1 DAGs
[2026-07-25T11:42:38.299+0000] {logging_mixin.py:190} INFO - [2026-07-25T11:42:38.298+0000] {dag.py:4180} INFO - Setting next_dagrun for hdb_resale_pipeline to 2026-07-25 00:00:00+00:00, run_after=2026-07-26 00:00:00+00:00
[2026-07-25T11:42:38.310+0000] {processor.py:208} INFO - Processing /opt/airflow/dags/hdb_pipeline.py took 0.440 seconds
[2026-07-25T11:43:08.459+0000] {processor.py:186} INFO - Started process (PID=4203) to work on /opt/airflow/dags/hdb_pipeline.py
[2026-07-25T11:43:08.460+0000] {processor.py:914} INFO - Processing file /opt/airflow/dags/hdb_pipeline.py for tasks to queue
[2026-07-25T11:43:08.462+0000] {logging_mixin.py:190} INFO - [2026-07-25T11:43:08.462+0000] {dagbag.py:588} INFO - Filling up the DagBag from /opt/airflow/dags/hdb_pipeline.py
[2026-07-25T11:43:08.863+0000] {processor.py:925} INFO - DAG(s) 'hdb_resale_pipeline' retrieved from /opt/airflow/dags/hdb_pipeline.py
[2026-07-25T11:43:08.877+0000] {logging_mixin.py:190} INFO - [2026-07-25T11:43:08.877+0000] {dag.py:3239} INFO - Sync 1 DAGs
[2026-07-25T11:43:08.891+0000] {logging_mixin.py:190} INFO - [2026-07-25T11:43:08.891+0000] {dag.py:4180} INFO - Setting next_dagrun for hdb_resale_pipeline to 2026-07-25 00:00:00+00:00, run_after=2026-07-26 00:00:00+00:00
[2026-07-25T11:43:08.902+0000] {processor.py:208} INFO - Processing /opt/airflow/dags/hdb_pipeline.py took 0.446 seconds
[2026-07-25T11:43:39.059+0000] {processor.py:186} INFO - Started process (PID=4226) to work on /opt/airflow/dags/hdb_pipeline.py
[2026-07-25T11:43:39.059+0000] {processor.py:914} INFO - Processing file /opt/airflow/dags/hdb_pipeline.py for tasks to queue
[2026-07-25T11:43:39.061+0000] {logging_mixin.py:190} INFO - [2026-07-25T11:43:39.061+0000] {dagbag.py:588} INFO - Filling up the DagBag from /opt/airflow/dags/hdb_pipeline.py
[2026-07-25T11:43:39.446+0000] {processor.py:925} INFO - DAG(s) 'hdb_resale_pipeline' retrieved from /opt/airflow/dags/hdb_pipeline.py
[2026-07-25T11:43:39.460+0000] {logging_mixin.py:190} INFO - [2026-07-25T11:43:39.460+0000] {dag.py:3239} INFO - Sync 1 DAGs
[2026-07-25T11:43:39.472+0000] {logging_mixin.py:190} INFO - [2026-07-25T11:43:39.472+0000] {dag.py:4180} INFO - Setting next_dagrun for hdb_resale_pipeline to 2026-07-25 00:00:00+00:00, run_after=2026-07-26 00:00:00+00:00
[2026-07-25T11:43:39.483+0000] {processor.py:208} INFO - Processing /opt/airflow/dags/hdb_pipeline.py took 0.428 seconds
[2026-07-25T11:44:09.635+0000] {processor.py:186} INFO - Started process (PID=4249) to work on /opt/airflow/dags/hdb_pipeline.py
[2026-07-25T11:44:09.636+0000] {processor.py:914} INFO - Processing file /opt/airflow/dags/hdb_pipeline.py for tasks to queue
[2026-07-25T11:44:09.638+0000] {logging_mixin.py:190} INFO - [2026-07-25T11:44:09.638+0000] {dagbag.py:588} INFO - Filling up the DagBag from /opt/airflow/dags/hdb_pipeline.py
[2026-07-25T11:44:10.029+0000] {processor.py:925} INFO - DAG(s) 'hdb_resale_pipeline' retrieved from /opt/airflow/dags/hdb_pipeline.py
[2026-07-25T11:44:10.043+0000] {logging_mixin.py:190} INFO - [2026-07-25T11:44:10.042+0000] {dag.py:3239} INFO - Sync 1 DAGs
[2026-07-25T11:44:10.054+0000] {logging_mixin.py:190} INFO - [2026-07-25T11:44:10.054+0000] {dag.py:4180} INFO - Setting next_dagrun for hdb_resale_pipeline to 2026-07-25 00:00:00+00:00, run_after=2026-07-26 00:00:00+00:00
[2026-07-25T11:44:10.065+0000] {processor.py:208} INFO - Processing /opt/airflow/dags/hdb_pipeline.py took 0.434 seconds
[2026-07-25T11:44:40.217+0000] {processor.py:186} INFO - Started process (PID=4272) to work on /opt/airflow/dags/hdb_pipeline.py
[2026-07-25T11:44:40.217+0000] {processor.py:914} INFO - Processing file /opt/airflow/dags/hdb_pipeline.py for tasks to queue
[2026-07-25T11:44:40.219+0000] {logging_mixin.py:190} INFO - [2026-07-25T11:44:40.219+0000] {dagbag.py:588} INFO - Filling up the DagBag from /opt/airflow/dags/hdb_pipeline.py
[2026-07-25T11:44:40.609+0000] {processor.py:925} INFO - DAG(s) 'hdb_resale_pipeline' retrieved from /opt/airflow/dags/hdb_pipeline.py
[2026-07-25T11:44:40.623+0000] {logging_mixin.py:190} INFO - [2026-07-25T11:44:40.623+0000] {dag.py:3239} INFO - Sync 1 DAGs
[2026-07-25T11:44:40.635+0000] {logging_mixin.py:190} INFO - [2026-07-25T11:44:40.634+0000] {dag.py:4180} INFO - Setting next_dagrun for hdb_resale_pipeline to 2026-07-25 00:00:00+00:00, run_after=2026-07-26 00:00:00+00:00
[2026-07-25T11:44:40.646+0000] {processor.py:208} INFO - Processing /opt/airflow/dags/hdb_pipeline.py took 0.433 seconds
[2026-07-25T11:45:10.794+0000] {processor.py:186} INFO - Started process (PID=4295) to work on /opt/airflow/dags/hdb_pipeline.py
[2026-07-25T11:45:10.795+0000] {processor.py:914} INFO - Processing file /opt/airflow/dags/hdb_pipeline.py for tasks to queue
[2026-07-25T11:45:10.797+0000] {logging_mixin.py:190} INFO - [2026-07-25T11:45:10.796+0000] {dagbag.py:588} INFO - Filling up the DagBag from /opt/airflow/dags/hdb_pipeline.py
[2026-07-25T11:45:11.204+0000] {processor.py:925} INFO - DAG(s) 'hdb_resale_pipeline' retrieved from /opt/airflow/dags/hdb_pipeline.py
[2026-07-25T11:45:11.218+0000] {logging_mixin.py:190} INFO - [2026-07-25T11:45:11.218+0000] {dag.py:3239} INFO - Sync 1 DAGs
[2026-07-25T11:45:11.231+0000] {logging_mixin.py:190} INFO - [2026-07-25T11:45:11.230+0000] {dag.py:4180} INFO - Setting next_dagrun for hdb_resale_pipeline to 2026-07-25 00:00:00+00:00, run_after=2026-07-26 00:00:00+00:00
[2026-07-25T11:45:11.242+0000] {processor.py:208} INFO - Processing /opt/airflow/dags/hdb_pipeline.py took 0.451 seconds
[2026-07-25T11:45:41.400+0000] {processor.py:186} INFO - Started process (PID=4318) to work on /opt/airflow/dags/hdb_pipeline.py
[2026-07-25T11:45:41.401+0000] {processor.py:914} INFO - Processing file /opt/airflow/dags/hdb_pipeline.py for tasks to queue
[2026-07-25T11:45:41.403+0000] {logging_mixin.py:190} INFO - [2026-07-25T11:45:41.403+0000] {dagbag.py:588} INFO - Filling up the DagBag from /opt/airflow/dags/hdb_pipeline.py
[2026-07-25T11:45:41.840+0000] {processor.py:925} INFO - DAG(s) 'hdb_resale_pipeline' retrieved from /opt/airflow/dags/hdb_pipeline.py
[2026-07-25T11:45:41.854+0000] {logging_mixin.py:190} INFO - [2026-07-25T11:45:41.854+0000] {dag.py:3239} INFO - Sync 1 DAGs
[2026-07-25T11:45:41.867+0000] {logging_mixin.py:190} INFO - [2026-07-25T11:45:41.867+0000] {dag.py:4180} INFO - Setting next_dagrun for hdb_resale_pipeline to 2026-07-25 00:00:00+00:00, run_after=2026-07-26 00:00:00+00:00
[2026-07-25T11:45:41.878+0000] {processor.py:208} INFO - Processing /opt/airflow/dags/hdb_pipeline.py took 0.482 seconds
[2026-07-25T11:46:12.030+0000] {processor.py:186} INFO - Started process (PID=4341) to work on /opt/airflow/dags/hdb_pipeline.py
[2026-07-25T11:46:12.031+0000] {processor.py:914} INFO - Processing file /opt/airflow/dags/hdb_pipeline.py for tasks to queue
[2026-07-25T11:46:12.033+0000] {logging_mixin.py:190} INFO - [2026-07-25T11:46:12.033+0000] {dagbag.py:588} INFO - Filling up the DagBag from /opt/airflow/dags/hdb_pipeline.py
[2026-07-25T11:46:12.430+0000] {processor.py:925} INFO - DAG(s) 'hdb_resale_pipeline' retrieved from /opt/airflow/dags/hdb_pipeline.py
[2026-07-25T11:46:12.445+0000] {logging_mixin.py:190} INFO - [2026-07-25T11:46:12.444+0000] {dag.py:3239} INFO - Sync 1 DAGs
[2026-07-25T11:46:12.457+0000] {logging_mixin.py:190} INFO - [2026-07-25T11:46:12.457+0000] {dag.py:4180} INFO - Setting next_dagrun for hdb_resale_pipeline to 2026-07-25 00:00:00+00:00, run_after=2026-07-26 00:00:00+00:00
[2026-07-25T11:46:12.469+0000] {processor.py:208} INFO - Processing /opt/airflow/dags/hdb_pipeline.py took 0.442 seconds
[2026-07-25T11:46:42.623+0000] {processor.py:186} INFO - Started process (PID=4364) to work on /opt/airflow/dags/hdb_pipeline.py
[2026-07-25T11:46:42.623+0000] {processor.py:914} INFO - Processing file /opt/airflow/dags/hdb_pipeline.py for tasks to queue
[2026-07-25T11:46:42.625+0000] {logging_mixin.py:190} INFO - [2026-07-25T11:46:42.625+0000] {dagbag.py:588} INFO - Filling up the DagBag from /opt/airflow/dags/hdb_pipeline.py
[2026-07-25T11:46:43.027+0000] {processor.py:925} INFO - DAG(s) 'hdb_resale_pipeline' retrieved from /opt/airflow/dags/hdb_pipeline.py
[2026-07-25T11:46:43.041+0000] {logging_mixin.py:190} INFO - [2026-07-25T11:46:43.041+0000] {dag.py:3239} INFO - Sync 1 DAGs
[2026-07-25T11:46:43.054+0000] {logging_mixin.py:190} INFO - [2026-07-25T11:46:43.054+0000] {dag.py:4180} INFO - Setting next_dagrun for hdb_resale_pipeline to 2026-07-25 00:00:00+00:00, run_after=2026-07-26 00:00:00+00:00
[2026-07-25T11:46:43.065+0000] {processor.py:208} INFO - Processing /opt/airflow/dags/hdb_pipeline.py took 0.446 seconds
[2026-07-25T11:47:13.214+0000] {processor.py:186} INFO - Started process (PID=4387) to work on /opt/airflow/dags/hdb_pipeline.py
[2026-07-25T11:47:13.214+0000] {processor.py:914} INFO - Processing file /opt/airflow/dags/hdb_pipeline.py for tasks to queue
[2026-07-25T11:47:13.216+0000] {logging_mixin.py:190} INFO - [2026-07-25T11:47:13.216+0000] {dagbag.py:588} INFO - Filling up the DagBag from /opt/airflow/dags/hdb_pipeline.py
[2026-07-25T11:47:13.602+0000] {processor.py:925} INFO - DAG(s) 'hdb_resale_pipeline' retrieved from /opt/airflow/dags/hdb_pipeline.py
[2026-07-25T11:47:13.616+0000] {logging_mixin.py:190} INFO - [2026-07-25T11:47:13.616+0000] {dag.py:3239} INFO - Sync 1 DAGs
[2026-07-25T11:47:13.628+0000] {logging_mixin.py:190} INFO - [2026-07-25T11:47:13.628+0000] {dag.py:4180} INFO - Setting next_dagrun for hdb_resale_pipeline to 2026-07-25 00:00:00+00:00, run_after=2026-07-26 00:00:00+00:00
[2026-07-25T11:47:13.639+0000] {processor.py:208} INFO - Processing /opt/airflow/dags/hdb_pipeline.py took 0.429 seconds
[2026-07-25T11:47:43.792+0000] {processor.py:186} INFO - Started process (PID=4410) to work on /opt/airflow/dags/hdb_pipeline.py
[2026-07-25T11:47:43.793+0000] {processor.py:914} INFO - Processing file /opt/airflow/dags/hdb_pipeline.py for tasks to queue
[2026-07-25T11:47:43.794+0000] {logging_mixin.py:190} INFO - [2026-07-25T11:47:43.794+0000] {dagbag.py:588} INFO - Filling up the DagBag from /opt/airflow/dags/hdb_pipeline.py
[2026-07-25T11:47:44.192+0000] {processor.py:925} INFO - DAG(s) 'hdb_resale_pipeline' retrieved from /opt/airflow/dags/hdb_pipeline.py
[2026-07-25T11:47:44.206+0000] {logging_mixin.py:190} INFO - [2026-07-25T11:47:44.206+0000] {dag.py:3239} INFO - Sync 1 DAGs
[2026-07-25T11:47:44.219+0000] {logging_mixin.py:190} INFO - [2026-07-25T11:47:44.218+0000] {dag.py:4180} INFO - Setting next_dagrun for hdb_resale_pipeline to 2026-07-25 00:00:00+00:00, run_after=2026-07-26 00:00:00+00:00
[2026-07-25T11:47:44.229+0000] {processor.py:208} INFO - Processing /opt/airflow/dags/hdb_pipeline.py took 0.441 seconds
[2026-07-25T11:48:14.380+0000] {processor.py:186} INFO - Started process (PID=4433) to work on /opt/airflow/dags/hdb_pipeline.py
[2026-07-25T11:48:14.381+0000] {processor.py:914} INFO - Processing file /opt/airflow/dags/hdb_pipeline.py for tasks to queue
[2026-07-25T11:48:14.383+0000] {logging_mixin.py:190} INFO - [2026-07-25T11:48:14.383+0000] {dagbag.py:588} INFO - Filling up the DagBag from /opt/airflow/dags/hdb_pipeline.py
[2026-07-25T11:48:14.770+0000] {processor.py:925} INFO - DAG(s) 'hdb_resale_pipeline' retrieved from /opt/airflow/dags/hdb_pipeline.py
[2026-07-25T11:48:14.784+0000] {logging_mixin.py:190} INFO - [2026-07-25T11:48:14.783+0000] {dag.py:3239} INFO - Sync 1 DAGs
[2026-07-25T11:48:14.795+0000] {logging_mixin.py:190} INFO - [2026-07-25T11:48:14.795+0000] {dag.py:4180} INFO - Setting next_dagrun for hdb_resale_pipeline to 2026-07-25 00:00:00+00:00, run_after=2026-07-26 00:00:00+00:00
[2026-07-25T11:48:14.806+0000] {processor.py:208} INFO - Processing /opt/airflow/dags/hdb_pipeline.py took 0.430 seconds
[2026-07-25T11:48:44.959+0000] {processor.py:186} INFO - Started process (PID=4456) to work on /opt/airflow/dags/hdb_pipeline.py
[2026-07-25T11:48:44.960+0000] {processor.py:914} INFO - Processing file /opt/airflow/dags/hdb_pipeline.py for tasks to queue
[2026-07-25T11:48:44.962+0000] {logging_mixin.py:190} INFO - [2026-07-25T11:48:44.962+0000] {dagbag.py:588} INFO - Filling up the DagBag from /opt/airflow/dags/hdb_pipeline.py
[2026-07-25T11:48:45.351+0000] {processor.py:925} INFO - DAG(s) 'hdb_resale_pipeline' retrieved from /opt/airflow/dags/hdb_pipeline.py
[2026-07-25T11:48:45.365+0000] {logging_mixin.py:190} INFO - [2026-07-25T11:48:45.365+0000] {dag.py:3239} INFO - Sync 1 DAGs
[2026-07-25T11:48:45.377+0000] {logging_mixin.py:190} INFO - [2026-07-25T11:48:45.377+0000] {dag.py:4180} INFO - Setting next_dagrun for hdb_resale_pipeline to 2026-07-25 00:00:00+00:00, run_after=2026-07-26 00:00:00+00:00
[2026-07-25T11:48:45.388+0000] {processor.py:208} INFO - Processing /opt/airflow/dags/hdb_pipeline.py took 0.433 seconds
[2026-07-25T11:49:15.538+0000] {processor.py:186} INFO - Started process (PID=4479) to work on /opt/airflow/dags/hdb_pipeline.py
[2026-07-25T11:49:15.539+0000] {processor.py:914} INFO - Processing file /opt/airflow/dags/hdb_pipeline.py for tasks to queue
[2026-07-25T11:49:15.541+0000] {logging_mixin.py:190} INFO - [2026-07-25T11:49:15.540+0000] {dagbag.py:588} INFO - Filling up the DagBag from /opt/airflow/dags/hdb_pipeline.py
[2026-07-25T11:49:15.931+0000] {processor.py:925} INFO - DAG(s) 'hdb_resale_pipeline' retrieved from /opt/airflow/dags/hdb_pipeline.py
[2026-07-25T11:49:15.945+0000] {logging_mixin.py:190} INFO - [2026-07-25T11:49:15.945+0000] {dag.py:3239} INFO - Sync 1 DAGs
[2026-07-25T11:49:15.958+0000] {logging_mixin.py:190} INFO - [2026-07-25T11:49:15.958+0000] {dag.py:4180} INFO - Setting next_dagrun for hdb_resale_pipeline to 2026-07-25 00:00:00+00:00, run_after=2026-07-26 00:00:00+00:00
[2026-07-25T11:49:15.968+0000] {processor.py:208} INFO - Processing /opt/airflow/dags/hdb_pipeline.py took 0.434 seconds
[2026-07-25T11:49:46.119+0000] {processor.py:186} INFO - Started process (PID=4502) to work on /opt/airflow/dags/hdb_pipeline.py
[2026-07-25T11:49:46.120+0000] {processor.py:914} INFO - Processing file /opt/airflow/dags/hdb_pipeline.py for tasks to queue
[2026-07-25T11:49:46.122+0000] {logging_mixin.py:190} INFO - [2026-07-25T11:49:46.122+0000] {dagbag.py:588} INFO - Filling up the DagBag from /opt/airflow/dags/hdb_pipeline.py
[2026-07-25T11:49:46.529+0000] {processor.py:925} INFO - DAG(s) 'hdb_resale_pipeline' retrieved from /opt/airflow/dags/hdb_pipeline.py
[2026-07-25T11:49:46.543+0000] {logging_mixin.py:190} INFO - [2026-07-25T11:49:46.543+0000] {dag.py:3239} INFO - Sync 1 DAGs
[2026-07-25T11:49:46.556+0000] {logging_mixin.py:190} INFO - [2026-07-25T11:49:46.556+0000] {dag.py:4180} INFO - Setting next_dagrun for hdb_resale_pipeline to 2026-07-25 00:00:00+00:00, run_after=2026-07-26 00:00:00+00:00
[2026-07-25T11:49:46.567+0000] {processor.py:208} INFO - Processing /opt/airflow/dags/hdb_pipeline.py took 0.451 seconds
[2026-07-25T11:50:16.720+0000] {processor.py:186} INFO - Started process (PID=4525) to work on /opt/airflow/dags/hdb_pipeline.py
[2026-07-25T11:50:16.720+0000] {processor.py:914} INFO - Processing file /opt/airflow/dags/hdb_pipeline.py for tasks to queue
[2026-07-25T11:50:16.722+0000] {logging_mixin.py:190} INFO - [2026-07-25T11:50:16.722+0000] {dagbag.py:588} INFO - Filling up the DagBag from /opt/airflow/dags/hdb_pipeline.py
[2026-07-25T11:50:17.131+0000] {processor.py:925} INFO - DAG(s) 'hdb_resale_pipeline' retrieved from /opt/airflow/dags/hdb_pipeline.py
[2026-07-25T11:50:17.146+0000] {logging_mixin.py:190} INFO - [2026-07-25T11:50:17.146+0000] {dag.py:3239} INFO - Sync 1 DAGs
[2026-07-25T11:50:17.158+0000] {logging_mixin.py:190} INFO - [2026-07-25T11:50:17.158+0000] {dag.py:4180} INFO - Setting next_dagrun for hdb_resale_pipeline to 2026-07-25 00:00:00+00:00, run_after=2026-07-26 00:00:00+00:00
[2026-07-25T11:50:17.169+0000] {processor.py:208} INFO - Processing /opt/airflow/dags/hdb_pipeline.py took 0.453 seconds
[2026-07-25T11:50:47.323+0000] {processor.py:186} INFO - Started process (PID=4548) to work on /opt/airflow/dags/hdb_pipeline.py
[2026-07-25T11:50:47.324+0000] {processor.py:914} INFO - Processing file /opt/airflow/dags/hdb_pipeline.py for tasks to queue
[2026-07-25T11:50:47.325+0000] {logging_mixin.py:190} INFO - [2026-07-25T11:50:47.325+0000] {dagbag.py:588} INFO - Filling up the DagBag from /opt/airflow/dags/hdb_pipeline.py
[2026-07-25T11:50:47.713+0000] {processor.py:925} INFO - DAG(s) 'hdb_resale_pipeline' retrieved from /opt/airflow/dags/hdb_pipeline.py
[2026-07-25T11:50:47.727+0000] {logging_mixin.py:190} INFO - [2026-07-25T11:50:47.726+0000] {dag.py:3239} INFO - Sync 1 DAGs
[2026-07-25T11:50:47.739+0000] {logging_mixin.py:190} INFO - [2026-07-25T11:50:47.739+0000] {dag.py:4180} INFO - Setting next_dagrun for hdb_resale_pipeline to 2026-07-25 00:00:00+00:00, run_after=2026-07-26 00:00:00+00:00
[2026-07-25T11:50:47.751+0000] {processor.py:208} INFO - Processing /opt/airflow/dags/hdb_pipeline.py took 0.432 seconds
[2026-07-25T11:51:17.903+0000] {processor.py:186} INFO - Started process (PID=4571) to work on /opt/airflow/dags/hdb_pipeline.py
[2026-07-25T11:51:17.904+0000] {processor.py:914} INFO - Processing file /opt/airflow/dags/hdb_pipeline.py for tasks to queue
[2026-07-25T11:51:17.906+0000] {logging_mixin.py:190} INFO - [2026-07-25T11:51:17.906+0000] {dagbag.py:588} INFO - Filling up the DagBag from /opt/airflow/dags/hdb_pipeline.py
[2026-07-25T11:51:18.325+0000] {processor.py:925} INFO - DAG(s) 'hdb_resale_pipeline' retrieved from /opt/airflow/dags/hdb_pipeline.py
[2026-07-25T11:51:18.341+0000] {logging_mixin.py:190} INFO - [2026-07-25T11:51:18.340+0000] {dag.py:3239} INFO - Sync 1 DAGs
[2026-07-25T11:51:18.355+0000] {logging_mixin.py:190} INFO - [2026-07-25T11:51:18.355+0000] {dag.py:4180} INFO - Setting next_dagrun for hdb_resale_pipeline to 2026-07-25 00:00:00+00:00, run_after=2026-07-26 00:00:00+00:00
[2026-07-25T11:51:18.366+0000] {processor.py:208} INFO - Processing /opt/airflow/dags/hdb_pipeline.py took 0.467 seconds
[2026-07-25T11:51:48.522+0000] {processor.py:186} INFO - Started process (PID=4594) to work on /opt/airflow/dags/hdb_pipeline.py
[2026-07-25T11:51:48.523+0000] {processor.py:914} INFO - Processing file /opt/airflow/dags/hdb_pipeline.py for tasks to queue
[2026-07-25T11:51:48.525+0000] {logging_mixin.py:190} INFO - [2026-07-25T11:51:48.525+0000] {dagbag.py:588} INFO - Filling up the DagBag from /opt/airflow/dags/hdb_pipeline.py
[2026-07-25T11:51:48.945+0000] {processor.py:925} INFO - DAG(s) 'hdb_resale_pipeline' retrieved from /opt/airflow/dags/hdb_pipeline.py
[2026-07-25T11:51:48.960+0000] {logging_mixin.py:190} INFO - [2026-07-25T11:51:48.960+0000] {dag.py:3239} INFO - Sync 1 DAGs
[2026-07-25T11:51:48.973+0000] {logging_mixin.py:190} INFO - [2026-07-25T11:51:48.973+0000] {dag.py:4180} INFO - Setting next_dagrun for hdb_resale_pipeline to 2026-07-25 00:00:00+00:00, run_after=2026-07-26 00:00:00+00:00
[2026-07-25T11:51:48.984+0000] {processor.py:208} INFO - Processing /opt/airflow/dags/hdb_pipeline.py took 0.465 seconds
[2026-07-25T11:52:19.168+0000] {processor.py:186} INFO - Started process (PID=4617) to work on /opt/airflow/dags/hdb_pipeline.py
[2026-07-25T11:52:19.169+0000] {processor.py:914} INFO - Processing file /opt/airflow/dags/hdb_pipeline.py for tasks to queue
[2026-07-25T11:52:19.171+0000] {logging_mixin.py:190} INFO - [2026-07-25T11:52:19.171+0000] {dagbag.py:588} INFO - Filling up the DagBag from /opt/airflow/dags/hdb_pipeline.py
[2026-07-25T11:52:19.570+0000] {processor.py:925} INFO - DAG(s) 'hdb_resale_pipeline' retrieved from /opt/airflow/dags/hdb_pipeline.py
[2026-07-25T11:52:19.584+0000] {logging_mixin.py:190} INFO - [2026-07-25T11:52:19.584+0000] {dag.py:3239} INFO - Sync 1 DAGs
[2026-07-25T11:52:19.597+0000] {logging_mixin.py:190} INFO - [2026-07-25T11:52:19.597+0000] {dag.py:4180} INFO - Setting next_dagrun for hdb_resale_pipeline to 2026-07-25 00:00:00+00:00, run_after=2026-07-26 00:00:00+00:00
[2026-07-25T11:52:19.616+0000] {processor.py:208} INFO - Processing /opt/airflow/dags/hdb_pipeline.py took 0.451 seconds
[2026-07-25T11:52:49.771+0000] {processor.py:186} INFO - Started process (PID=4640) to work on /opt/airflow/dags/hdb_pipeline.py
[2026-07-25T11:52:49.772+0000] {processor.py:914} INFO - Processing file /opt/airflow/dags/hdb_pipeline.py for tasks to queue
[2026-07-25T11:52:49.774+0000] {logging_mixin.py:190} INFO - [2026-07-25T11:52:49.774+0000] {dagbag.py:588} INFO - Filling up the DagBag from /opt/airflow/dags/hdb_pipeline.py
[2026-07-25T11:52:50.172+0000] {processor.py:925} INFO - DAG(s) 'hdb_resale_pipeline' retrieved from /opt/airflow/dags/hdb_pipeline.py
[2026-07-25T11:52:50.185+0000] {logging_mixin.py:190} INFO - [2026-07-25T11:52:50.185+0000] {dag.py:3239} INFO - Sync 1 DAGs
[2026-07-25T11:52:50.197+0000] {logging_mixin.py:190} INFO - [2026-07-25T11:52:50.197+0000] {dag.py:4180} INFO - Setting next_dagrun for hdb_resale_pipeline to 2026-07-25 00:00:00+00:00, run_after=2026-07-26 00:00:00+00:00
[2026-07-25T11:52:50.209+0000] {processor.py:208} INFO - Processing /opt/airflow/dags/hdb_pipeline.py took 0.441 seconds
[2026-07-25T11:53:20.355+0000] {processor.py:186} INFO - Started process (PID=4663) to work on /opt/airflow/dags/hdb_pipeline.py
[2026-07-25T11:53:20.356+0000] {processor.py:914} INFO - Processing file /opt/airflow/dags/hdb_pipeline.py for tasks to queue
[2026-07-25T11:53:20.358+0000] {logging_mixin.py:190} INFO - [2026-07-25T11:53:20.358+0000] {dagbag.py:588} INFO - Filling up the DagBag from /opt/airflow/dags/hdb_pipeline.py
[2026-07-25T11:53:20.750+0000] {processor.py:925} INFO - DAG(s) 'hdb_resale_pipeline' retrieved from /opt/airflow/dags/hdb_pipeline.py
[2026-07-25T11:53:20.764+0000] {logging_mixin.py:190} INFO - [2026-07-25T11:53:20.764+0000] {dag.py:3239} INFO - Sync 1 DAGs
[2026-07-25T11:53:20.776+0000] {logging_mixin.py:190} INFO - [2026-07-25T11:53:20.776+0000] {dag.py:4180} INFO - Setting next_dagrun for hdb_resale_pipeline to 2026-07-25 00:00:00+00:00, run_after=2026-07-26 00:00:00+00:00
[2026-07-25T11:53:20.787+0000] {processor.py:208} INFO - Processing /opt/airflow/dags/hdb_pipeline.py took 0.436 seconds
[2026-07-25T11:53:50.944+0000] {processor.py:186} INFO - Started process (PID=4686) to work on /opt/airflow/dags/hdb_pipeline.py
[2026-07-25T11:53:50.945+0000] {processor.py:914} INFO - Processing file /opt/airflow/dags/hdb_pipeline.py for tasks to queue
[2026-07-25T11:53:50.947+0000] {logging_mixin.py:190} INFO - [2026-07-25T11:53:50.946+0000] {dagbag.py:588} INFO - Filling up the DagBag from /opt/airflow/dags/hdb_pipeline.py
[2026-07-25T11:53:51.337+0000] {processor.py:925} INFO - DAG(s) 'hdb_resale_pipeline' retrieved from /opt/airflow/dags/hdb_pipeline.py
[2026-07-25T11:53:51.351+0000] {logging_mixin.py:190} INFO - [2026-07-25T11:53:51.350+0000] {dag.py:3239} INFO - Sync 1 DAGs
[2026-07-25T11:53:51.363+0000] {logging_mixin.py:190} INFO - [2026-07-25T11:53:51.363+0000] {dag.py:4180} INFO - Setting next_dagrun for hdb_resale_pipeline to 2026-07-25 00:00:00+00:00, run_after=2026-07-26 00:00:00+00:00
[2026-07-25T11:53:51.374+0000] {processor.py:208} INFO - Processing /opt/airflow/dags/hdb_pipeline.py took 0.434 seconds
[2026-07-25T11:54:21.526+0000] {processor.py:186} INFO - Started process (PID=4709) to work on /opt/airflow/dags/hdb_pipeline.py
[2026-07-25T11:54:21.527+0000] {processor.py:914} INFO - Processing file /opt/airflow/dags/hdb_pipeline.py for tasks to queue
[2026-07-25T11:54:21.529+0000] {logging_mixin.py:190} INFO - [2026-07-25T11:54:21.529+0000] {dagbag.py:588} INFO - Filling up the DagBag from /opt/airflow/dags/hdb_pipeline.py
[2026-07-25T11:54:21.942+0000] {processor.py:925} INFO - DAG(s) 'hdb_resale_pipeline' retrieved from /opt/airflow/dags/hdb_pipeline.py
[2026-07-25T11:54:21.956+0000] {logging_mixin.py:190} INFO - [2026-07-25T11:54:21.955+0000] {dag.py:3239} INFO - Sync 1 DAGs
[2026-07-25T11:54:21.967+0000] {logging_mixin.py:190} INFO - [2026-07-25T11:54:21.967+0000] {dag.py:4180} INFO - Setting next_dagrun for hdb_resale_pipeline to 2026-07-25 00:00:00+00:00, run_after=2026-07-26 00:00:00+00:00
[2026-07-25T11:54:21.979+0000] {processor.py:208} INFO - Processing /opt/airflow/dags/hdb_pipeline.py took 0.456 seconds
[2026-07-25T11:54:52.134+0000] {processor.py:186} INFO - Started process (PID=4733) to work on /opt/airflow/dags/hdb_pipeline.py
[2026-07-25T11:54:52.134+0000] {processor.py:914} INFO - Processing file /opt/airflow/dags/hdb_pipeline.py for tasks to queue
[2026-07-25T11:54:52.136+0000] {logging_mixin.py:190} INFO - [2026-07-25T11:54:52.136+0000] {dagbag.py:588} INFO - Filling up the DagBag from /opt/airflow/dags/hdb_pipeline.py
[2026-07-25T11:54:52.529+0000] {processor.py:925} INFO - DAG(s) 'hdb_resale_pipeline' retrieved from /opt/airflow/dags/hdb_pipeline.py
[2026-07-25T11:54:52.543+0000] {logging_mixin.py:190} INFO - [2026-07-25T11:54:52.543+0000] {dag.py:3239} INFO - Sync 1 DAGs
[2026-07-25T11:54:52.555+0000] {logging_mixin.py:190} INFO - [2026-07-25T11:54:52.555+0000] {dag.py:4180} INFO - Setting next_dagrun for hdb_resale_pipeline to 2026-07-25 00:00:00+00:00, run_after=2026-07-26 00:00:00+00:00
[2026-07-25T11:54:52.567+0000] {processor.py:208} INFO - Processing /opt/airflow/dags/hdb_pipeline.py took 0.437 seconds
[2026-07-25T11:55:22.717+0000] {processor.py:186} INFO - Started process (PID=4756) to work on /opt/airflow/dags/hdb_pipeline.py
[2026-07-25T11:55:22.718+0000] {processor.py:914} INFO - Processing file /opt/airflow/dags/hdb_pipeline.py for tasks to queue
[2026-07-25T11:55:22.720+0000] {logging_mixin.py:190} INFO - [2026-07-25T11:55:22.720+0000] {dagbag.py:588} INFO - Filling up the DagBag from /opt/airflow/dags/hdb_pipeline.py
[2026-07-25T11:55:23.111+0000] {processor.py:925} INFO - DAG(s) 'hdb_resale_pipeline' retrieved from /opt/airflow/dags/hdb_pipeline.py
[2026-07-25T11:55:23.125+0000] {logging_mixin.py:190} INFO - [2026-07-25T11:55:23.125+0000] {dag.py:3239} INFO - Sync 1 DAGs
[2026-07-25T11:55:23.138+0000] {logging_mixin.py:190} INFO - [2026-07-25T11:55:23.138+0000] {dag.py:4180} INFO - Setting next_dagrun for hdb_resale_pipeline to 2026-07-25 00:00:00+00:00, run_after=2026-07-26 00:00:00+00:00
[2026-07-25T11:55:23.148+0000] {processor.py:208} INFO - Processing /opt/airflow/dags/hdb_pipeline.py took 0.435 seconds
[2026-07-25T11:55:53.303+0000] {processor.py:186} INFO - Started process (PID=4779) to work on /opt/airflow/dags/hdb_pipeline.py
[2026-07-25T11:55:53.304+0000] {processor.py:914} INFO - Processing file /opt/airflow/dags/hdb_pipeline.py for tasks to queue
[2026-07-25T11:55:53.306+0000] {logging_mixin.py:190} INFO - [2026-07-25T11:55:53.306+0000] {dagbag.py:588} INFO - Filling up the DagBag from /opt/airflow/dags/hdb_pipeline.py
[2026-07-25T11:55:53.702+0000] {processor.py:925} INFO - DAG(s) 'hdb_resale_pipeline' retrieved from /opt/airflow/dags/hdb_pipeline.py
[2026-07-25T11:55:53.716+0000] {logging_mixin.py:190} INFO - [2026-07-25T11:55:53.715+0000] {dag.py:3239} INFO - Sync 1 DAGs
[2026-07-25T11:55:53.728+0000] {logging_mixin.py:190} INFO - [2026-07-25T11:55:53.728+0000] {dag.py:4180} INFO - Setting next_dagrun for hdb_resale_pipeline to 2026-07-25 00:00:00+00:00, run_after=2026-07-26 00:00:00+00:00
[2026-07-25T11:55:53.738+0000] {processor.py:208} INFO - Processing /opt/airflow/dags/hdb_pipeline.py took 0.439 seconds
[2026-07-25T11:56:23.891+0000] {processor.py:186} INFO - Started process (PID=4802) to work on /opt/airflow/dags/hdb_pipeline.py
[2026-07-25T11:56:23.891+0000] {processor.py:914} INFO - Processing file /opt/airflow/dags/hdb_pipeline.py for tasks to queue
[2026-07-25T11:56:23.893+0000] {logging_mixin.py:190} INFO - [2026-07-25T11:56:23.893+0000] {dagbag.py:588} INFO - Filling up the DagBag from /opt/airflow/dags/hdb_pipeline.py
[2026-07-25T11:56:24.291+0000] {processor.py:925} INFO - DAG(s) 'hdb_resale_pipeline' retrieved from /opt/airflow/dags/hdb_pipeline.py
[2026-07-25T11:56:24.305+0000] {logging_mixin.py:190} INFO - [2026-07-25T11:56:24.305+0000] {dag.py:3239} INFO - Sync 1 DAGs
[2026-07-25T11:56:24.317+0000] {logging_mixin.py:190} INFO - [2026-07-25T11:56:24.317+0000] {dag.py:4180} INFO - Setting next_dagrun for hdb_resale_pipeline to 2026-07-25 00:00:00+00:00, run_after=2026-07-26 00:00:00+00:00
[2026-07-25T11:56:24.328+0000] {processor.py:208} INFO - Processing /opt/airflow/dags/hdb_pipeline.py took 0.441 seconds
[2026-07-25T11:56:54.480+0000] {processor.py:186} INFO - Started process (PID=4825) to work on /opt/airflow/dags/hdb_pipeline.py
[2026-07-25T11:56:54.481+0000] {processor.py:914} INFO - Processing file /opt/airflow/dags/hdb_pipeline.py for tasks to queue
[2026-07-25T11:56:54.483+0000] {logging_mixin.py:190} INFO - [2026-07-25T11:56:54.482+0000] {dagbag.py:588} INFO - Filling up the DagBag from /opt/airflow/dags/hdb_pipeline.py
[2026-07-25T11:56:54.871+0000] {processor.py:925} INFO - DAG(s) 'hdb_resale_pipeline' retrieved from /opt/airflow/dags/hdb_pipeline.py
[2026-07-25T11:56:54.885+0000] {logging_mixin.py:190} INFO - [2026-07-25T11:56:54.885+0000] {dag.py:3239} INFO - Sync 1 DAGs
[2026-07-25T11:56:54.897+0000] {logging_mixin.py:190} INFO - [2026-07-25T11:56:54.896+0000] {dag.py:4180} INFO - Setting next_dagrun for hdb_resale_pipeline to 2026-07-25 00:00:00+00:00, run_after=2026-07-26 00:00:00+00:00
[2026-07-25T11:56:54.909+0000] {processor.py:208} INFO - Processing /opt/airflow/dags/hdb_pipeline.py took 0.432 seconds
[2026-07-25T11:57:25.058+0000] {processor.py:186} INFO - Started process (PID=4848) to work on /opt/airflow/dags/hdb_pipeline.py
[2026-07-25T11:57:25.058+0000] {processor.py:914} INFO - Processing file /opt/airflow/dags/hdb_pipeline.py for tasks to queue
[2026-07-25T11:57:25.060+0000] {logging_mixin.py:190} INFO - [2026-07-25T11:57:25.060+0000] {dagbag.py:588} INFO - Filling up the DagBag from /opt/airflow/dags/hdb_pipeline.py
[2026-07-25T11:57:25.526+0000] {processor.py:925} INFO - DAG(s) 'hdb_resale_pipeline' retrieved from /opt/airflow/dags/hdb_pipeline.py
[2026-07-25T11:57:25.541+0000] {logging_mixin.py:190} INFO - [2026-07-25T11:57:25.540+0000] {dag.py:3239} INFO - Sync 1 DAGs
[2026-07-25T11:57:25.553+0000] {logging_mixin.py:190} INFO - [2026-07-25T11:57:25.553+0000] {dag.py:4180} INFO - Setting next_dagrun for hdb_resale_pipeline to 2026-07-25 00:00:00+00:00, run_after=2026-07-26 00:00:00+00:00
[2026-07-25T11:57:25.565+0000] {processor.py:208} INFO - Processing /opt/airflow/dags/hdb_pipeline.py took 0.511 seconds
[2026-07-25T11:57:55.716+0000] {processor.py:186} INFO - Started process (PID=4871) to work on /opt/airflow/dags/hdb_pipeline.py
[2026-07-25T11:57:55.717+0000] {processor.py:914} INFO - Processing file /opt/airflow/dags/hdb_pipeline.py for tasks to queue
[2026-07-25T11:57:55.718+0000] {logging_mixin.py:190} INFO - [2026-07-25T11:57:55.718+0000] {dagbag.py:588} INFO - Filling up the DagBag from /opt/airflow/dags/hdb_pipeline.py
[2026-07-25T11:57:56.118+0000] {processor.py:925} INFO - DAG(s) 'hdb_resale_pipeline' retrieved from /opt/airflow/dags/hdb_pipeline.py
[2026-07-25T11:57:56.132+0000] {logging_mixin.py:190} INFO - [2026-07-25T11:57:56.132+0000] {dag.py:3239} INFO - Sync 1 DAGs
[2026-07-25T11:57:56.145+0000] {logging_mixin.py:190} INFO - [2026-07-25T11:57:56.144+0000] {dag.py:4180} INFO - Setting next_dagrun for hdb_resale_pipeline to 2026-07-25 00:00:00+00:00, run_after=2026-07-26 00:00:00+00:00
[2026-07-25T11:57:56.156+0000] {processor.py:208} INFO - Processing /opt/airflow/dags/hdb_pipeline.py took 0.443 seconds
[2026-07-25T11:58:26.306+0000] {processor.py:186} INFO - Started process (PID=4894) to work on /opt/airflow/dags/hdb_pipeline.py
[2026-07-25T11:58:26.307+0000] {processor.py:914} INFO - Processing file /opt/airflow/dags/hdb_pipeline.py for tasks to queue
[2026-07-25T11:58:26.309+0000] {logging_mixin.py:190} INFO - [2026-07-25T11:58:26.309+0000] {dagbag.py:588} INFO - Filling up the DagBag from /opt/airflow/dags/hdb_pipeline.py
[2026-07-25T11:58:26.718+0000] {processor.py:925} INFO - DAG(s) 'hdb_resale_pipeline' retrieved from /opt/airflow/dags/hdb_pipeline.py
[2026-07-25T11:58:26.733+0000] {logging_mixin.py:190} INFO - [2026-07-25T11:58:26.732+0000] {dag.py:3239} INFO - Sync 1 DAGs
[2026-07-25T11:58:26.745+0000] {logging_mixin.py:190} INFO - [2026-07-25T11:58:26.745+0000] {dag.py:4180} INFO - Setting next_dagrun for hdb_resale_pipeline to 2026-07-25 00:00:00+00:00, run_after=2026-07-26 00:00:00+00:00
[2026-07-25T11:58:26.757+0000] {processor.py:208} INFO - Processing /opt/airflow/dags/hdb_pipeline.py took 0.453 seconds
[2026-07-25T11:58:56.909+0000] {processor.py:186} INFO - Started process (PID=4917) to work on /opt/airflow/dags/hdb_pipeline.py
[2026-07-25T11:58:56.909+0000] {processor.py:914} INFO - Processing file /opt/airflow/dags/hdb_pipeline.py for tasks to queue
[2026-07-25T11:58:56.911+0000] {logging_mixin.py:190} INFO - [2026-07-25T11:58:56.911+0000] {dagbag.py:588} INFO - Filling up the DagBag from /opt/airflow/dags/hdb_pipeline.py
[2026-07-25T11:58:57.296+0000] {processor.py:925} INFO - DAG(s) 'hdb_resale_pipeline' retrieved from /opt/airflow/dags/hdb_pipeline.py
[2026-07-25T11:58:57.311+0000] {logging_mixin.py:190} INFO - [2026-07-25T11:58:57.310+0000] {dag.py:3239} INFO - Sync 1 DAGs
[2026-07-25T11:58:57.323+0000] {logging_mixin.py:190} INFO - [2026-07-25T11:58:57.323+0000] {dag.py:4180} INFO - Setting next_dagrun for hdb_resale_pipeline to 2026-07-25 00:00:00+00:00, run_after=2026-07-26 00:00:00+00:00
[2026-07-25T11:58:57.335+0000] {processor.py:208} INFO - Processing /opt/airflow/dags/hdb_pipeline.py took 0.430 seconds
[2026-07-25T11:59:27.490+0000] {processor.py:186} INFO - Started process (PID=4940) to work on /opt/airflow/dags/hdb_pipeline.py
[2026-07-25T11:59:27.491+0000] {processor.py:914} INFO - Processing file /opt/airflow/dags/hdb_pipeline.py for tasks to queue
[2026-07-25T11:59:27.493+0000] {logging_mixin.py:190} INFO - [2026-07-25T11:59:27.493+0000] {dagbag.py:588} INFO - Filling up the DagBag from /opt/airflow/dags/hdb_pipeline.py
[2026-07-25T11:59:27.892+0000] {processor.py:925} INFO - DAG(s) 'hdb_resale_pipeline' retrieved from /opt/airflow/dags/hdb_pipeline.py
[2026-07-25T11:59:27.907+0000] {logging_mixin.py:190} INFO - [2026-07-25T11:59:27.906+0000] {dag.py:3239} INFO - Sync 1 DAGs
[2026-07-25T11:59:27.920+0000] {logging_mixin.py:190} INFO - [2026-07-25T11:59:27.920+0000] {dag.py:4180} INFO - Setting next_dagrun for hdb_resale_pipeline to 2026-07-25 00:00:00+00:00, run_after=2026-07-26 00:00:00+00:00
[2026-07-25T11:59:27.931+0000] {processor.py:208} INFO - Processing /opt/airflow/dags/hdb_pipeline.py took 0.444 seconds
[2026-07-25T11:59:58.086+0000] {processor.py:186} INFO - Started process (PID=4963) to work on /opt/airflow/dags/hdb_pipeline.py
[2026-07-25T11:59:58.087+0000] {processor.py:914} INFO - Processing file /opt/airflow/dags/hdb_pipeline.py for tasks to queue
[2026-07-25T11:59:58.090+0000] {logging_mixin.py:190} INFO - [2026-07-25T11:59:58.090+0000] {dagbag.py:588} INFO - Filling up the DagBag from /opt/airflow/dags/hdb_pipeline.py
[2026-07-25T11:59:58.494+0000] {processor.py:925} INFO - DAG(s) 'hdb_resale_pipeline' retrieved from /opt/airflow/dags/hdb_pipeline.py
[2026-07-25T11:59:58.509+0000] {logging_mixin.py:190} INFO - [2026-07-25T11:59:58.508+0000] {dag.py:3239} INFO - Sync 1 DAGs
[2026-07-25T11:59:58.521+0000] {logging_mixin.py:190} INFO - [2026-07-25T11:59:58.521+0000] {dag.py:4180} INFO - Setting next_dagrun for hdb_resale_pipeline to 2026-07-25 00:00:00+00:00, run_after=2026-07-26 00:00:00+00:00
[2026-07-25T11:59:58.532+0000] {processor.py:208} INFO - Processing /opt/airflow/dags/hdb_pipeline.py took 0.451 seconds
[2026-07-25T12:00:28.688+0000] {processor.py:186} INFO - Started process (PID=4986) to work on /opt/airflow/dags/hdb_pipeline.py
[2026-07-25T12:00:28.689+0000] {processor.py:914} INFO - Processing file /opt/airflow/dags/hdb_pipeline.py for tasks to queue
[2026-07-25T12:00:28.691+0000] {logging_mixin.py:190} INFO - [2026-07-25T12:00:28.691+0000] {dagbag.py:588} INFO - Filling up the DagBag from /opt/airflow/dags/hdb_pipeline.py
[2026-07-25T12:00:29.092+0000] {processor.py:925} INFO - DAG(s) 'hdb_resale_pipeline' retrieved from /opt/airflow/dags/hdb_pipeline.py
[2026-07-25T12:00:29.105+0000] {logging_mixin.py:190} INFO - [2026-07-25T12:00:29.105+0000] {dag.py:3239} INFO - Sync 1 DAGs
[2026-07-25T12:00:29.117+0000] {logging_mixin.py:190} INFO - [2026-07-25T12:00:29.117+0000] {dag.py:4180} INFO - Setting next_dagrun for hdb_resale_pipeline to 2026-07-25 00:00:00+00:00, run_after=2026-07-26 00:00:00+00:00
[2026-07-25T12:00:29.127+0000] {processor.py:208} INFO - Processing /opt/airflow/dags/hdb_pipeline.py took 0.445 seconds
[2026-07-25T12:00:59.278+0000] {processor.py:186} INFO - Started process (PID=5009) to work on /opt/airflow/dags/hdb_pipeline.py
[2026-07-25T12:00:59.279+0000] {processor.py:914} INFO - Processing file /opt/airflow/dags/hdb_pipeline.py for tasks to queue
[2026-07-25T12:00:59.281+0000] {logging_mixin.py:190} INFO - [2026-07-25T12:00:59.280+0000] {dagbag.py:588} INFO - Filling up the DagBag from /opt/airflow/dags/hdb_pipeline.py
[2026-07-25T12:00:59.673+0000] {processor.py:925} INFO - DAG(s) 'hdb_resale_pipeline' retrieved from /opt/airflow/dags/hdb_pipeline.py
[2026-07-25T12:00:59.687+0000] {logging_mixin.py:190} INFO - [2026-07-25T12:00:59.687+0000] {dag.py:3239} INFO - Sync 1 DAGs
[2026-07-25T12:00:59.699+0000] {logging_mixin.py:190} INFO - [2026-07-25T12:00:59.699+0000] {dag.py:4180} INFO - Setting next_dagrun for hdb_resale_pipeline to 2026-07-25 00:00:00+00:00, run_after=2026-07-26 00:00:00+00:00
[2026-07-25T12:00:59.711+0000] {processor.py:208} INFO - Processing /opt/airflow/dags/hdb_pipeline.py took 0.437 seconds
[2026-07-25T12:01:29.863+0000] {processor.py:186} INFO - Started process (PID=5032) to work on /opt/airflow/dags/hdb_pipeline.py
[2026-07-25T12:01:29.864+0000] {processor.py:914} INFO - Processing file /opt/airflow/dags/hdb_pipeline.py for tasks to queue
[2026-07-25T12:01:29.866+0000] {logging_mixin.py:190} INFO - [2026-07-25T12:01:29.866+0000] {dagbag.py:588} INFO - Filling up the DagBag from /opt/airflow/dags/hdb_pipeline.py
[2026-07-25T12:01:30.257+0000] {processor.py:925} INFO - DAG(s) 'hdb_resale_pipeline' retrieved from /opt/airflow/dags/hdb_pipeline.py
[2026-07-25T12:01:30.271+0000] {logging_mixin.py:190} INFO - [2026-07-25T12:01:30.270+0000] {dag.py:3239} INFO - Sync 1 DAGs
[2026-07-25T12:01:30.283+0000] {logging_mixin.py:190} INFO - [2026-07-25T12:01:30.282+0000] {dag.py:4180} INFO - Setting next_dagrun for hdb_resale_pipeline to 2026-07-25 00:00:00+00:00, run_after=2026-07-26 00:00:00+00:00
[2026-07-25T12:01:30.294+0000] {processor.py:208} INFO - Processing /opt/airflow/dags/hdb_pipeline.py took 0.434 seconds
[2026-07-25T12:02:00.446+0000] {processor.py:186} INFO - Started process (PID=5055) to work on /opt/airflow/dags/hdb_pipeline.py
[2026-07-25T12:02:00.447+0000] {processor.py:914} INFO - Processing file /opt/airflow/dags/hdb_pipeline.py for tasks to queue
[2026-07-25T12:02:00.449+0000] {logging_mixin.py:190} INFO - [2026-07-25T12:02:00.449+0000] {dagbag.py:588} INFO - Filling up the DagBag from /opt/airflow/dags/hdb_pipeline.py
[2026-07-25T12:02:00.848+0000] {processor.py:925} INFO - DAG(s) 'hdb_resale_pipeline' retrieved from /opt/airflow/dags/hdb_pipeline.py
[2026-07-25T12:02:00.862+0000] {logging_mixin.py:190} INFO - [2026-07-25T12:02:00.861+0000] {dag.py:3239} INFO - Sync 1 DAGs
[2026-07-25T12:02:00.874+0000] {logging_mixin.py:190} INFO - [2026-07-25T12:02:00.874+0000] {dag.py:4180} INFO - Setting next_dagrun for hdb_resale_pipeline to 2026-07-25 00:00:00+00:00, run_after=2026-07-26 00:00:00+00:00
[2026-07-25T12:02:00.885+0000] {processor.py:208} INFO - Processing /opt/airflow/dags/hdb_pipeline.py took 0.443 seconds
[2026-07-25T12:02:31.043+0000] {processor.py:186} INFO - Started process (PID=5078) to work on /opt/airflow/dags/hdb_pipeline.py
[2026-07-25T12:02:31.043+0000] {processor.py:914} INFO - Processing file /opt/airflow/dags/hdb_pipeline.py for tasks to queue
[2026-07-25T12:02:31.045+0000] {logging_mixin.py:190} INFO - [2026-07-25T12:02:31.045+0000] {dagbag.py:588} INFO - Filling up the DagBag from /opt/airflow/dags/hdb_pipeline.py
[2026-07-25T12:02:31.482+0000] {processor.py:925} INFO - DAG(s) 'hdb_resale_pipeline' retrieved from /opt/airflow/dags/hdb_pipeline.py
[2026-07-25T12:02:31.496+0000] {logging_mixin.py:190} INFO - [2026-07-25T12:02:31.496+0000] {dag.py:3239} INFO - Sync 1 DAGs
[2026-07-25T12:02:31.508+0000] {logging_mixin.py:190} INFO - [2026-07-25T12:02:31.508+0000] {dag.py:4180} INFO - Setting next_dagrun for hdb_resale_pipeline to 2026-07-25 00:00:00+00:00, run_after=2026-07-26 00:00:00+00:00
[2026-07-25T12:02:31.519+0000] {processor.py:208} INFO - Processing /opt/airflow/dags/hdb_pipeline.py took 0.480 seconds
[2026-07-25T12:03:01.673+0000] {processor.py:186} INFO - Started process (PID=5101) to work on /opt/airflow/dags/hdb_pipeline.py
[2026-07-25T12:03:01.673+0000] {processor.py:914} INFO - Processing file /opt/airflow/dags/hdb_pipeline.py for tasks to queue
[2026-07-25T12:03:01.675+0000] {logging_mixin.py:190} INFO - [2026-07-25T12:03:01.675+0000] {dagbag.py:588} INFO - Filling up the DagBag from /opt/airflow/dags/hdb_pipeline.py
[2026-07-25T12:03:02.077+0000] {processor.py:925} INFO - DAG(s) 'hdb_resale_pipeline' retrieved from /opt/airflow/dags/hdb_pipeline.py
[2026-07-25T12:03:02.091+0000] {logging_mixin.py:190} INFO - [2026-07-25T12:03:02.091+0000] {dag.py:3239} INFO - Sync 1 DAGs
[2026-07-25T12:03:02.104+0000] {logging_mixin.py:190} INFO - [2026-07-25T12:03:02.104+0000] {dag.py:4180} INFO - Setting next_dagrun for hdb_resale_pipeline to 2026-07-25 00:00:00+00:00, run_after=2026-07-26 00:00:00+00:00
[2026-07-25T12:03:02.116+0000] {processor.py:208} INFO - Processing /opt/airflow/dags/hdb_pipeline.py took 0.447 seconds
[2026-07-25T12:03:32.272+0000] {processor.py:186} INFO - Started process (PID=5124) to work on /opt/airflow/dags/hdb_pipeline.py
[2026-07-25T12:03:32.273+0000] {processor.py:914} INFO - Processing file /opt/airflow/dags/hdb_pipeline.py for tasks to queue
[2026-07-25T12:03:32.275+0000] {logging_mixin.py:190} INFO - [2026-07-25T12:03:32.275+0000] {dagbag.py:588} INFO - Filling up the DagBag from /opt/airflow/dags/hdb_pipeline.py
[2026-07-25T12:03:32.667+0000] {processor.py:925} INFO - DAG(s) 'hdb_resale_pipeline' retrieved from /opt/airflow/dags/hdb_pipeline.py
[2026-07-25T12:03:32.681+0000] {logging_mixin.py:190} INFO - [2026-07-25T12:03:32.680+0000] {dag.py:3239} INFO - Sync 1 DAGs
[2026-07-25T12:03:32.693+0000] {logging_mixin.py:190} INFO - [2026-07-25T12:03:32.693+0000] {dag.py:4180} INFO - Setting next_dagrun for hdb_resale_pipeline to 2026-07-25 00:00:00+00:00, run_after=2026-07-26 00:00:00+00:00
[2026-07-25T12:03:32.704+0000] {processor.py:208} INFO - Processing /opt/airflow/dags/hdb_pipeline.py took 0.436 seconds
[2026-07-25T12:04:02.855+0000] {processor.py:186} INFO - Started process (PID=5147) to work on /opt/airflow/dags/hdb_pipeline.py
[2026-07-25T12:04:02.856+0000] {processor.py:914} INFO - Processing file /opt/airflow/dags/hdb_pipeline.py for tasks to queue
[2026-07-25T12:04:02.858+0000] {logging_mixin.py:190} INFO - [2026-07-25T12:04:02.858+0000] {dagbag.py:588} INFO - Filling up the DagBag from /opt/airflow/dags/hdb_pipeline.py
[2026-07-25T12:04:03.254+0000] {processor.py:925} INFO - DAG(s) 'hdb_resale_pipeline' retrieved from /opt/airflow/dags/hdb_pipeline.py
[2026-07-25T12:04:03.268+0000] {logging_mixin.py:190} INFO - [2026-07-25T12:04:03.268+0000] {dag.py:3239} INFO - Sync 1 DAGs
[2026-07-25T12:04:03.280+0000] {logging_mixin.py:190} INFO - [2026-07-25T12:04:03.280+0000] {dag.py:4180} INFO - Setting next_dagrun for hdb_resale_pipeline to 2026-07-25 00:00:00+00:00, run_after=2026-07-26 00:00:00+00:00
[2026-07-25T12:04:03.291+0000] {processor.py:208} INFO - Processing /opt/airflow/dags/hdb_pipeline.py took 0.440 seconds
[2026-07-25T12:04:33.447+0000] {processor.py:186} INFO - Started process (PID=5170) to work on /opt/airflow/dags/hdb_pipeline.py
[2026-07-25T12:04:33.448+0000] {processor.py:914} INFO - Processing file /opt/airflow/dags/hdb_pipeline.py for tasks to queue
[2026-07-25T12:04:33.450+0000] {logging_mixin.py:190} INFO - [2026-07-25T12:04:33.449+0000] {dagbag.py:588} INFO - Filling up the DagBag from /opt/airflow/dags/hdb_pipeline.py
[2026-07-25T12:04:33.844+0000] {processor.py:925} INFO - DAG(s) 'hdb_resale_pipeline' retrieved from /opt/airflow/dags/hdb_pipeline.py
[2026-07-25T12:04:33.858+0000] {logging_mixin.py:190} INFO - [2026-07-25T12:04:33.857+0000] {dag.py:3239} INFO - Sync 1 DAGs
[2026-07-25T12:04:33.870+0000] {logging_mixin.py:190} INFO - [2026-07-25T12:04:33.870+0000] {dag.py:4180} INFO - Setting next_dagrun for hdb_resale_pipeline to 2026-07-25 00:00:00+00:00, run_after=2026-07-26 00:00:00+00:00
[2026-07-25T12:04:33.881+0000] {processor.py:208} INFO - Processing /opt/airflow/dags/hdb_pipeline.py took 0.438 seconds
[2026-07-25T12:05:04.035+0000] {processor.py:186} INFO - Started process (PID=5193) to work on /opt/airflow/dags/hdb_pipeline.py
[2026-07-25T12:05:04.036+0000] {processor.py:914} INFO - Processing file /opt/airflow/dags/hdb_pipeline.py for tasks to queue
[2026-07-25T12:05:04.038+0000] {logging_mixin.py:190} INFO - [2026-07-25T12:05:04.038+0000] {dagbag.py:588} INFO - Filling up the DagBag from /opt/airflow/dags/hdb_pipeline.py
[2026-07-25T12:05:04.432+0000] {processor.py:925} INFO - DAG(s) 'hdb_resale_pipeline' retrieved from /opt/airflow/dags/hdb_pipeline.py
[2026-07-25T12:05:04.446+0000] {logging_mixin.py:190} INFO - [2026-07-25T12:05:04.446+0000] {dag.py:3239} INFO - Sync 1 DAGs
[2026-07-25T12:05:04.458+0000] {logging_mixin.py:190} INFO - [2026-07-25T12:05:04.458+0000] {dag.py:4180} INFO - Setting next_dagrun for hdb_resale_pipeline to 2026-07-25 00:00:00+00:00, run_after=2026-07-26 00:00:00+00:00
[2026-07-25T12:05:04.469+0000] {processor.py:208} INFO - Processing /opt/airflow/dags/hdb_pipeline.py took 0.437 seconds
[2026-07-25T12:05:34.621+0000] {processor.py:186} INFO - Started process (PID=5216) to work on /opt/airflow/dags/hdb_pipeline.py
[2026-07-25T12:05:34.622+0000] {processor.py:914} INFO - Processing file /opt/airflow/dags/hdb_pipeline.py for tasks to queue
[2026-07-25T12:05:34.624+0000] {logging_mixin.py:190} INFO - [2026-07-25T12:05:34.624+0000] {dagbag.py:588} INFO - Filling up the DagBag from /opt/airflow/dags/hdb_pipeline.py
[2026-07-25T12:05:35.014+0000] {processor.py:925} INFO - DAG(s) 'hdb_resale_pipeline' retrieved from /opt/airflow/dags/hdb_pipeline.py
[2026-07-25T12:05:35.028+0000] {logging_mixin.py:190} INFO - [2026-07-25T12:05:35.028+0000] {dag.py:3239} INFO - Sync 1 DAGs
[2026-07-25T12:05:35.040+0000] {logging_mixin.py:190} INFO - [2026-07-25T12:05:35.040+0000] {dag.py:4180} INFO - Setting next_dagrun for hdb_resale_pipeline to 2026-07-25 00:00:00+00:00, run_after=2026-07-26 00:00:00+00:00
[2026-07-25T12:05:35.051+0000] {processor.py:208} INFO - Processing /opt/airflow/dags/hdb_pipeline.py took 0.434 seconds
[2026-07-25T12:06:05.201+0000] {processor.py:186} INFO - Started process (PID=5239) to work on /opt/airflow/dags/hdb_pipeline.py
[2026-07-25T12:06:05.202+0000] {processor.py:914} INFO - Processing file /opt/airflow/dags/hdb_pipeline.py for tasks to queue
[2026-07-25T12:06:05.204+0000] {logging_mixin.py:190} INFO - [2026-07-25T12:06:05.204+0000] {dagbag.py:588} INFO - Filling up the DagBag from /opt/airflow/dags/hdb_pipeline.py
[2026-07-25T12:06:05.603+0000] {processor.py:925} INFO - DAG(s) 'hdb_resale_pipeline' retrieved from /opt/airflow/dags/hdb_pipeline.py
[2026-07-25T12:06:05.616+0000] {logging_mixin.py:190} INFO - [2026-07-25T12:06:05.616+0000] {dag.py:3239} INFO - Sync 1 DAGs
[2026-07-25T12:06:05.629+0000] {logging_mixin.py:190} INFO - [2026-07-25T12:06:05.629+0000] {dag.py:4180} INFO - Setting next_dagrun for hdb_resale_pipeline to 2026-07-25 00:00:00+00:00, run_after=2026-07-26 00:00:00+00:00
[2026-07-25T12:06:05.639+0000] {processor.py:208} INFO - Processing /opt/airflow/dags/hdb_pipeline.py took 0.442 seconds
[2026-07-25T12:06:35.793+0000] {processor.py:186} INFO - Started process (PID=5262) to work on /opt/airflow/dags/hdb_pipeline.py
[2026-07-25T12:06:35.794+0000] {processor.py:914} INFO - Processing file /opt/airflow/dags/hdb_pipeline.py for tasks to queue
[2026-07-25T12:06:35.796+0000] {logging_mixin.py:190} INFO - [2026-07-25T12:06:35.796+0000] {dagbag.py:588} INFO - Filling up the DagBag from /opt/airflow/dags/hdb_pipeline.py
[2026-07-25T12:06:36.195+0000] {processor.py:925} INFO - DAG(s) 'hdb_resale_pipeline' retrieved from /opt/airflow/dags/hdb_pipeline.py
[2026-07-25T12:06:36.209+0000] {logging_mixin.py:190} INFO - [2026-07-25T12:06:36.209+0000] {dag.py:3239} INFO - Sync 1 DAGs
[2026-07-25T12:06:36.220+0000] {logging_mixin.py:190} INFO - [2026-07-25T12:06:36.220+0000] {dag.py:4180} INFO - Setting next_dagrun for hdb_resale_pipeline to 2026-07-25 00:00:00+00:00, run_after=2026-07-26 00:00:00+00:00
[2026-07-25T12:06:36.231+0000] {processor.py:208} INFO - Processing /opt/airflow/dags/hdb_pipeline.py took 0.441 seconds
[2026-07-25T12:07:06.419+0000] {processor.py:186} INFO - Started process (PID=5285) to work on /opt/airflow/dags/hdb_pipeline.py
[2026-07-25T12:07:06.420+0000] {processor.py:914} INFO - Processing file /opt/airflow/dags/hdb_pipeline.py for tasks to queue
[2026-07-25T12:07:06.422+0000] {logging_mixin.py:190} INFO - [2026-07-25T12:07:06.422+0000] {dagbag.py:588} INFO - Filling up the DagBag from /opt/airflow/dags/hdb_pipeline.py
[2026-07-25T12:07:06.822+0000] {processor.py:925} INFO - DAG(s) 'hdb_resale_pipeline' retrieved from /opt/airflow/dags/hdb_pipeline.py
[2026-07-25T12:07:06.836+0000] {logging_mixin.py:190} INFO - [2026-07-25T12:07:06.836+0000] {dag.py:3239} INFO - Sync 1 DAGs
[2026-07-25T12:07:06.849+0000] {logging_mixin.py:190} INFO - [2026-07-25T12:07:06.848+0000] {dag.py:4180} INFO - Setting next_dagrun for hdb_resale_pipeline to 2026-07-25 00:00:00+00:00, run_after=2026-07-26 00:00:00+00:00
[2026-07-25T12:07:06.860+0000] {processor.py:208} INFO - Processing /opt/airflow/dags/hdb_pipeline.py took 0.444 seconds
[2026-07-25T12:07:37.015+0000] {processor.py:186} INFO - Started process (PID=5309) to work on /opt/airflow/dags/hdb_pipeline.py
[2026-07-25T12:07:37.016+0000] {processor.py:914} INFO - Processing file /opt/airflow/dags/hdb_pipeline.py for tasks to queue
[2026-07-25T12:07:37.017+0000] {logging_mixin.py:190} INFO - [2026-07-25T12:07:37.017+0000] {dagbag.py:588} INFO - Filling up the DagBag from /opt/airflow/dags/hdb_pipeline.py
[2026-07-25T12:07:37.416+0000] {processor.py:925} INFO - DAG(s) 'hdb_resale_pipeline' retrieved from /opt/airflow/dags/hdb_pipeline.py
[2026-07-25T12:07:37.430+0000] {logging_mixin.py:190} INFO - [2026-07-25T12:07:37.430+0000] {dag.py:3239} INFO - Sync 1 DAGs
[2026-07-25T12:07:37.443+0000] {logging_mixin.py:190} INFO - [2026-07-25T12:07:37.443+0000] {dag.py:4180} INFO - Setting next_dagrun for hdb_resale_pipeline to 2026-07-25 00:00:00+00:00, run_after=2026-07-26 00:00:00+00:00
[2026-07-25T12:07:37.454+0000] {processor.py:208} INFO - Processing /opt/airflow/dags/hdb_pipeline.py took 0.443 seconds
[2026-07-25T12:08:07.606+0000] {processor.py:186} INFO - Started process (PID=5332) to work on /opt/airflow/dags/hdb_pipeline.py
[2026-07-25T12:08:07.607+0000] {processor.py:914} INFO - Processing file /opt/airflow/dags/hdb_pipeline.py for tasks to queue
[2026-07-25T12:08:07.609+0000] {logging_mixin.py:190} INFO - [2026-07-25T12:08:07.608+0000] {dagbag.py:588} INFO - Filling up the DagBag from /opt/airflow/dags/hdb_pipeline.py
[2026-07-25T12:08:08.000+0000] {processor.py:925} INFO - DAG(s) 'hdb_resale_pipeline' retrieved from /opt/airflow/dags/hdb_pipeline.py
[2026-07-25T12:08:08.013+0000] {logging_mixin.py:190} INFO - [2026-07-25T12:08:08.013+0000] {dag.py:3239} INFO - Sync 1 DAGs
[2026-07-25T12:08:08.026+0000] {logging_mixin.py:190} INFO - [2026-07-25T12:08:08.026+0000] {dag.py:4180} INFO - Setting next_dagrun for hdb_resale_pipeline to 2026-07-25 00:00:00+00:00, run_after=2026-07-26 00:00:00+00:00
[2026-07-25T12:08:08.036+0000] {processor.py:208} INFO - Processing /opt/airflow/dags/hdb_pipeline.py took 0.434 seconds
[2026-07-25T12:08:38.189+0000] {processor.py:186} INFO - Started process (PID=5355) to work on /opt/airflow/dags/hdb_pipeline.py
[2026-07-25T12:08:38.190+0000] {processor.py:914} INFO - Processing file /opt/airflow/dags/hdb_pipeline.py for tasks to queue
[2026-07-25T12:08:38.192+0000] {logging_mixin.py:190} INFO - [2026-07-25T12:08:38.192+0000] {dagbag.py:588} INFO - Filling up the DagBag from /opt/airflow/dags/hdb_pipeline.py
[2026-07-25T12:08:38.584+0000] {processor.py:925} INFO - DAG(s) 'hdb_resale_pipeline' retrieved from /opt/airflow/dags/hdb_pipeline.py
[2026-07-25T12:08:38.599+0000] {logging_mixin.py:190} INFO - [2026-07-25T12:08:38.599+0000] {dag.py:3239} INFO - Sync 1 DAGs
[2026-07-25T12:08:38.611+0000] {logging_mixin.py:190} INFO - [2026-07-25T12:08:38.611+0000] {dag.py:4180} INFO - Setting next_dagrun for hdb_resale_pipeline to 2026-07-25 00:00:00+00:00, run_after=2026-07-26 00:00:00+00:00
[2026-07-25T12:08:38.621+0000] {processor.py:208} INFO - Processing /opt/airflow/dags/hdb_pipeline.py took 0.435 seconds
[2026-07-25T12:09:08.768+0000] {processor.py:186} INFO - Started process (PID=5378) to work on /opt/airflow/dags/hdb_pipeline.py
[2026-07-25T12:09:08.769+0000] {processor.py:914} INFO - Processing file /opt/airflow/dags/hdb_pipeline.py for tasks to queue
[2026-07-25T12:09:08.771+0000] {logging_mixin.py:190} INFO - [2026-07-25T12:09:08.771+0000] {dagbag.py:588} INFO - Filling up the DagBag from /opt/airflow/dags/hdb_pipeline.py
[2026-07-25T12:09:09.162+0000] {processor.py:925} INFO - DAG(s) 'hdb_resale_pipeline' retrieved from /opt/airflow/dags/hdb_pipeline.py
[2026-07-25T12:09:09.176+0000] {logging_mixin.py:190} INFO - [2026-07-25T12:09:09.175+0000] {dag.py:3239} INFO - Sync 1 DAGs
[2026-07-25T12:09:09.187+0000] {logging_mixin.py:190} INFO - [2026-07-25T12:09:09.187+0000] {dag.py:4180} INFO - Setting next_dagrun for hdb_resale_pipeline to 2026-07-25 00:00:00+00:00, run_after=2026-07-26 00:00:00+00:00
[2026-07-25T12:09:09.199+0000] {processor.py:208} INFO - Processing /opt/airflow/dags/hdb_pipeline.py took 0.435 seconds
[2026-07-25T12:09:39.356+0000] {processor.py:186} INFO - Started process (PID=5407) to work on /opt/airflow/dags/hdb_pipeline.py
[2026-07-25T12:09:39.357+0000] {processor.py:914} INFO - Processing file /opt/airflow/dags/hdb_pipeline.py for tasks to queue
[2026-07-25T12:09:39.359+0000] {logging_mixin.py:190} INFO - [2026-07-25T12:09:39.358+0000] {dagbag.py:588} INFO - Filling up the DagBag from /opt/airflow/dags/hdb_pipeline.py
[2026-07-25T12:09:39.768+0000] {processor.py:925} INFO - DAG(s) 'hdb_resale_pipeline' retrieved from /opt/airflow/dags/hdb_pipeline.py
[2026-07-25T12:09:39.783+0000] {logging_mixin.py:190} INFO - [2026-07-25T12:09:39.783+0000] {dag.py:3239} INFO - Sync 1 DAGs
[2026-07-25T12:09:39.796+0000] {logging_mixin.py:190} INFO - [2026-07-25T12:09:39.795+0000] {dag.py:4180} INFO - Setting next_dagrun for hdb_resale_pipeline to 2026-07-25 00:00:00+00:00, run_after=2026-07-26 00:00:00+00:00
[2026-07-25T12:09:39.806+0000] {processor.py:208} INFO - Processing /opt/airflow/dags/hdb_pipeline.py took 0.453 seconds
[2026-07-25T12:10:09.960+0000] {processor.py:186} INFO - Started process (PID=5430) to work on /opt/airflow/dags/hdb_pipeline.py
[2026-07-25T12:10:09.961+0000] {processor.py:914} INFO - Processing file /opt/airflow/dags/hdb_pipeline.py for tasks to queue
[2026-07-25T12:10:09.963+0000] {logging_mixin.py:190} INFO - [2026-07-25T12:10:09.963+0000] {dagbag.py:588} INFO - Filling up the DagBag from /opt/airflow/dags/hdb_pipeline.py
[2026-07-25T12:10:10.360+0000] {processor.py:925} INFO - DAG(s) 'hdb_resale_pipeline' retrieved from /opt/airflow/dags/hdb_pipeline.py
[2026-07-25T12:10:10.374+0000] {logging_mixin.py:190} INFO - [2026-07-25T12:10:10.373+0000] {dag.py:3239} INFO - Sync 1 DAGs
[2026-07-25T12:10:10.386+0000] {logging_mixin.py:190} INFO - [2026-07-25T12:10:10.386+0000] {dag.py:4180} INFO - Setting next_dagrun for hdb_resale_pipeline to 2026-07-25 00:00:00+00:00, run_after=2026-07-26 00:00:00+00:00
[2026-07-25T12:10:10.396+0000] {processor.py:208} INFO - Processing /opt/airflow/dags/hdb_pipeline.py took 0.441 seconds
[2026-07-25T12:10:40.549+0000] {processor.py:186} INFO - Started process (PID=5453) to work on /opt/airflow/dags/hdb_pipeline.py
[2026-07-25T12:10:40.549+0000] {processor.py:914} INFO - Processing file /opt/airflow/dags/hdb_pipeline.py for tasks to queue
[2026-07-25T12:10:40.551+0000] {logging_mixin.py:190} INFO - [2026-07-25T12:10:40.551+0000] {dagbag.py:588} INFO - Filling up the DagBag from /opt/airflow/dags/hdb_pipeline.py
[2026-07-25T12:10:40.946+0000] {processor.py:925} INFO - DAG(s) 'hdb_resale_pipeline' retrieved from /opt/airflow/dags/hdb_pipeline.py
[2026-07-25T12:10:40.960+0000] {logging_mixin.py:190} INFO - [2026-07-25T12:10:40.960+0000] {dag.py:3239} INFO - Sync 1 DAGs
[2026-07-25T12:10:40.972+0000] {logging_mixin.py:190} INFO - [2026-07-25T12:10:40.972+0000] {dag.py:4180} INFO - Setting next_dagrun for hdb_resale_pipeline to 2026-07-25 00:00:00+00:00, run_after=2026-07-26 00:00:00+00:00
[2026-07-25T12:10:40.983+0000] {processor.py:208} INFO - Processing /opt/airflow/dags/hdb_pipeline.py took 0.438 seconds
[2026-07-25T12:11:11.135+0000] {processor.py:186} INFO - Started process (PID=5476) to work on /opt/airflow/dags/hdb_pipeline.py
[2026-07-25T12:11:11.136+0000] {processor.py:914} INFO - Processing file /opt/airflow/dags/hdb_pipeline.py for tasks to queue
[2026-07-25T12:11:11.137+0000] {logging_mixin.py:190} INFO - [2026-07-25T12:11:11.137+0000] {dagbag.py:588} INFO - Filling up the DagBag from /opt/airflow/dags/hdb_pipeline.py
[2026-07-25T12:11:11.522+0000] {processor.py:925} INFO - DAG(s) 'hdb_resale_pipeline' retrieved from /opt/airflow/dags/hdb_pipeline.py
[2026-07-25T12:11:11.536+0000] {logging_mixin.py:190} INFO - [2026-07-25T12:11:11.536+0000] {dag.py:3239} INFO - Sync 1 DAGs
[2026-07-25T12:11:11.548+0000] {logging_mixin.py:190} INFO - [2026-07-25T12:11:11.548+0000] {dag.py:4180} INFO - Setting next_dagrun for hdb_resale_pipeline to 2026-07-25 00:00:00+00:00, run_after=2026-07-26 00:00:00+00:00
[2026-07-25T12:11:11.560+0000] {processor.py:208} INFO - Processing /opt/airflow/dags/hdb_pipeline.py took 0.428 seconds
[2026-07-25T12:11:41.716+0000] {processor.py:186} INFO - Started process (PID=5499) to work on /opt/airflow/dags/hdb_pipeline.py
[2026-07-25T12:11:41.716+0000] {processor.py:914} INFO - Processing file /opt/airflow/dags/hdb_pipeline.py for tasks to queue
[2026-07-25T12:11:41.718+0000] {logging_mixin.py:190} INFO - [2026-07-25T12:11:41.718+0000] {dagbag.py:588} INFO - Filling up the DagBag from /opt/airflow/dags/hdb_pipeline.py
[2026-07-25T12:11:42.122+0000] {processor.py:925} INFO - DAG(s) 'hdb_resale_pipeline' retrieved from /opt/airflow/dags/hdb_pipeline.py
[2026-07-25T12:11:42.135+0000] {logging_mixin.py:190} INFO - [2026-07-25T12:11:42.135+0000] {dag.py:3239} INFO - Sync 1 DAGs
[2026-07-25T12:11:42.148+0000] {logging_mixin.py:190} INFO - [2026-07-25T12:11:42.148+0000] {dag.py:4180} INFO - Setting next_dagrun for hdb_resale_pipeline to 2026-07-25 00:00:00+00:00, run_after=2026-07-26 00:00:00+00:00
[2026-07-25T12:11:42.159+0000] {processor.py:208} INFO - Processing /opt/airflow/dags/hdb_pipeline.py took 0.447 seconds
[2026-07-25T12:12:12.309+0000] {processor.py:186} INFO - Started process (PID=5522) to work on /opt/airflow/dags/hdb_pipeline.py
[2026-07-25T12:12:12.310+0000] {processor.py:914} INFO - Processing file /opt/airflow/dags/hdb_pipeline.py for tasks to queue
[2026-07-25T12:12:12.312+0000] {logging_mixin.py:190} INFO - [2026-07-25T12:12:12.312+0000] {dagbag.py:588} INFO - Filling up the DagBag from /opt/airflow/dags/hdb_pipeline.py
[2026-07-25T12:12:12.704+0000] {processor.py:925} INFO - DAG(s) 'hdb_resale_pipeline' retrieved from /opt/airflow/dags/hdb_pipeline.py
[2026-07-25T12:12:12.717+0000] {logging_mixin.py:190} INFO - [2026-07-25T12:12:12.717+0000] {dag.py:3239} INFO - Sync 1 DAGs
[2026-07-25T12:12:12.730+0000] {logging_mixin.py:190} INFO - [2026-07-25T12:12:12.729+0000] {dag.py:4180} INFO - Setting next_dagrun for hdb_resale_pipeline to 2026-07-25 00:00:00+00:00, run_after=2026-07-26 00:00:00+00:00
[2026-07-25T12:12:12.741+0000] {processor.py:208} INFO - Processing /opt/airflow/dags/hdb_pipeline.py took 0.435 seconds
[2026-07-25T12:12:42.891+0000] {processor.py:186} INFO - Started process (PID=5545) to work on /opt/airflow/dags/hdb_pipeline.py
[2026-07-25T12:12:42.892+0000] {processor.py:914} INFO - Processing file /opt/airflow/dags/hdb_pipeline.py for tasks to queue
[2026-07-25T12:12:42.894+0000] {logging_mixin.py:190} INFO - [2026-07-25T12:12:42.894+0000] {dagbag.py:588} INFO - Filling up the DagBag from /opt/airflow/dags/hdb_pipeline.py
[2026-07-25T12:12:43.286+0000] {processor.py:925} INFO - DAG(s) 'hdb_resale_pipeline' retrieved from /opt/airflow/dags/hdb_pipeline.py
[2026-07-25T12:12:43.300+0000] {logging_mixin.py:190} INFO - [2026-07-25T12:12:43.299+0000] {dag.py:3239} INFO - Sync 1 DAGs
[2026-07-25T12:12:43.311+0000] {logging_mixin.py:190} INFO - [2026-07-25T12:12:43.311+0000] {dag.py:4180} INFO - Setting next_dagrun for hdb_resale_pipeline to 2026-07-25 00:00:00+00:00, run_after=2026-07-26 00:00:00+00:00
[2026-07-25T12:12:43.322+0000] {processor.py:208} INFO - Processing /opt/airflow/dags/hdb_pipeline.py took 0.435 seconds
[2026-07-25T12:13:13.472+0000] {processor.py:186} INFO - Started process (PID=5568) to work on /opt/airflow/dags/hdb_pipeline.py
[2026-07-25T12:13:13.473+0000] {processor.py:914} INFO - Processing file /opt/airflow/dags/hdb_pipeline.py for tasks to queue
[2026-07-25T12:13:13.475+0000] {logging_mixin.py:190} INFO - [2026-07-25T12:13:13.474+0000] {dagbag.py:588} INFO - Filling up the DagBag from /opt/airflow/dags/hdb_pipeline.py
[2026-07-25T12:13:13.868+0000] {processor.py:925} INFO - DAG(s) 'hdb_resale_pipeline' retrieved from /opt/airflow/dags/hdb_pipeline.py
[2026-07-25T12:13:13.882+0000] {logging_mixin.py:190} INFO - [2026-07-25T12:13:13.882+0000] {dag.py:3239} INFO - Sync 1 DAGs
[2026-07-25T12:13:13.894+0000] {logging_mixin.py:190} INFO - [2026-07-25T12:13:13.894+0000] {dag.py:4180} INFO - Setting next_dagrun for hdb_resale_pipeline to 2026-07-25 00:00:00+00:00, run_after=2026-07-26 00:00:00+00:00
[2026-07-25T12:13:13.905+0000] {processor.py:208} INFO - Processing /opt/airflow/dags/hdb_pipeline.py took 0.436 seconds
[2026-07-25T12:13:44.059+0000] {processor.py:186} INFO - Started process (PID=5591) to work on /opt/airflow/dags/hdb_pipeline.py
[2026-07-25T12:13:44.060+0000] {processor.py:914} INFO - Processing file /opt/airflow/dags/hdb_pipeline.py for tasks to queue
[2026-07-25T12:13:44.062+0000] {logging_mixin.py:190} INFO - [2026-07-25T12:13:44.062+0000] {dagbag.py:588} INFO - Filling up the DagBag from /opt/airflow/dags/hdb_pipeline.py
[2026-07-25T12:13:44.480+0000] {processor.py:925} INFO - DAG(s) 'hdb_resale_pipeline' retrieved from /opt/airflow/dags/hdb_pipeline.py
[2026-07-25T12:13:44.495+0000] {logging_mixin.py:190} INFO - [2026-07-25T12:13:44.495+0000] {dag.py:3239} INFO - Sync 1 DAGs
[2026-07-25T12:13:44.510+0000] {logging_mixin.py:190} INFO - [2026-07-25T12:13:44.509+0000] {dag.py:4180} INFO - Setting next_dagrun for hdb_resale_pipeline to 2026-07-25 00:00:00+00:00, run_after=2026-07-26 00:00:00+00:00
[2026-07-25T12:13:44.520+0000] {processor.py:208} INFO - Processing /opt/airflow/dags/hdb_pipeline.py took 0.466 seconds
[2026-07-25T12:14:14.672+0000] {processor.py:186} INFO - Started process (PID=5614) to work on /opt/airflow/dags/hdb_pipeline.py
[2026-07-25T12:14:14.673+0000] {processor.py:914} INFO - Processing file /opt/airflow/dags/hdb_pipeline.py for tasks to queue
[2026-07-25T12:14:14.675+0000] {logging_mixin.py:190} INFO - [2026-07-25T12:14:14.675+0000] {dagbag.py:588} INFO - Filling up the DagBag from /opt/airflow/dags/hdb_pipeline.py
[2026-07-25T12:14:15.067+0000] {processor.py:925} INFO - DAG(s) 'hdb_resale_pipeline' retrieved from /opt/airflow/dags/hdb_pipeline.py
[2026-07-25T12:14:15.081+0000] {logging_mixin.py:190} INFO - [2026-07-25T12:14:15.081+0000] {dag.py:3239} INFO - Sync 1 DAGs
[2026-07-25T12:14:15.093+0000] {logging_mixin.py:190} INFO - [2026-07-25T12:14:15.093+0000] {dag.py:4180} INFO - Setting next_dagrun for hdb_resale_pipeline to 2026-07-25 00:00:00+00:00, run_after=2026-07-26 00:00:00+00:00
[2026-07-25T12:14:15.105+0000] {processor.py:208} INFO - Processing /opt/airflow/dags/hdb_pipeline.py took 0.436 seconds
[2026-07-25T12:14:45.260+0000] {processor.py:186} INFO - Started process (PID=5637) to work on /opt/airflow/dags/hdb_pipeline.py
[2026-07-25T12:14:45.261+0000] {processor.py:914} INFO - Processing file /opt/airflow/dags/hdb_pipeline.py for tasks to queue
[2026-07-25T12:14:45.263+0000] {logging_mixin.py:190} INFO - [2026-07-25T12:14:45.262+0000] {dagbag.py:588} INFO - Filling up the DagBag from /opt/airflow/dags/hdb_pipeline.py
[2026-07-25T12:14:45.666+0000] {processor.py:925} INFO - DAG(s) 'hdb_resale_pipeline' retrieved from /opt/airflow/dags/hdb_pipeline.py
[2026-07-25T12:14:45.680+0000] {logging_mixin.py:190} INFO - [2026-07-25T12:14:45.680+0000] {dag.py:3239} INFO - Sync 1 DAGs
[2026-07-25T12:14:45.692+0000] {logging_mixin.py:190} INFO - [2026-07-25T12:14:45.692+0000] {dag.py:4180} INFO - Setting next_dagrun for hdb_resale_pipeline to 2026-07-25 00:00:00+00:00, run_after=2026-07-26 00:00:00+00:00
[2026-07-25T12:14:45.703+0000] {processor.py:208} INFO - Processing /opt/airflow/dags/hdb_pipeline.py took 0.447 seconds
[2026-07-25T12:15:15.857+0000] {processor.py:186} INFO - Started process (PID=5660) to work on /opt/airflow/dags/hdb_pipeline.py
[2026-07-25T12:15:15.857+0000] {processor.py:914} INFO - Processing file /opt/airflow/dags/hdb_pipeline.py for tasks to queue
[2026-07-25T12:15:15.860+0000] {logging_mixin.py:190} INFO - [2026-07-25T12:15:15.859+0000] {dagbag.py:588} INFO - Filling up the DagBag from /opt/airflow/dags/hdb_pipeline.py
[2026-07-25T12:15:16.259+0000] {processor.py:925} INFO - DAG(s) 'hdb_resale_pipeline' retrieved from /opt/airflow/dags/hdb_pipeline.py
[2026-07-25T12:15:16.273+0000] {logging_mixin.py:190} INFO - [2026-07-25T12:15:16.273+0000] {dag.py:3239} INFO - Sync 1 DAGs
[2026-07-25T12:15:16.285+0000] {logging_mixin.py:190} INFO - [2026-07-25T12:15:16.285+0000] {dag.py:4180} INFO - Setting next_dagrun for hdb_resale_pipeline to 2026-07-25 00:00:00+00:00, run_after=2026-07-26 00:00:00+00:00
[2026-07-25T12:15:16.296+0000] {processor.py:208} INFO - Processing /opt/airflow/dags/hdb_pipeline.py took 0.443 seconds
[2026-07-25T12:15:46.453+0000] {processor.py:186} INFO - Started process (PID=5683) to work on /opt/airflow/dags/hdb_pipeline.py
[2026-07-25T12:15:46.453+0000] {processor.py:914} INFO - Processing file /opt/airflow/dags/hdb_pipeline.py for tasks to queue
[2026-07-25T12:15:46.455+0000] {logging_mixin.py:190} INFO - [2026-07-25T12:15:46.455+0000] {dagbag.py:588} INFO - Filling up the DagBag from /opt/airflow/dags/hdb_pipeline.py
[2026-07-25T12:15:46.863+0000] {processor.py:925} INFO - DAG(s) 'hdb_resale_pipeline' retrieved from /opt/airflow/dags/hdb_pipeline.py
[2026-07-25T12:15:46.878+0000] {logging_mixin.py:190} INFO - [2026-07-25T12:15:46.877+0000] {dag.py:3239} INFO - Sync 1 DAGs
[2026-07-25T12:15:46.890+0000] {logging_mixin.py:190} INFO - [2026-07-25T12:15:46.890+0000] {dag.py:4180} INFO - Setting next_dagrun for hdb_resale_pipeline to 2026-07-25 00:00:00+00:00, run_after=2026-07-26 00:00:00+00:00
[2026-07-25T12:15:46.901+0000] {processor.py:208} INFO - Processing /opt/airflow/dags/hdb_pipeline.py took 0.453 seconds
[2026-07-25T12:16:17.055+0000] {processor.py:186} INFO - Started process (PID=5706) to work on /opt/airflow/dags/hdb_pipeline.py
[2026-07-25T12:16:17.056+0000] {processor.py:914} INFO - Processing file /opt/airflow/dags/hdb_pipeline.py for tasks to queue
[2026-07-25T12:16:17.058+0000] {logging_mixin.py:190} INFO - [2026-07-25T12:16:17.058+0000] {dagbag.py:588} INFO - Filling up the DagBag from /opt/airflow/dags/hdb_pipeline.py
[2026-07-25T12:16:17.467+0000] {processor.py:925} INFO - DAG(s) 'hdb_resale_pipeline' retrieved from /opt/airflow/dags/hdb_pipeline.py
[2026-07-25T12:16:17.481+0000] {logging_mixin.py:190} INFO - [2026-07-25T12:16:17.481+0000] {dag.py:3239} INFO - Sync 1 DAGs
[2026-07-25T12:16:17.494+0000] {logging_mixin.py:190} INFO - [2026-07-25T12:16:17.494+0000] {dag.py:4180} INFO - Setting next_dagrun for hdb_resale_pipeline to 2026-07-25 00:00:00+00:00, run_after=2026-07-26 00:00:00+00:00
[2026-07-25T12:16:17.505+0000] {processor.py:208} INFO - Processing /opt/airflow/dags/hdb_pipeline.py took 0.453 seconds
[2026-07-25T12:16:47.675+0000] {processor.py:186} INFO - Started process (PID=5729) to work on /opt/airflow/dags/hdb_pipeline.py
[2026-07-25T12:16:47.676+0000] {processor.py:914} INFO - Processing file /opt/airflow/dags/hdb_pipeline.py for tasks to queue
[2026-07-25T12:16:47.678+0000] {logging_mixin.py:190} INFO - [2026-07-25T12:16:47.677+0000] {dagbag.py:588} INFO - Filling up the DagBag from /opt/airflow/dags/hdb_pipeline.py
[2026-07-25T12:16:48.071+0000] {processor.py:925} INFO - DAG(s) 'hdb_resale_pipeline' retrieved from /opt/airflow/dags/hdb_pipeline.py
[2026-07-25T12:16:48.086+0000] {logging_mixin.py:190} INFO - [2026-07-25T12:16:48.085+0000] {dag.py:3239} INFO - Sync 1 DAGs
[2026-07-25T12:16:48.097+0000] {logging_mixin.py:190} INFO - [2026-07-25T12:16:48.097+0000] {dag.py:4180} INFO - Setting next_dagrun for hdb_resale_pipeline to 2026-07-25 00:00:00+00:00, run_after=2026-07-26 00:00:00+00:00
[2026-07-25T12:16:48.108+0000] {processor.py:208} INFO - Processing /opt/airflow/dags/hdb_pipeline.py took 0.437 seconds
[2026-07-25T12:17:18.305+0000] {processor.py:186} INFO - Started process (PID=5752) to work on /opt/airflow/dags/hdb_pipeline.py
[2026-07-25T12:17:18.306+0000] {processor.py:914} INFO - Processing file /opt/airflow/dags/hdb_pipeline.py for tasks to queue
[2026-07-25T12:17:18.308+0000] {logging_mixin.py:190} INFO - [2026-07-25T12:17:18.308+0000] {dagbag.py:588} INFO - Filling up the DagBag from /opt/airflow/dags/hdb_pipeline.py
[2026-07-25T12:17:18.713+0000] {processor.py:925} INFO - DAG(s) 'hdb_resale_pipeline' retrieved from /opt/airflow/dags/hdb_pipeline.py
[2026-07-25T12:17:18.727+0000] {logging_mixin.py:190} INFO - [2026-07-25T12:17:18.727+0000] {dag.py:3239} INFO - Sync 1 DAGs
[2026-07-25T12:17:18.740+0000] {logging_mixin.py:190} INFO - [2026-07-25T12:17:18.740+0000] {dag.py:4180} INFO - Setting next_dagrun for hdb_resale_pipeline to 2026-07-25 00:00:00+00:00, run_after=2026-07-26 00:00:00+00:00
[2026-07-25T12:17:18.752+0000] {processor.py:208} INFO - Processing /opt/airflow/dags/hdb_pipeline.py took 0.451 seconds
[2026-07-25T12:17:48.916+0000] {processor.py:186} INFO - Started process (PID=5775) to work on /opt/airflow/dags/hdb_pipeline.py
[2026-07-25T12:17:48.917+0000] {processor.py:914} INFO - Processing file /opt/airflow/dags/hdb_pipeline.py for tasks to queue
[2026-07-25T12:17:48.919+0000] {logging_mixin.py:190} INFO - [2026-07-25T12:17:48.919+0000] {dagbag.py:588} INFO - Filling up the DagBag from /opt/airflow/dags/hdb_pipeline.py
[2026-07-25T12:17:49.314+0000] {processor.py:925} INFO - DAG(s) 'hdb_resale_pipeline' retrieved from /opt/airflow/dags/hdb_pipeline.py
[2026-07-25T12:17:49.329+0000] {logging_mixin.py:190} INFO - [2026-07-25T12:17:49.329+0000] {dag.py:3239} INFO - Sync 1 DAGs
[2026-07-25T12:17:49.343+0000] {logging_mixin.py:190} INFO - [2026-07-25T12:17:49.343+0000] {dag.py:4180} INFO - Setting next_dagrun for hdb_resale_pipeline to 2026-07-25 00:00:00+00:00, run_after=2026-07-26 00:00:00+00:00
[2026-07-25T12:17:49.354+0000] {processor.py:208} INFO - Processing /opt/airflow/dags/hdb_pipeline.py took 0.442 seconds
[2026-07-25T12:18:19.525+0000] {processor.py:186} INFO - Started process (PID=5798) to work on /opt/airflow/dags/hdb_pipeline.py
[2026-07-25T12:18:19.526+0000] {processor.py:914} INFO - Processing file /opt/airflow/dags/hdb_pipeline.py for tasks to queue
[2026-07-25T12:18:19.528+0000] {logging_mixin.py:190} INFO - [2026-07-25T12:18:19.528+0000] {dagbag.py:588} INFO - Filling up the DagBag from /opt/airflow/dags/hdb_pipeline.py
[2026-07-25T12:18:19.922+0000] {processor.py:925} INFO - DAG(s) 'hdb_resale_pipeline' retrieved from /opt/airflow/dags/hdb_pipeline.py
[2026-07-25T12:18:19.936+0000] {logging_mixin.py:190} INFO - [2026-07-25T12:18:19.936+0000] {dag.py:3239} INFO - Sync 1 DAGs
[2026-07-25T12:18:19.948+0000] {logging_mixin.py:190} INFO - [2026-07-25T12:18:19.948+0000] {dag.py:4180} INFO - Setting next_dagrun for hdb_resale_pipeline to 2026-07-25 00:00:00+00:00, run_after=2026-07-26 00:00:00+00:00
[2026-07-25T12:18:19.959+0000] {processor.py:208} INFO - Processing /opt/airflow/dags/hdb_pipeline.py took 0.438 seconds
[2026-07-25T12:18:50.125+0000] {processor.py:186} INFO - Started process (PID=5821) to work on /opt/airflow/dags/hdb_pipeline.py
[2026-07-25T12:18:50.126+0000] {processor.py:914} INFO - Processing file /opt/airflow/dags/hdb_pipeline.py for tasks to queue
[2026-07-25T12:18:50.128+0000] {logging_mixin.py:190} INFO - [2026-07-25T12:18:50.128+0000] {dagbag.py:588} INFO - Filling up the DagBag from /opt/airflow/dags/hdb_pipeline.py
[2026-07-25T12:18:50.510+0000] {processor.py:925} INFO - DAG(s) 'hdb_resale_pipeline' retrieved from /opt/airflow/dags/hdb_pipeline.py
[2026-07-25T12:18:50.524+0000] {logging_mixin.py:190} INFO - [2026-07-25T12:18:50.523+0000] {dag.py:3239} INFO - Sync 1 DAGs
[2026-07-25T12:18:50.535+0000] {logging_mixin.py:190} INFO - [2026-07-25T12:18:50.535+0000] {dag.py:4180} INFO - Setting next_dagrun for hdb_resale_pipeline to 2026-07-25 00:00:00+00:00, run_after=2026-07-26 00:00:00+00:00
[2026-07-25T12:18:50.546+0000] {processor.py:208} INFO - Processing /opt/airflow/dags/hdb_pipeline.py took 0.428 seconds
[2026-07-25T12:19:20.710+0000] {processor.py:186} INFO - Started process (PID=5844) to work on /opt/airflow/dags/hdb_pipeline.py
[2026-07-25T12:19:20.711+0000] {processor.py:914} INFO - Processing file /opt/airflow/dags/hdb_pipeline.py for tasks to queue
[2026-07-25T12:19:20.713+0000] {logging_mixin.py:190} INFO - [2026-07-25T12:19:20.713+0000] {dagbag.py:588} INFO - Filling up the DagBag from /opt/airflow/dags/hdb_pipeline.py
[2026-07-25T12:19:21.129+0000] {processor.py:925} INFO - DAG(s) 'hdb_resale_pipeline' retrieved from /opt/airflow/dags/hdb_pipeline.py
[2026-07-25T12:19:21.144+0000] {logging_mixin.py:190} INFO - [2026-07-25T12:19:21.144+0000] {dag.py:3239} INFO - Sync 1 DAGs
[2026-07-25T12:19:21.156+0000] {logging_mixin.py:190} INFO - [2026-07-25T12:19:21.155+0000] {dag.py:4180} INFO - Setting next_dagrun for hdb_resale_pipeline to 2026-07-25 00:00:00+00:00, run_after=2026-07-26 00:00:00+00:00
[2026-07-25T12:19:21.167+0000] {processor.py:208} INFO - Processing /opt/airflow/dags/hdb_pipeline.py took 0.463 seconds
[2026-07-25T12:19:51.330+0000] {processor.py:186} INFO - Started process (PID=5867) to work on /opt/airflow/dags/hdb_pipeline.py
[2026-07-25T12:19:51.331+0000] {processor.py:914} INFO - Processing file /opt/airflow/dags/hdb_pipeline.py for tasks to queue
[2026-07-25T12:19:51.333+0000] {logging_mixin.py:190} INFO - [2026-07-25T12:19:51.333+0000] {dagbag.py:588} INFO - Filling up the DagBag from /opt/airflow/dags/hdb_pipeline.py
[2026-07-25T12:19:51.747+0000] {processor.py:925} INFO - DAG(s) 'hdb_resale_pipeline' retrieved from /opt/airflow/dags/hdb_pipeline.py
[2026-07-25T12:19:51.762+0000] {logging_mixin.py:190} INFO - [2026-07-25T12:19:51.761+0000] {dag.py:3239} INFO - Sync 1 DAGs
[2026-07-25T12:19:51.774+0000] {logging_mixin.py:190} INFO - [2026-07-25T12:19:51.774+0000] {dag.py:4180} INFO - Setting next_dagrun for hdb_resale_pipeline to 2026-07-25 00:00:00+00:00, run_after=2026-07-26 00:00:00+00:00
[2026-07-25T12:19:51.786+0000] {processor.py:208} INFO - Processing /opt/airflow/dags/hdb_pipeline.py took 0.460 seconds
[2026-07-25T12:20:21.949+0000] {processor.py:186} INFO - Started process (PID=5890) to work on /opt/airflow/dags/hdb_pipeline.py
[2026-07-25T12:20:21.950+0000] {processor.py:914} INFO - Processing file /opt/airflow/dags/hdb_pipeline.py for tasks to queue
[2026-07-25T12:20:21.952+0000] {logging_mixin.py:190} INFO - [2026-07-25T12:20:21.952+0000] {dagbag.py:588} INFO - Filling up the DagBag from /opt/airflow/dags/hdb_pipeline.py
[2026-07-25T12:20:22.356+0000] {processor.py:925} INFO - DAG(s) 'hdb_resale_pipeline' retrieved from /opt/airflow/dags/hdb_pipeline.py
[2026-07-25T12:20:22.370+0000] {logging_mixin.py:190} INFO - [2026-07-25T12:20:22.370+0000] {dag.py:3239} INFO - Sync 1 DAGs
[2026-07-25T12:20:22.382+0000] {logging_mixin.py:190} INFO - [2026-07-25T12:20:22.382+0000] {dag.py:4180} INFO - Setting next_dagrun for hdb_resale_pipeline to 2026-07-25 00:00:00+00:00, run_after=2026-07-26 00:00:00+00:00
[2026-07-25T12:20:22.393+0000] {processor.py:208} INFO - Processing /opt/airflow/dags/hdb_pipeline.py took 0.448 seconds
[2026-07-25T12:20:52.554+0000] {processor.py:186} INFO - Started process (PID=5913) to work on /opt/airflow/dags/hdb_pipeline.py
[2026-07-25T12:20:52.554+0000] {processor.py:914} INFO - Processing file /opt/airflow/dags/hdb_pipeline.py for tasks to queue
[2026-07-25T12:20:52.556+0000] {logging_mixin.py:190} INFO - [2026-07-25T12:20:52.556+0000] {dagbag.py:588} INFO - Filling up the DagBag from /opt/airflow/dags/hdb_pipeline.py
[2026-07-25T12:20:52.932+0000] {processor.py:925} INFO - DAG(s) 'hdb_resale_pipeline' retrieved from /opt/airflow/dags/hdb_pipeline.py
[2026-07-25T12:20:52.946+0000] {logging_mixin.py:190} INFO - [2026-07-25T12:20:52.945+0000] {dag.py:3239} INFO - Sync 1 DAGs
[2026-07-25T12:20:52.957+0000] {logging_mixin.py:190} INFO - [2026-07-25T12:20:52.957+0000] {dag.py:4180} INFO - Setting next_dagrun for hdb_resale_pipeline to 2026-07-25 00:00:00+00:00, run_after=2026-07-26 00:00:00+00:00
[2026-07-25T12:20:52.968+0000] {processor.py:208} INFO - Processing /opt/airflow/dags/hdb_pipeline.py took 0.418 seconds
[2026-07-25T12:21:23.137+0000] {processor.py:186} INFO - Started process (PID=5936) to work on /opt/airflow/dags/hdb_pipeline.py
[2026-07-25T12:21:23.138+0000] {processor.py:914} INFO - Processing file /opt/airflow/dags/hdb_pipeline.py for tasks to queue
[2026-07-25T12:21:23.141+0000] {logging_mixin.py:190} INFO - [2026-07-25T12:21:23.141+0000] {dagbag.py:588} INFO - Filling up the DagBag from /opt/airflow/dags/hdb_pipeline.py
[2026-07-25T12:21:23.615+0000] {processor.py:925} INFO - DAG(s) 'hdb_resale_pipeline' retrieved from /opt/airflow/dags/hdb_pipeline.py
[2026-07-25T12:21:23.633+0000] {logging_mixin.py:190} INFO - [2026-07-25T12:21:23.633+0000] {dag.py:3239} INFO - Sync 1 DAGs
[2026-07-25T12:21:23.648+0000] {logging_mixin.py:190} INFO - [2026-07-25T12:21:23.647+0000] {dag.py:4180} INFO - Setting next_dagrun for hdb_resale_pipeline to 2026-07-25 00:00:00+00:00, run_after=2026-07-26 00:00:00+00:00
[2026-07-25T12:21:23.664+0000] {processor.py:208} INFO - Processing /opt/airflow/dags/hdb_pipeline.py took 0.531 seconds
[2026-07-25T12:21:53.827+0000] {processor.py:186} INFO - Started process (PID=5959) to work on /opt/airflow/dags/hdb_pipeline.py
[2026-07-25T12:21:53.828+0000] {processor.py:914} INFO - Processing file /opt/airflow/dags/hdb_pipeline.py for tasks to queue
[2026-07-25T12:21:53.830+0000] {logging_mixin.py:190} INFO - [2026-07-25T12:21:53.829+0000] {dagbag.py:588} INFO - Filling up the DagBag from /opt/airflow/dags/hdb_pipeline.py
[2026-07-25T12:21:54.208+0000] {processor.py:925} INFO - DAG(s) 'hdb_resale_pipeline' retrieved from /opt/airflow/dags/hdb_pipeline.py
[2026-07-25T12:21:54.221+0000] {logging_mixin.py:190} INFO - [2026-07-25T12:21:54.221+0000] {dag.py:3239} INFO - Sync 1 DAGs
[2026-07-25T12:21:54.233+0000] {logging_mixin.py:190} INFO - [2026-07-25T12:21:54.233+0000] {dag.py:4180} INFO - Setting next_dagrun for hdb_resale_pipeline to 2026-07-25 00:00:00+00:00, run_after=2026-07-26 00:00:00+00:00
[2026-07-25T12:21:54.251+0000] {processor.py:208} INFO - Processing /opt/airflow/dags/hdb_pipeline.py took 0.427 seconds
[2026-07-25T12:22:24.458+0000] {processor.py:186} INFO - Started process (PID=5982) to work on /opt/airflow/dags/hdb_pipeline.py
[2026-07-25T12:22:24.459+0000] {processor.py:914} INFO - Processing file /opt/airflow/dags/hdb_pipeline.py for tasks to queue
[2026-07-25T12:22:24.461+0000] {logging_mixin.py:190} INFO - [2026-07-25T12:22:24.461+0000] {dagbag.py:588} INFO - Filling up the DagBag from /opt/airflow/dags/hdb_pipeline.py
[2026-07-25T12:22:24.914+0000] {processor.py:925} INFO - DAG(s) 'hdb_resale_pipeline' retrieved from /opt/airflow/dags/hdb_pipeline.py
[2026-07-25T12:22:24.929+0000] {logging_mixin.py:190} INFO - [2026-07-25T12:22:24.929+0000] {dag.py:3239} INFO - Sync 1 DAGs
[2026-07-25T12:22:24.943+0000] {logging_mixin.py:190} INFO - [2026-07-25T12:22:24.943+0000] {dag.py:4180} INFO - Setting next_dagrun for hdb_resale_pipeline to 2026-07-25 00:00:00+00:00, run_after=2026-07-26 00:00:00+00:00
[2026-07-25T12:22:24.955+0000] {processor.py:208} INFO - Processing /opt/airflow/dags/hdb_pipeline.py took 0.502 seconds
[2026-07-25T12:22:55.128+0000] {processor.py:186} INFO - Started process (PID=6005) to work on /opt/airflow/dags/hdb_pipeline.py
[2026-07-25T12:22:55.129+0000] {processor.py:914} INFO - Processing file /opt/airflow/dags/hdb_pipeline.py for tasks to queue
[2026-07-25T12:22:55.131+0000] {logging_mixin.py:190} INFO - [2026-07-25T12:22:55.131+0000] {dagbag.py:588} INFO - Filling up the DagBag from /opt/airflow/dags/hdb_pipeline.py
[2026-07-25T12:22:55.584+0000] {processor.py:925} INFO - DAG(s) 'hdb_resale_pipeline' retrieved from /opt/airflow/dags/hdb_pipeline.py
[2026-07-25T12:22:55.599+0000] {logging_mixin.py:190} INFO - [2026-07-25T12:22:55.598+0000] {dag.py:3239} INFO - Sync 1 DAGs
[2026-07-25T12:22:55.612+0000] {logging_mixin.py:190} INFO - [2026-07-25T12:22:55.612+0000] {dag.py:4180} INFO - Setting next_dagrun for hdb_resale_pipeline to 2026-07-25 00:00:00+00:00, run_after=2026-07-26 00:00:00+00:00
[2026-07-25T12:22:55.624+0000] {processor.py:208} INFO - Processing /opt/airflow/dags/hdb_pipeline.py took 0.499 seconds
[2026-07-25T12:23:25.794+0000] {processor.py:186} INFO - Started process (PID=6028) to work on /opt/airflow/dags/hdb_pipeline.py
[2026-07-25T12:23:25.795+0000] {processor.py:914} INFO - Processing file /opt/airflow/dags/hdb_pipeline.py for tasks to queue
[2026-07-25T12:23:25.797+0000] {logging_mixin.py:190} INFO - [2026-07-25T12:23:25.797+0000] {dagbag.py:588} INFO - Filling up the DagBag from /opt/airflow/dags/hdb_pipeline.py
[2026-07-25T12:23:26.217+0000] {processor.py:925} INFO - DAG(s) 'hdb_resale_pipeline' retrieved from /opt/airflow/dags/hdb_pipeline.py
[2026-07-25T12:23:26.232+0000] {logging_mixin.py:190} INFO - [2026-07-25T12:23:26.232+0000] {dag.py:3239} INFO - Sync 1 DAGs
[2026-07-25T12:23:26.244+0000] {logging_mixin.py:190} INFO - [2026-07-25T12:23:26.244+0000] {dag.py:4180} INFO - Setting next_dagrun for hdb_resale_pipeline to 2026-07-25 00:00:00+00:00, run_after=2026-07-26 00:00:00+00:00
[2026-07-25T12:23:26.258+0000] {processor.py:208} INFO - Processing /opt/airflow/dags/hdb_pipeline.py took 0.467 seconds
[2026-07-25T12:23:56.418+0000] {processor.py:186} INFO - Started process (PID=6051) to work on /opt/airflow/dags/hdb_pipeline.py
[2026-07-25T12:23:56.419+0000] {processor.py:914} INFO - Processing file /opt/airflow/dags/hdb_pipeline.py for tasks to queue
[2026-07-25T12:23:56.421+0000] {logging_mixin.py:190} INFO - [2026-07-25T12:23:56.421+0000] {dagbag.py:588} INFO - Filling up the DagBag from /opt/airflow/dags/hdb_pipeline.py
[2026-07-25T12:23:56.837+0000] {processor.py:925} INFO - DAG(s) 'hdb_resale_pipeline' retrieved from /opt/airflow/dags/hdb_pipeline.py
[2026-07-25T12:23:56.852+0000] {logging_mixin.py:190} INFO - [2026-07-25T12:23:56.851+0000] {dag.py:3239} INFO - Sync 1 DAGs
[2026-07-25T12:23:56.865+0000] {logging_mixin.py:190} INFO - [2026-07-25T12:23:56.865+0000] {dag.py:4180} INFO - Setting next_dagrun for hdb_resale_pipeline to 2026-07-25 00:00:00+00:00, run_after=2026-07-26 00:00:00+00:00
[2026-07-25T12:23:56.876+0000] {processor.py:208} INFO - Processing /opt/airflow/dags/hdb_pipeline.py took 0.462 seconds
[2026-07-25T12:24:27.045+0000] {processor.py:186} INFO - Started process (PID=6074) to work on /opt/airflow/dags/hdb_pipeline.py
[2026-07-25T12:24:27.046+0000] {processor.py:914} INFO - Processing file /opt/airflow/dags/hdb_pipeline.py for tasks to queue
[2026-07-25T12:24:27.048+0000] {logging_mixin.py:190} INFO - [2026-07-25T12:24:27.048+0000] {dagbag.py:588} INFO - Filling up the DagBag from /opt/airflow/dags/hdb_pipeline.py
[2026-07-25T12:24:27.525+0000] {processor.py:925} INFO - DAG(s) 'hdb_resale_pipeline' retrieved from /opt/airflow/dags/hdb_pipeline.py
[2026-07-25T12:24:27.541+0000] {logging_mixin.py:190} INFO - [2026-07-25T12:24:27.541+0000] {dag.py:3239} INFO - Sync 1 DAGs
[2026-07-25T12:24:27.557+0000] {logging_mixin.py:190} INFO - [2026-07-25T12:24:27.557+0000] {dag.py:4180} INFO - Setting next_dagrun for hdb_resale_pipeline to 2026-07-25 00:00:00+00:00, run_after=2026-07-26 00:00:00+00:00
[2026-07-25T12:24:27.569+0000] {processor.py:208} INFO - Processing /opt/airflow/dags/hdb_pipeline.py took 0.528 seconds
[2026-07-25T12:24:57.713+0000] {processor.py:186} INFO - Started process (PID=6097) to work on /opt/airflow/dags/hdb_pipeline.py
[2026-07-25T12:24:57.713+0000] {processor.py:914} INFO - Processing file /opt/airflow/dags/hdb_pipeline.py for tasks to queue
[2026-07-25T12:24:57.715+0000] {logging_mixin.py:190} INFO - [2026-07-25T12:24:57.715+0000] {dagbag.py:588} INFO - Filling up the DagBag from /opt/airflow/dags/hdb_pipeline.py
[2026-07-25T12:24:58.182+0000] {processor.py:925} INFO - DAG(s) 'hdb_resale_pipeline' retrieved from /opt/airflow/dags/hdb_pipeline.py
[2026-07-25T12:24:58.198+0000] {logging_mixin.py:190} INFO - [2026-07-25T12:24:58.197+0000] {dag.py:3239} INFO - Sync 1 DAGs
[2026-07-25T12:24:58.211+0000] {logging_mixin.py:190} INFO - [2026-07-25T12:24:58.211+0000] {dag.py:4180} INFO - Setting next_dagrun for hdb_resale_pipeline to 2026-07-25 00:00:00+00:00, run_after=2026-07-26 00:00:00+00:00
[2026-07-25T12:24:58.231+0000] {processor.py:208} INFO - Processing /opt/airflow/dags/hdb_pipeline.py took 0.522 seconds
[2026-07-25T12:25:28.410+0000] {processor.py:186} INFO - Started process (PID=6120) to work on /opt/airflow/dags/hdb_pipeline.py
[2026-07-25T12:25:28.411+0000] {processor.py:914} INFO - Processing file /opt/airflow/dags/hdb_pipeline.py for tasks to queue
[2026-07-25T12:25:28.415+0000] {logging_mixin.py:190} INFO - [2026-07-25T12:25:28.414+0000] {dagbag.py:588} INFO - Filling up the DagBag from /opt/airflow/dags/hdb_pipeline.py
[2026-07-25T12:25:28.953+0000] {processor.py:925} INFO - DAG(s) 'hdb_resale_pipeline' retrieved from /opt/airflow/dags/hdb_pipeline.py
[2026-07-25T12:25:28.970+0000] {logging_mixin.py:190} INFO - [2026-07-25T12:25:28.969+0000] {dag.py:3239} INFO - Sync 1 DAGs
[2026-07-25T12:25:28.983+0000] {logging_mixin.py:190} INFO - [2026-07-25T12:25:28.983+0000] {dag.py:4180} INFO - Setting next_dagrun for hdb_resale_pipeline to 2026-07-25 00:00:00+00:00, run_after=2026-07-26 00:00:00+00:00
[2026-07-25T12:25:28.996+0000] {processor.py:208} INFO - Processing /opt/airflow/dags/hdb_pipeline.py took 0.592 seconds
[2026-07-25T12:25:59.144+0000] {processor.py:186} INFO - Started process (PID=6143) to work on /opt/airflow/dags/hdb_pipeline.py
[2026-07-25T12:25:59.145+0000] {processor.py:914} INFO - Processing file /opt/airflow/dags/hdb_pipeline.py for tasks to queue
[2026-07-25T12:25:59.147+0000] {logging_mixin.py:190} INFO - [2026-07-25T12:25:59.147+0000] {dagbag.py:588} INFO - Filling up the DagBag from /opt/airflow/dags/hdb_pipeline.py
[2026-07-25T12:25:59.577+0000] {processor.py:925} INFO - DAG(s) 'hdb_resale_pipeline' retrieved from /opt/airflow/dags/hdb_pipeline.py
[2026-07-25T12:25:59.593+0000] {logging_mixin.py:190} INFO - [2026-07-25T12:25:59.592+0000] {dag.py:3239} INFO - Sync 1 DAGs
[2026-07-25T12:25:59.607+0000] {logging_mixin.py:190} INFO - [2026-07-25T12:25:59.607+0000] {dag.py:4180} INFO - Setting next_dagrun for hdb_resale_pipeline to 2026-07-25 00:00:00+00:00, run_after=2026-07-26 00:00:00+00:00
[2026-07-25T12:25:59.619+0000] {processor.py:208} INFO - Processing /opt/airflow/dags/hdb_pipeline.py took 0.479 seconds
[2026-07-25T12:26:29.788+0000] {processor.py:186} INFO - Started process (PID=6166) to work on /opt/airflow/dags/hdb_pipeline.py
[2026-07-25T12:26:29.789+0000] {processor.py:914} INFO - Processing file /opt/airflow/dags/hdb_pipeline.py for tasks to queue
[2026-07-25T12:26:29.792+0000] {logging_mixin.py:190} INFO - [2026-07-25T12:26:29.792+0000] {dagbag.py:588} INFO - Filling up the DagBag from /opt/airflow/dags/hdb_pipeline.py
[2026-07-25T12:26:30.241+0000] {processor.py:925} INFO - DAG(s) 'hdb_resale_pipeline' retrieved from /opt/airflow/dags/hdb_pipeline.py
[2026-07-25T12:26:30.257+0000] {logging_mixin.py:190} INFO - [2026-07-25T12:26:30.257+0000] {dag.py:3239} INFO - Sync 1 DAGs
[2026-07-25T12:26:30.270+0000] {logging_mixin.py:190} INFO - [2026-07-25T12:26:30.270+0000] {dag.py:4180} INFO - Setting next_dagrun for hdb_resale_pipeline to 2026-07-25 00:00:00+00:00, run_after=2026-07-26 00:00:00+00:00
[2026-07-25T12:26:30.283+0000] {processor.py:208} INFO - Processing /opt/airflow/dags/hdb_pipeline.py took 0.500 seconds
[2026-07-25T12:27:00.428+0000] {processor.py:186} INFO - Started process (PID=6189) to work on /opt/airflow/dags/hdb_pipeline.py
[2026-07-25T12:27:00.429+0000] {processor.py:914} INFO - Processing file /opt/airflow/dags/hdb_pipeline.py for tasks to queue
[2026-07-25T12:27:00.431+0000] {logging_mixin.py:190} INFO - [2026-07-25T12:27:00.431+0000] {dagbag.py:588} INFO - Filling up the DagBag from /opt/airflow/dags/hdb_pipeline.py
[2026-07-25T12:27:00.855+0000] {processor.py:925} INFO - DAG(s) 'hdb_resale_pipeline' retrieved from /opt/airflow/dags/hdb_pipeline.py
[2026-07-25T12:27:00.870+0000] {logging_mixin.py:190} INFO - [2026-07-25T12:27:00.870+0000] {dag.py:3239} INFO - Sync 1 DAGs
[2026-07-25T12:27:00.882+0000] {logging_mixin.py:190} INFO - [2026-07-25T12:27:00.882+0000] {dag.py:4180} INFO - Setting next_dagrun for hdb_resale_pipeline to 2026-07-25 00:00:00+00:00, run_after=2026-07-26 00:00:00+00:00
[2026-07-25T12:27:00.901+0000] {processor.py:208} INFO - Processing /opt/airflow/dags/hdb_pipeline.py took 0.476 seconds
[2026-07-25T12:27:31.065+0000] {processor.py:186} INFO - Started process (PID=6212) to work on /opt/airflow/dags/hdb_pipeline.py
[2026-07-25T12:27:31.066+0000] {processor.py:914} INFO - Processing file /opt/airflow/dags/hdb_pipeline.py for tasks to queue
[2026-07-25T12:27:31.068+0000] {logging_mixin.py:190} INFO - [2026-07-25T12:27:31.068+0000] {dagbag.py:588} INFO - Filling up the DagBag from /opt/airflow/dags/hdb_pipeline.py
[2026-07-25T12:27:31.438+0000] {processor.py:925} INFO - DAG(s) 'hdb_resale_pipeline' retrieved from /opt/airflow/dags/hdb_pipeline.py
[2026-07-25T12:27:31.452+0000] {logging_mixin.py:190} INFO - [2026-07-25T12:27:31.452+0000] {dag.py:3239} INFO - Sync 1 DAGs
[2026-07-25T12:27:31.464+0000] {logging_mixin.py:190} INFO - [2026-07-25T12:27:31.464+0000] {dag.py:4180} INFO - Setting next_dagrun for hdb_resale_pipeline to 2026-07-25 00:00:00+00:00, run_after=2026-07-26 00:00:00+00:00
[2026-07-25T12:27:31.475+0000] {processor.py:208} INFO - Processing /opt/airflow/dags/hdb_pipeline.py took 0.414 seconds
[2026-07-25T12:28:01.637+0000] {processor.py:186} INFO - Started process (PID=6235) to work on /opt/airflow/dags/hdb_pipeline.py
[2026-07-25T12:28:01.638+0000] {processor.py:914} INFO - Processing file /opt/airflow/dags/hdb_pipeline.py for tasks to queue
[2026-07-25T12:28:01.640+0000] {logging_mixin.py:190} INFO - [2026-07-25T12:28:01.640+0000] {dagbag.py:588} INFO - Filling up the DagBag from /opt/airflow/dags/hdb_pipeline.py
[2026-07-25T12:28:02.030+0000] {processor.py:925} INFO - DAG(s) 'hdb_resale_pipeline' retrieved from /opt/airflow/dags/hdb_pipeline.py
[2026-07-25T12:28:02.044+0000] {logging_mixin.py:190} INFO - [2026-07-25T12:28:02.044+0000] {dag.py:3239} INFO - Sync 1 DAGs
[2026-07-25T12:28:02.056+0000] {logging_mixin.py:190} INFO - [2026-07-25T12:28:02.056+0000] {dag.py:4180} INFO - Setting next_dagrun for hdb_resale_pipeline to 2026-07-25 00:00:00+00:00, run_after=2026-07-26 00:00:00+00:00
[2026-07-25T12:28:02.068+0000] {processor.py:208} INFO - Processing /opt/airflow/dags/hdb_pipeline.py took 0.435 seconds
[2026-07-25T12:28:32.229+0000] {processor.py:186} INFO - Started process (PID=6258) to work on /opt/airflow/dags/hdb_pipeline.py
[2026-07-25T12:28:32.230+0000] {processor.py:914} INFO - Processing file /opt/airflow/dags/hdb_pipeline.py for tasks to queue
[2026-07-25T12:28:32.232+0000] {logging_mixin.py:190} INFO - [2026-07-25T12:28:32.232+0000] {dagbag.py:588} INFO - Filling up the DagBag from /opt/airflow/dags/hdb_pipeline.py
[2026-07-25T12:28:32.622+0000] {processor.py:925} INFO - DAG(s) 'hdb_resale_pipeline' retrieved from /opt/airflow/dags/hdb_pipeline.py
[2026-07-25T12:28:32.637+0000] {logging_mixin.py:190} INFO - [2026-07-25T12:28:32.636+0000] {dag.py:3239} INFO - Sync 1 DAGs
[2026-07-25T12:28:32.649+0000] {logging_mixin.py:190} INFO - [2026-07-25T12:28:32.649+0000] {dag.py:4180} INFO - Setting next_dagrun for hdb_resale_pipeline to 2026-07-25 00:00:00+00:00, run_after=2026-07-26 00:00:00+00:00
[2026-07-25T12:28:32.659+0000] {processor.py:208} INFO - Processing /opt/airflow/dags/hdb_pipeline.py took 0.434 seconds
[2026-07-25T12:29:02.821+0000] {processor.py:186} INFO - Started process (PID=6281) to work on /opt/airflow/dags/hdb_pipeline.py
[2026-07-25T12:29:02.822+0000] {processor.py:914} INFO - Processing file /opt/airflow/dags/hdb_pipeline.py for tasks to queue
[2026-07-25T12:29:02.824+0000] {logging_mixin.py:190} INFO - [2026-07-25T12:29:02.824+0000] {dagbag.py:588} INFO - Filling up the DagBag from /opt/airflow/dags/hdb_pipeline.py
[2026-07-25T12:29:03.209+0000] {processor.py:925} INFO - DAG(s) 'hdb_resale_pipeline' retrieved from /opt/airflow/dags/hdb_pipeline.py
[2026-07-25T12:29:03.223+0000] {logging_mixin.py:190} INFO - [2026-07-25T12:29:03.222+0000] {dag.py:3239} INFO - Sync 1 DAGs
[2026-07-25T12:29:03.234+0000] {logging_mixin.py:190} INFO - [2026-07-25T12:29:03.234+0000] {dag.py:4180} INFO - Setting next_dagrun for hdb_resale_pipeline to 2026-07-25 00:00:00+00:00, run_after=2026-07-26 00:00:00+00:00
[2026-07-25T12:29:03.245+0000] {processor.py:208} INFO - Processing /opt/airflow/dags/hdb_pipeline.py took 0.428 seconds
[2026-07-25T12:29:33.401+0000] {processor.py:186} INFO - Started process (PID=6304) to work on /opt/airflow/dags/hdb_pipeline.py
[2026-07-25T12:29:33.402+0000] {processor.py:914} INFO - Processing file /opt/airflow/dags/hdb_pipeline.py for tasks to queue
[2026-07-25T12:29:33.403+0000] {logging_mixin.py:190} INFO - [2026-07-25T12:29:33.403+0000] {dagbag.py:588} INFO - Filling up the DagBag from /opt/airflow/dags/hdb_pipeline.py
[2026-07-25T12:29:33.773+0000] {processor.py:925} INFO - DAG(s) 'hdb_resale_pipeline' retrieved from /opt/airflow/dags/hdb_pipeline.py
[2026-07-25T12:29:33.786+0000] {logging_mixin.py:190} INFO - [2026-07-25T12:29:33.786+0000] {dag.py:3239} INFO - Sync 1 DAGs
[2026-07-25T12:29:33.799+0000] {logging_mixin.py:190} INFO - [2026-07-25T12:29:33.799+0000] {dag.py:4180} INFO - Setting next_dagrun for hdb_resale_pipeline to 2026-07-25 00:00:00+00:00, run_after=2026-07-26 00:00:00+00:00
[2026-07-25T12:29:33.811+0000] {processor.py:208} INFO - Processing /opt/airflow/dags/hdb_pipeline.py took 0.414 seconds
[2026-07-25T12:30:03.966+0000] {processor.py:186} INFO - Started process (PID=6327) to work on /opt/airflow/dags/hdb_pipeline.py
[2026-07-25T12:30:03.967+0000] {processor.py:914} INFO - Processing file /opt/airflow/dags/hdb_pipeline.py for tasks to queue
[2026-07-25T12:30:03.968+0000] {logging_mixin.py:190} INFO - [2026-07-25T12:30:03.968+0000] {dagbag.py:588} INFO - Filling up the DagBag from /opt/airflow/dags/hdb_pipeline.py
[2026-07-25T12:30:04.345+0000] {processor.py:925} INFO - DAG(s) 'hdb_resale_pipeline' retrieved from /opt/airflow/dags/hdb_pipeline.py
[2026-07-25T12:30:04.360+0000] {logging_mixin.py:190} INFO - [2026-07-25T12:30:04.359+0000] {dag.py:3239} INFO - Sync 1 DAGs
[2026-07-25T12:30:04.372+0000] {logging_mixin.py:190} INFO - [2026-07-25T12:30:04.372+0000] {dag.py:4180} INFO - Setting next_dagrun for hdb_resale_pipeline to 2026-07-25 00:00:00+00:00, run_after=2026-07-26 00:00:00+00:00
[2026-07-25T12:30:04.384+0000] {processor.py:208} INFO - Processing /opt/airflow/dags/hdb_pipeline.py took 0.421 seconds
[2026-07-25T12:30:34.547+0000] {processor.py:186} INFO - Started process (PID=6350) to work on /opt/airflow/dags/hdb_pipeline.py
[2026-07-25T12:30:34.548+0000] {processor.py:914} INFO - Processing file /opt/airflow/dags/hdb_pipeline.py for tasks to queue
[2026-07-25T12:30:34.551+0000] {logging_mixin.py:190} INFO - [2026-07-25T12:30:34.550+0000] {dagbag.py:588} INFO - Filling up the DagBag from /opt/airflow/dags/hdb_pipeline.py
[2026-07-25T12:30:34.975+0000] {processor.py:925} INFO - DAG(s) 'hdb_resale_pipeline' retrieved from /opt/airflow/dags/hdb_pipeline.py
[2026-07-25T12:30:34.991+0000] {logging_mixin.py:190} INFO - [2026-07-25T12:30:34.990+0000] {dag.py:3239} INFO - Sync 1 DAGs
[2026-07-25T12:30:35.005+0000] {logging_mixin.py:190} INFO - [2026-07-25T12:30:35.004+0000] {dag.py:4180} INFO - Setting next_dagrun for hdb_resale_pipeline to 2026-07-25 00:00:00+00:00, run_after=2026-07-26 00:00:00+00:00
[2026-07-25T12:30:35.018+0000] {processor.py:208} INFO - Processing /opt/airflow/dags/hdb_pipeline.py took 0.474 seconds
[2026-07-25T12:31:05.190+0000] {processor.py:186} INFO - Started process (PID=6373) to work on /opt/airflow/dags/hdb_pipeline.py
[2026-07-25T12:31:05.191+0000] {processor.py:914} INFO - Processing file /opt/airflow/dags/hdb_pipeline.py for tasks to queue
[2026-07-25T12:31:05.193+0000] {logging_mixin.py:190} INFO - [2026-07-25T12:31:05.193+0000] {dagbag.py:588} INFO - Filling up the DagBag from /opt/airflow/dags/hdb_pipeline.py
[2026-07-25T12:31:05.579+0000] {processor.py:925} INFO - DAG(s) 'hdb_resale_pipeline' retrieved from /opt/airflow/dags/hdb_pipeline.py
[2026-07-25T12:31:05.593+0000] {logging_mixin.py:190} INFO - [2026-07-25T12:31:05.593+0000] {dag.py:3239} INFO - Sync 1 DAGs
[2026-07-25T12:31:05.605+0000] {logging_mixin.py:190} INFO - [2026-07-25T12:31:05.605+0000] {dag.py:4180} INFO - Setting next_dagrun for hdb_resale_pipeline to 2026-07-25 00:00:00+00:00, run_after=2026-07-26 00:00:00+00:00
[2026-07-25T12:31:05.616+0000] {processor.py:208} INFO - Processing /opt/airflow/dags/hdb_pipeline.py took 0.430 seconds
[2026-07-25T12:31:35.780+0000] {processor.py:186} INFO - Started process (PID=6396) to work on /opt/airflow/dags/hdb_pipeline.py
[2026-07-25T12:31:35.781+0000] {processor.py:914} INFO - Processing file /opt/airflow/dags/hdb_pipeline.py for tasks to queue
[2026-07-25T12:31:35.783+0000] {logging_mixin.py:190} INFO - [2026-07-25T12:31:35.783+0000] {dagbag.py:588} INFO - Filling up the DagBag from /opt/airflow/dags/hdb_pipeline.py
[2026-07-25T12:31:36.165+0000] {processor.py:925} INFO - DAG(s) 'hdb_resale_pipeline' retrieved from /opt/airflow/dags/hdb_pipeline.py
[2026-07-25T12:31:36.180+0000] {logging_mixin.py:190} INFO - [2026-07-25T12:31:36.179+0000] {dag.py:3239} INFO - Sync 1 DAGs
[2026-07-25T12:31:36.192+0000] {logging_mixin.py:190} INFO - [2026-07-25T12:31:36.192+0000] {dag.py:4180} INFO - Setting next_dagrun for hdb_resale_pipeline to 2026-07-25 00:00:00+00:00, run_after=2026-07-26 00:00:00+00:00
[2026-07-25T12:31:36.204+0000] {processor.py:208} INFO - Processing /opt/airflow/dags/hdb_pipeline.py took 0.427 seconds
[2026-07-25T12:32:06.368+0000] {processor.py:186} INFO - Started process (PID=6419) to work on /opt/airflow/dags/hdb_pipeline.py
[2026-07-25T12:32:06.369+0000] {processor.py:914} INFO - Processing file /opt/airflow/dags/hdb_pipeline.py for tasks to queue
[2026-07-25T12:32:06.371+0000] {logging_mixin.py:190} INFO - [2026-07-25T12:32:06.371+0000] {dagbag.py:588} INFO - Filling up the DagBag from /opt/airflow/dags/hdb_pipeline.py
[2026-07-25T12:32:06.779+0000] {processor.py:925} INFO - DAG(s) 'hdb_resale_pipeline' retrieved from /opt/airflow/dags/hdb_pipeline.py
[2026-07-25T12:32:06.794+0000] {logging_mixin.py:190} INFO - [2026-07-25T12:32:06.793+0000] {dag.py:3239} INFO - Sync 1 DAGs
[2026-07-25T12:32:06.807+0000] {logging_mixin.py:190} INFO - [2026-07-25T12:32:06.807+0000] {dag.py:4180} INFO - Setting next_dagrun for hdb_resale_pipeline to 2026-07-25 00:00:00+00:00, run_after=2026-07-26 00:00:00+00:00
[2026-07-25T12:32:06.818+0000] {processor.py:208} INFO - Processing /opt/airflow/dags/hdb_pipeline.py took 0.453 seconds
[2026-07-25T12:32:36.985+0000] {processor.py:186} INFO - Started process (PID=6443) to work on /opt/airflow/dags/hdb_pipeline.py
[2026-07-25T12:32:36.986+0000] {processor.py:914} INFO - Processing file /opt/airflow/dags/hdb_pipeline.py for tasks to queue
[2026-07-25T12:32:36.988+0000] {logging_mixin.py:190} INFO - [2026-07-25T12:32:36.988+0000] {dagbag.py:588} INFO - Filling up the DagBag from /opt/airflow/dags/hdb_pipeline.py
[2026-07-25T12:32:37.387+0000] {processor.py:925} INFO - DAG(s) 'hdb_resale_pipeline' retrieved from /opt/airflow/dags/hdb_pipeline.py
[2026-07-25T12:32:37.401+0000] {logging_mixin.py:190} INFO - [2026-07-25T12:32:37.401+0000] {dag.py:3239} INFO - Sync 1 DAGs
[2026-07-25T12:32:37.414+0000] {logging_mixin.py:190} INFO - [2026-07-25T12:32:37.414+0000] {dag.py:4180} INFO - Setting next_dagrun for hdb_resale_pipeline to 2026-07-25 00:00:00+00:00, run_after=2026-07-26 00:00:00+00:00
[2026-07-25T12:32:37.424+0000] {processor.py:208} INFO - Processing /opt/airflow/dags/hdb_pipeline.py took 0.444 seconds
[2026-07-25T12:33:07.602+0000] {processor.py:186} INFO - Started process (PID=6466) to work on /opt/airflow/dags/hdb_pipeline.py
[2026-07-25T12:33:07.603+0000] {processor.py:914} INFO - Processing file /opt/airflow/dags/hdb_pipeline.py for tasks to queue
[2026-07-25T12:33:07.605+0000] {logging_mixin.py:190} INFO - [2026-07-25T12:33:07.605+0000] {dagbag.py:588} INFO - Filling up the DagBag from /opt/airflow/dags/hdb_pipeline.py
[2026-07-25T12:33:08.062+0000] {processor.py:925} INFO - DAG(s) 'hdb_resale_pipeline' retrieved from /opt/airflow/dags/hdb_pipeline.py
[2026-07-25T12:33:08.078+0000] {logging_mixin.py:190} INFO - [2026-07-25T12:33:08.078+0000] {dag.py:3239} INFO - Sync 1 DAGs
[2026-07-25T12:33:08.092+0000] {logging_mixin.py:190} INFO - [2026-07-25T12:33:08.092+0000] {dag.py:4180} INFO - Setting next_dagrun for hdb_resale_pipeline to 2026-07-25 00:00:00+00:00, run_after=2026-07-26 00:00:00+00:00
[2026-07-25T12:33:08.104+0000] {processor.py:208} INFO - Processing /opt/airflow/dags/hdb_pipeline.py took 0.506 seconds
[2026-07-25T12:33:38.277+0000] {processor.py:186} INFO - Started process (PID=6489) to work on /opt/airflow/dags/hdb_pipeline.py
[2026-07-25T12:33:38.278+0000] {processor.py:914} INFO - Processing file /opt/airflow/dags/hdb_pipeline.py for tasks to queue
[2026-07-25T12:33:38.281+0000] {logging_mixin.py:190} INFO - [2026-07-25T12:33:38.281+0000] {dagbag.py:588} INFO - Filling up the DagBag from /opt/airflow/dags/hdb_pipeline.py
[2026-07-25T12:33:38.748+0000] {processor.py:925} INFO - DAG(s) 'hdb_resale_pipeline' retrieved from /opt/airflow/dags/hdb_pipeline.py
[2026-07-25T12:33:38.762+0000] {logging_mixin.py:190} INFO - [2026-07-25T12:33:38.762+0000] {dag.py:3239} INFO - Sync 1 DAGs
[2026-07-25T12:33:38.774+0000] {logging_mixin.py:190} INFO - [2026-07-25T12:33:38.774+0000] {dag.py:4180} INFO - Setting next_dagrun for hdb_resale_pipeline to 2026-07-25 00:00:00+00:00, run_after=2026-07-26 00:00:00+00:00
[2026-07-25T12:33:38.785+0000] {processor.py:208} INFO - Processing /opt/airflow/dags/hdb_pipeline.py took 0.514 seconds
[2026-07-25T12:34:08.944+0000] {processor.py:186} INFO - Started process (PID=6512) to work on /opt/airflow/dags/hdb_pipeline.py
[2026-07-25T12:34:08.945+0000] {processor.py:914} INFO - Processing file /opt/airflow/dags/hdb_pipeline.py for tasks to queue
[2026-07-25T12:34:08.947+0000] {logging_mixin.py:190} INFO - [2026-07-25T12:34:08.947+0000] {dagbag.py:588} INFO - Filling up the DagBag from /opt/airflow/dags/hdb_pipeline.py
[2026-07-25T12:34:09.349+0000] {processor.py:925} INFO - DAG(s) 'hdb_resale_pipeline' retrieved from /opt/airflow/dags/hdb_pipeline.py
[2026-07-25T12:34:09.364+0000] {logging_mixin.py:190} INFO - [2026-07-25T12:34:09.364+0000] {dag.py:3239} INFO - Sync 1 DAGs
[2026-07-25T12:34:09.377+0000] {logging_mixin.py:190} INFO - [2026-07-25T12:34:09.376+0000] {dag.py:4180} INFO - Setting next_dagrun for hdb_resale_pipeline to 2026-07-25 00:00:00+00:00, run_after=2026-07-26 00:00:00+00:00
[2026-07-25T12:34:09.389+0000] {processor.py:208} INFO - Processing /opt/airflow/dags/hdb_pipeline.py took 0.448 seconds
[2026-07-25T12:34:39.684+0000] {processor.py:186} INFO - Started process (PID=6535) to work on /opt/airflow/dags/hdb_pipeline.py
[2026-07-25T12:34:39.685+0000] {processor.py:914} INFO - Processing file /opt/airflow/dags/hdb_pipeline.py for tasks to queue
[2026-07-25T12:34:39.687+0000] {logging_mixin.py:190} INFO - [2026-07-25T12:34:39.687+0000] {dagbag.py:588} INFO - Filling up the DagBag from /opt/airflow/dags/hdb_pipeline.py
[2026-07-25T12:34:40.103+0000] {processor.py:925} INFO - DAG(s) 'hdb_resale_pipeline' retrieved from /opt/airflow/dags/hdb_pipeline.py
[2026-07-25T12:34:40.117+0000] {logging_mixin.py:190} INFO - [2026-07-25T12:34:40.117+0000] {dag.py:3239} INFO - Sync 1 DAGs
[2026-07-25T12:34:40.130+0000] {logging_mixin.py:190} INFO - [2026-07-25T12:34:40.130+0000] {dag.py:4180} INFO - Setting next_dagrun for hdb_resale_pipeline to 2026-07-25 00:00:00+00:00, run_after=2026-07-26 00:00:00+00:00
[2026-07-25T12:34:40.142+0000] {processor.py:208} INFO - Processing /opt/airflow/dags/hdb_pipeline.py took 0.463 seconds
[2026-07-25T12:35:10.305+0000] {processor.py:186} INFO - Started process (PID=6558) to work on /opt/airflow/dags/hdb_pipeline.py
[2026-07-25T12:35:10.306+0000] {processor.py:914} INFO - Processing file /opt/airflow/dags/hdb_pipeline.py for tasks to queue
[2026-07-25T12:35:10.308+0000] {logging_mixin.py:190} INFO - [2026-07-25T12:35:10.308+0000] {dagbag.py:588} INFO - Filling up the DagBag from /opt/airflow/dags/hdb_pipeline.py
[2026-07-25T12:35:10.743+0000] {processor.py:925} INFO - DAG(s) 'hdb_resale_pipeline' retrieved from /opt/airflow/dags/hdb_pipeline.py
[2026-07-25T12:35:10.758+0000] {logging_mixin.py:190} INFO - [2026-07-25T12:35:10.757+0000] {dag.py:3239} INFO - Sync 1 DAGs
[2026-07-25T12:35:10.770+0000] {logging_mixin.py:190} INFO - [2026-07-25T12:35:10.770+0000] {dag.py:4180} INFO - Setting next_dagrun for hdb_resale_pipeline to 2026-07-25 00:00:00+00:00, run_after=2026-07-26 00:00:00+00:00
[2026-07-25T12:35:10.781+0000] {processor.py:208} INFO - Processing /opt/airflow/dags/hdb_pipeline.py took 0.480 seconds
[2026-07-25T12:35:40.951+0000] {processor.py:186} INFO - Started process (PID=6581) to work on /opt/airflow/dags/hdb_pipeline.py
[2026-07-25T12:35:40.951+0000] {processor.py:914} INFO - Processing file /opt/airflow/dags/hdb_pipeline.py for tasks to queue
[2026-07-25T12:35:40.953+0000] {logging_mixin.py:190} INFO - [2026-07-25T12:35:40.953+0000] {dagbag.py:588} INFO - Filling up the DagBag from /opt/airflow/dags/hdb_pipeline.py
[2026-07-25T12:35:41.355+0000] {processor.py:925} INFO - DAG(s) 'hdb_resale_pipeline' retrieved from /opt/airflow/dags/hdb_pipeline.py
[2026-07-25T12:35:41.370+0000] {logging_mixin.py:190} INFO - [2026-07-25T12:35:41.369+0000] {dag.py:3239} INFO - Sync 1 DAGs
[2026-07-25T12:35:41.382+0000] {logging_mixin.py:190} INFO - [2026-07-25T12:35:41.381+0000] {dag.py:4180} INFO - Setting next_dagrun for hdb_resale_pipeline to 2026-07-25 00:00:00+00:00, run_after=2026-07-26 00:00:00+00:00
[2026-07-25T12:35:41.393+0000] {processor.py:208} INFO - Processing /opt/airflow/dags/hdb_pipeline.py took 0.446 seconds
[2026-07-25T12:36:11.557+0000] {processor.py:186} INFO - Started process (PID=6604) to work on /opt/airflow/dags/hdb_pipeline.py
[2026-07-25T12:36:11.558+0000] {processor.py:914} INFO - Processing file /opt/airflow/dags/hdb_pipeline.py for tasks to queue
[2026-07-25T12:36:11.560+0000] {logging_mixin.py:190} INFO - [2026-07-25T12:36:11.560+0000] {dagbag.py:588} INFO - Filling up the DagBag from /opt/airflow/dags/hdb_pipeline.py
[2026-07-25T12:36:11.950+0000] {processor.py:925} INFO - DAG(s) 'hdb_resale_pipeline' retrieved from /opt/airflow/dags/hdb_pipeline.py
[2026-07-25T12:36:11.964+0000] {logging_mixin.py:190} INFO - [2026-07-25T12:36:11.964+0000] {dag.py:3239} INFO - Sync 1 DAGs
[2026-07-25T12:36:11.977+0000] {logging_mixin.py:190} INFO - [2026-07-25T12:36:11.977+0000] {dag.py:4180} INFO - Setting next_dagrun for hdb_resale_pipeline to 2026-07-25 00:00:00+00:00, run_after=2026-07-26 00:00:00+00:00
[2026-07-25T12:36:11.988+0000] {processor.py:208} INFO - Processing /opt/airflow/dags/hdb_pipeline.py took 0.435 seconds
[2026-07-25T12:36:42.157+0000] {processor.py:186} INFO - Started process (PID=6627) to work on /opt/airflow/dags/hdb_pipeline.py
[2026-07-25T12:36:42.158+0000] {processor.py:914} INFO - Processing file /opt/airflow/dags/hdb_pipeline.py for tasks to queue
[2026-07-25T12:36:42.160+0000] {logging_mixin.py:190} INFO - [2026-07-25T12:36:42.160+0000] {dagbag.py:588} INFO - Filling up the DagBag from /opt/airflow/dags/hdb_pipeline.py
[2026-07-25T12:36:42.558+0000] {processor.py:925} INFO - DAG(s) 'hdb_resale_pipeline' retrieved from /opt/airflow/dags/hdb_pipeline.py
[2026-07-25T12:36:42.572+0000] {logging_mixin.py:190} INFO - [2026-07-25T12:36:42.572+0000] {dag.py:3239} INFO - Sync 1 DAGs
[2026-07-25T12:36:42.585+0000] {logging_mixin.py:190} INFO - [2026-07-25T12:36:42.584+0000] {dag.py:4180} INFO - Setting next_dagrun for hdb_resale_pipeline to 2026-07-25 00:00:00+00:00, run_after=2026-07-26 00:00:00+00:00
[2026-07-25T12:36:42.596+0000] {processor.py:208} INFO - Processing /opt/airflow/dags/hdb_pipeline.py took 0.443 seconds
[2026-07-25T12:37:12.756+0000] {processor.py:186} INFO - Started process (PID=6656) to work on /opt/airflow/dags/hdb_pipeline.py
[2026-07-25T12:37:12.757+0000] {processor.py:914} INFO - Processing file /opt/airflow/dags/hdb_pipeline.py for tasks to queue
[2026-07-25T12:37:12.759+0000] {logging_mixin.py:190} INFO - [2026-07-25T12:37:12.759+0000] {dagbag.py:588} INFO - Filling up the DagBag from /opt/airflow/dags/hdb_pipeline.py
[2026-07-25T12:37:13.129+0000] {processor.py:925} INFO - DAG(s) 'hdb_resale_pipeline' retrieved from /opt/airflow/dags/hdb_pipeline.py
[2026-07-25T12:37:13.142+0000] {logging_mixin.py:190} INFO - [2026-07-25T12:37:13.142+0000] {dag.py:3239} INFO - Sync 1 DAGs
[2026-07-25T12:37:13.154+0000] {logging_mixin.py:190} INFO - [2026-07-25T12:37:13.154+0000] {dag.py:4180} INFO - Setting next_dagrun for hdb_resale_pipeline to 2026-07-25 00:00:00+00:00, run_after=2026-07-26 00:00:00+00:00
[2026-07-25T12:37:13.524+0000] {processor.py:208} INFO - Processing /opt/airflow/dags/hdb_pipeline.py took 0.772 seconds
[2026-07-25T12:37:43.676+0000] {processor.py:186} INFO - Started process (PID=6679) to work on /opt/airflow/dags/hdb_pipeline.py
[2026-07-25T12:37:43.676+0000] {processor.py:914} INFO - Processing file /opt/airflow/dags/hdb_pipeline.py for tasks to queue
[2026-07-25T12:37:43.679+0000] {logging_mixin.py:190} INFO - [2026-07-25T12:37:43.678+0000] {dagbag.py:588} INFO - Filling up the DagBag from /opt/airflow/dags/hdb_pipeline.py
[2026-07-25T12:37:44.037+0000] {processor.py:925} INFO - DAG(s) 'hdb_resale_pipeline' retrieved from /opt/airflow/dags/hdb_pipeline.py
[2026-07-25T12:37:44.050+0000] {logging_mixin.py:190} INFO - [2026-07-25T12:37:44.050+0000] {dag.py:3239} INFO - Sync 1 DAGs
[2026-07-25T12:37:44.062+0000] {logging_mixin.py:190} INFO - [2026-07-25T12:37:44.062+0000] {dag.py:4180} INFO - Setting next_dagrun for hdb_resale_pipeline to 2026-07-25 00:00:00+00:00, run_after=2026-07-26 00:00:00+00:00
[2026-07-25T12:37:44.074+0000] {processor.py:208} INFO - Processing /opt/airflow/dags/hdb_pipeline.py took 0.402 seconds
[2026-07-25T12:38:14.234+0000] {processor.py:186} INFO - Started process (PID=6702) to work on /opt/airflow/dags/hdb_pipeline.py
[2026-07-25T12:38:14.235+0000] {processor.py:914} INFO - Processing file /opt/airflow/dags/hdb_pipeline.py for tasks to queue
[2026-07-25T12:38:14.237+0000] {logging_mixin.py:190} INFO - [2026-07-25T12:38:14.236+0000] {dagbag.py:588} INFO - Filling up the DagBag from /opt/airflow/dags/hdb_pipeline.py
[2026-07-25T12:38:14.614+0000] {processor.py:925} INFO - DAG(s) 'hdb_resale_pipeline' retrieved from /opt/airflow/dags/hdb_pipeline.py
[2026-07-25T12:38:14.627+0000] {logging_mixin.py:190} INFO - [2026-07-25T12:38:14.627+0000] {dag.py:3239} INFO - Sync 1 DAGs
[2026-07-25T12:38:14.639+0000] {logging_mixin.py:190} INFO - [2026-07-25T12:38:14.639+0000] {dag.py:4180} INFO - Setting next_dagrun for hdb_resale_pipeline to 2026-07-25 00:00:00+00:00, run_after=2026-07-26 00:00:00+00:00
[2026-07-25T12:38:14.650+0000] {processor.py:208} INFO - Processing /opt/airflow/dags/hdb_pipeline.py took 0.420 seconds
[2026-07-25T12:38:44.815+0000] {processor.py:186} INFO - Started process (PID=6725) to work on /opt/airflow/dags/hdb_pipeline.py
[2026-07-25T12:38:44.816+0000] {processor.py:914} INFO - Processing file /opt/airflow/dags/hdb_pipeline.py for tasks to queue
[2026-07-25T12:38:44.819+0000] {logging_mixin.py:190} INFO - [2026-07-25T12:38:44.818+0000] {dagbag.py:588} INFO - Filling up the DagBag from /opt/airflow/dags/hdb_pipeline.py
[2026-07-25T12:38:45.277+0000] {processor.py:925} INFO - DAG(s) 'hdb_resale_pipeline' retrieved from /opt/airflow/dags/hdb_pipeline.py
[2026-07-25T12:38:45.292+0000] {logging_mixin.py:190} INFO - [2026-07-25T12:38:45.292+0000] {dag.py:3239} INFO - Sync 1 DAGs
[2026-07-25T12:38:45.305+0000] {logging_mixin.py:190} INFO - [2026-07-25T12:38:45.305+0000] {dag.py:4180} INFO - Setting next_dagrun for hdb_resale_pipeline to 2026-07-25 00:00:00+00:00, run_after=2026-07-26 00:00:00+00:00
[2026-07-25T12:38:45.317+0000] {processor.py:208} INFO - Processing /opt/airflow/dags/hdb_pipeline.py took 0.506 seconds
[2026-07-25T12:39:15.476+0000] {processor.py:186} INFO - Started process (PID=6748) to work on /opt/airflow/dags/hdb_pipeline.py
[2026-07-25T12:39:15.477+0000] {processor.py:914} INFO - Processing file /opt/airflow/dags/hdb_pipeline.py for tasks to queue
[2026-07-25T12:39:15.479+0000] {logging_mixin.py:190} INFO - [2026-07-25T12:39:15.478+0000] {dagbag.py:588} INFO - Filling up the DagBag from /opt/airflow/dags/hdb_pipeline.py
[2026-07-25T12:39:15.851+0000] {processor.py:925} INFO - DAG(s) 'hdb_resale_pipeline' retrieved from /opt/airflow/dags/hdb_pipeline.py
[2026-07-25T12:39:15.864+0000] {logging_mixin.py:190} INFO - [2026-07-25T12:39:15.864+0000] {dag.py:3239} INFO - Sync 1 DAGs
[2026-07-25T12:39:15.876+0000] {logging_mixin.py:190} INFO - [2026-07-25T12:39:15.875+0000] {dag.py:4180} INFO - Setting next_dagrun for hdb_resale_pipeline to 2026-07-25 00:00:00+00:00, run_after=2026-07-26 00:00:00+00:00
[2026-07-25T12:39:15.901+0000] {processor.py:208} INFO - Processing /opt/airflow/dags/hdb_pipeline.py took 0.429 seconds
[2026-07-25T12:39:46.064+0000] {processor.py:186} INFO - Started process (PID=6771) to work on /opt/airflow/dags/hdb_pipeline.py
[2026-07-25T12:39:46.065+0000] {processor.py:914} INFO - Processing file /opt/airflow/dags/hdb_pipeline.py for tasks to queue
[2026-07-25T12:39:46.067+0000] {logging_mixin.py:190} INFO - [2026-07-25T12:39:46.067+0000] {dagbag.py:588} INFO - Filling up the DagBag from /opt/airflow/dags/hdb_pipeline.py
[2026-07-25T12:39:46.456+0000] {processor.py:925} INFO - DAG(s) 'hdb_resale_pipeline' retrieved from /opt/airflow/dags/hdb_pipeline.py
[2026-07-25T12:39:46.471+0000] {logging_mixin.py:190} INFO - [2026-07-25T12:39:46.471+0000] {dag.py:3239} INFO - Sync 1 DAGs
[2026-07-25T12:39:46.483+0000] {logging_mixin.py:190} INFO - [2026-07-25T12:39:46.483+0000] {dag.py:4180} INFO - Setting next_dagrun for hdb_resale_pipeline to 2026-07-25 00:00:00+00:00, run_after=2026-07-26 00:00:00+00:00
[2026-07-25T12:39:46.495+0000] {processor.py:208} INFO - Processing /opt/airflow/dags/hdb_pipeline.py took 0.434 seconds
[2026-07-25T12:40:16.655+0000] {processor.py:186} INFO - Started process (PID=6794) to work on /opt/airflow/dags/hdb_pipeline.py
[2026-07-25T12:40:16.656+0000] {processor.py:914} INFO - Processing file /opt/airflow/dags/hdb_pipeline.py for tasks to queue
[2026-07-25T12:40:16.657+0000] {logging_mixin.py:190} INFO - [2026-07-25T12:40:16.657+0000] {dagbag.py:588} INFO - Filling up the DagBag from /opt/airflow/dags/hdb_pipeline.py
[2026-07-25T12:40:17.025+0000] {processor.py:925} INFO - DAG(s) 'hdb_resale_pipeline' retrieved from /opt/airflow/dags/hdb_pipeline.py
[2026-07-25T12:40:17.039+0000] {logging_mixin.py:190} INFO - [2026-07-25T12:40:17.038+0000] {dag.py:3239} INFO - Sync 1 DAGs
[2026-07-25T12:40:17.052+0000] {logging_mixin.py:190} INFO - [2026-07-25T12:40:17.051+0000] {dag.py:4180} INFO - Setting next_dagrun for hdb_resale_pipeline to 2026-07-25 00:00:00+00:00, run_after=2026-07-26 00:00:00+00:00
[2026-07-25T12:40:17.062+0000] {processor.py:208} INFO - Processing /opt/airflow/dags/hdb_pipeline.py took 0.411 seconds
[2026-07-25T12:40:47.225+0000] {processor.py:186} INFO - Started process (PID=6817) to work on /opt/airflow/dags/hdb_pipeline.py
[2026-07-25T12:40:47.226+0000] {processor.py:914} INFO - Processing file /opt/airflow/dags/hdb_pipeline.py for tasks to queue
[2026-07-25T12:40:47.228+0000] {logging_mixin.py:190} INFO - [2026-07-25T12:40:47.228+0000] {dagbag.py:588} INFO - Filling up the DagBag from /opt/airflow/dags/hdb_pipeline.py
[2026-07-25T12:40:47.610+0000] {processor.py:925} INFO - DAG(s) 'hdb_resale_pipeline' retrieved from /opt/airflow/dags/hdb_pipeline.py
[2026-07-25T12:40:47.628+0000] {logging_mixin.py:190} INFO - [2026-07-25T12:40:47.628+0000] {dag.py:3239} INFO - Sync 1 DAGs
[2026-07-25T12:40:47.643+0000] {logging_mixin.py:190} INFO - [2026-07-25T12:40:47.643+0000] {dag.py:4180} INFO - Setting next_dagrun for hdb_resale_pipeline to 2026-07-25 00:00:00+00:00, run_after=2026-07-26 00:00:00+00:00
[2026-07-25T12:40:47.656+0000] {processor.py:208} INFO - Processing /opt/airflow/dags/hdb_pipeline.py took 0.434 seconds
[2026-07-25T12:41:17.818+0000] {processor.py:186} INFO - Started process (PID=6840) to work on /opt/airflow/dags/hdb_pipeline.py
[2026-07-25T12:41:17.819+0000] {processor.py:914} INFO - Processing file /opt/airflow/dags/hdb_pipeline.py for tasks to queue
[2026-07-25T12:41:17.821+0000] {logging_mixin.py:190} INFO - [2026-07-25T12:41:17.821+0000] {dagbag.py:588} INFO - Filling up the DagBag from /opt/airflow/dags/hdb_pipeline.py
[2026-07-25T12:41:18.205+0000] {processor.py:925} INFO - DAG(s) 'hdb_resale_pipeline' retrieved from /opt/airflow/dags/hdb_pipeline.py
[2026-07-25T12:41:18.220+0000] {logging_mixin.py:190} INFO - [2026-07-25T12:41:18.219+0000] {dag.py:3239} INFO - Sync 1 DAGs
[2026-07-25T12:41:18.232+0000] {logging_mixin.py:190} INFO - [2026-07-25T12:41:18.232+0000] {dag.py:4180} INFO - Setting next_dagrun for hdb_resale_pipeline to 2026-07-25 00:00:00+00:00, run_after=2026-07-26 00:00:00+00:00
[2026-07-25T12:41:18.243+0000] {processor.py:208} INFO - Processing /opt/airflow/dags/hdb_pipeline.py took 0.428 seconds
[2026-07-25T12:41:48.401+0000] {processor.py:186} INFO - Started process (PID=6863) to work on /opt/airflow/dags/hdb_pipeline.py
[2026-07-25T12:41:48.402+0000] {processor.py:914} INFO - Processing file /opt/airflow/dags/hdb_pipeline.py for tasks to queue
[2026-07-25T12:41:48.404+0000] {logging_mixin.py:190} INFO - [2026-07-25T12:41:48.404+0000] {dagbag.py:588} INFO - Filling up the DagBag from /opt/airflow/dags/hdb_pipeline.py
[2026-07-25T12:41:48.805+0000] {processor.py:925} INFO - DAG(s) 'hdb_resale_pipeline' retrieved from /opt/airflow/dags/hdb_pipeline.py
[2026-07-25T12:41:48.819+0000] {logging_mixin.py:190} INFO - [2026-07-25T12:41:48.818+0000] {dag.py:3239} INFO - Sync 1 DAGs
[2026-07-25T12:41:48.830+0000] {logging_mixin.py:190} INFO - [2026-07-25T12:41:48.830+0000] {dag.py:4180} INFO - Setting next_dagrun for hdb_resale_pipeline to 2026-07-25 00:00:00+00:00, run_after=2026-07-26 00:00:00+00:00
[2026-07-25T12:41:48.841+0000] {processor.py:208} INFO - Processing /opt/airflow/dags/hdb_pipeline.py took 0.443 seconds
[2026-07-25T12:42:19.010+0000] {processor.py:186} INFO - Started process (PID=6886) to work on /opt/airflow/dags/hdb_pipeline.py
[2026-07-25T12:42:19.011+0000] {processor.py:914} INFO - Processing file /opt/airflow/dags/hdb_pipeline.py for tasks to queue
[2026-07-25T12:42:19.013+0000] {logging_mixin.py:190} INFO - [2026-07-25T12:42:19.013+0000] {dagbag.py:588} INFO - Filling up the DagBag from /opt/airflow/dags/hdb_pipeline.py
[2026-07-25T12:42:19.407+0000] {processor.py:925} INFO - DAG(s) 'hdb_resale_pipeline' retrieved from /opt/airflow/dags/hdb_pipeline.py
[2026-07-25T12:42:19.421+0000] {logging_mixin.py:190} INFO - [2026-07-25T12:42:19.421+0000] {dag.py:3239} INFO - Sync 1 DAGs
[2026-07-25T12:42:19.433+0000] {logging_mixin.py:190} INFO - [2026-07-25T12:42:19.433+0000] {dag.py:4180} INFO - Setting next_dagrun for hdb_resale_pipeline to 2026-07-25 00:00:00+00:00, run_after=2026-07-26 00:00:00+00:00
[2026-07-25T12:42:19.455+0000] {processor.py:208} INFO - Processing /opt/airflow/dags/hdb_pipeline.py took 0.450 seconds
[2026-07-25T12:42:49.625+0000] {processor.py:186} INFO - Started process (PID=6909) to work on /opt/airflow/dags/hdb_pipeline.py
[2026-07-25T12:42:49.626+0000] {processor.py:914} INFO - Processing file /opt/airflow/dags/hdb_pipeline.py for tasks to queue
[2026-07-25T12:42:49.628+0000] {logging_mixin.py:190} INFO - [2026-07-25T12:42:49.628+0000] {dagbag.py:588} INFO - Filling up the DagBag from /opt/airflow/dags/hdb_pipeline.py
[2026-07-25T12:42:50.047+0000] {processor.py:925} INFO - DAG(s) 'hdb_resale_pipeline' retrieved from /opt/airflow/dags/hdb_pipeline.py
[2026-07-25T12:42:50.063+0000] {logging_mixin.py:190} INFO - [2026-07-25T12:42:50.062+0000] {dag.py:3239} INFO - Sync 1 DAGs
[2026-07-25T12:42:50.076+0000] {logging_mixin.py:190} INFO - [2026-07-25T12:42:50.076+0000] {dag.py:4180} INFO - Setting next_dagrun for hdb_resale_pipeline to 2026-07-25 00:00:00+00:00, run_after=2026-07-26 00:00:00+00:00
[2026-07-25T12:42:50.087+0000] {processor.py:208} INFO - Processing /opt/airflow/dags/hdb_pipeline.py took 0.467 seconds
[2026-07-25T12:43:20.252+0000] {processor.py:186} INFO - Started process (PID=6932) to work on /opt/airflow/dags/hdb_pipeline.py
[2026-07-25T12:43:20.253+0000] {processor.py:914} INFO - Processing file /opt/airflow/dags/hdb_pipeline.py for tasks to queue
[2026-07-25T12:43:20.255+0000] {logging_mixin.py:190} INFO - [2026-07-25T12:43:20.255+0000] {dagbag.py:588} INFO - Filling up the DagBag from /opt/airflow/dags/hdb_pipeline.py
[2026-07-25T12:43:20.666+0000] {processor.py:925} INFO - DAG(s) 'hdb_resale_pipeline' retrieved from /opt/airflow/dags/hdb_pipeline.py
[2026-07-25T12:43:20.681+0000] {logging_mixin.py:190} INFO - [2026-07-25T12:43:20.681+0000] {dag.py:3239} INFO - Sync 1 DAGs
[2026-07-25T12:43:20.695+0000] {logging_mixin.py:190} INFO - [2026-07-25T12:43:20.695+0000] {dag.py:4180} INFO - Setting next_dagrun for hdb_resale_pipeline to 2026-07-25 00:00:00+00:00, run_after=2026-07-26 00:00:00+00:00
[2026-07-25T12:43:20.709+0000] {processor.py:208} INFO - Processing /opt/airflow/dags/hdb_pipeline.py took 0.462 seconds
[2026-07-25T12:43:50.871+0000] {processor.py:186} INFO - Started process (PID=6955) to work on /opt/airflow/dags/hdb_pipeline.py
[2026-07-25T12:43:50.871+0000] {processor.py:914} INFO - Processing file /opt/airflow/dags/hdb_pipeline.py for tasks to queue
[2026-07-25T12:43:50.873+0000] {logging_mixin.py:190} INFO - [2026-07-25T12:43:50.873+0000] {dagbag.py:588} INFO - Filling up the DagBag from /opt/airflow/dags/hdb_pipeline.py
[2026-07-25T12:43:51.262+0000] {processor.py:925} INFO - DAG(s) 'hdb_resale_pipeline' retrieved from /opt/airflow/dags/hdb_pipeline.py
[2026-07-25T12:43:51.276+0000] {logging_mixin.py:190} INFO - [2026-07-25T12:43:51.276+0000] {dag.py:3239} INFO - Sync 1 DAGs
[2026-07-25T12:43:51.287+0000] {logging_mixin.py:190} INFO - [2026-07-25T12:43:51.287+0000] {dag.py:4180} INFO - Setting next_dagrun for hdb_resale_pipeline to 2026-07-25 00:00:00+00:00, run_after=2026-07-26 00:00:00+00:00
[2026-07-25T12:43:51.299+0000] {processor.py:208} INFO - Processing /opt/airflow/dags/hdb_pipeline.py took 0.432 seconds
[2026-07-25T12:44:21.454+0000] {processor.py:186} INFO - Started process (PID=6978) to work on /opt/airflow/dags/hdb_pipeline.py
[2026-07-25T12:44:21.454+0000] {processor.py:914} INFO - Processing file /opt/airflow/dags/hdb_pipeline.py for tasks to queue
[2026-07-25T12:44:21.456+0000] {logging_mixin.py:190} INFO - [2026-07-25T12:44:21.456+0000] {dagbag.py:588} INFO - Filling up the DagBag from /opt/airflow/dags/hdb_pipeline.py
[2026-07-25T12:44:21.827+0000] {processor.py:925} INFO - DAG(s) 'hdb_resale_pipeline' retrieved from /opt/airflow/dags/hdb_pipeline.py
[2026-07-25T12:44:21.841+0000] {logging_mixin.py:190} INFO - [2026-07-25T12:44:21.841+0000] {dag.py:3239} INFO - Sync 1 DAGs
[2026-07-25T12:44:21.853+0000] {logging_mixin.py:190} INFO - [2026-07-25T12:44:21.853+0000] {dag.py:4180} INFO - Setting next_dagrun for hdb_resale_pipeline to 2026-07-25 00:00:00+00:00, run_after=2026-07-26 00:00:00+00:00
[2026-07-25T12:44:21.865+0000] {processor.py:208} INFO - Processing /opt/airflow/dags/hdb_pipeline.py took 0.414 seconds
[2026-07-25T12:44:52.024+0000] {processor.py:186} INFO - Started process (PID=7001) to work on /opt/airflow/dags/hdb_pipeline.py
[2026-07-25T12:44:52.025+0000] {processor.py:914} INFO - Processing file /opt/airflow/dags/hdb_pipeline.py for tasks to queue
[2026-07-25T12:44:52.027+0000] {logging_mixin.py:190} INFO - [2026-07-25T12:44:52.027+0000] {dagbag.py:588} INFO - Filling up the DagBag from /opt/airflow/dags/hdb_pipeline.py
[2026-07-25T12:44:52.391+0000] {processor.py:925} INFO - DAG(s) 'hdb_resale_pipeline' retrieved from /opt/airflow/dags/hdb_pipeline.py
[2026-07-25T12:44:52.405+0000] {logging_mixin.py:190} INFO - [2026-07-25T12:44:52.405+0000] {dag.py:3239} INFO - Sync 1 DAGs
[2026-07-25T12:44:52.418+0000] {logging_mixin.py:190} INFO - [2026-07-25T12:44:52.418+0000] {dag.py:4180} INFO - Setting next_dagrun for hdb_resale_pipeline to 2026-07-25 00:00:00+00:00, run_after=2026-07-26 00:00:00+00:00
[2026-07-25T12:44:52.429+0000] {processor.py:208} INFO - Processing /opt/airflow/dags/hdb_pipeline.py took 0.408 seconds
[2026-07-25T12:45:22.585+0000] {processor.py:186} INFO - Started process (PID=7024) to work on /opt/airflow/dags/hdb_pipeline.py
[2026-07-25T12:45:22.586+0000] {processor.py:914} INFO - Processing file /opt/airflow/dags/hdb_pipeline.py for tasks to queue
[2026-07-25T12:45:22.588+0000] {logging_mixin.py:190} INFO - [2026-07-25T12:45:22.588+0000] {dagbag.py:588} INFO - Filling up the DagBag from /opt/airflow/dags/hdb_pipeline.py
[2026-07-25T12:45:22.963+0000] {processor.py:925} INFO - DAG(s) 'hdb_resale_pipeline' retrieved from /opt/airflow/dags/hdb_pipeline.py
[2026-07-25T12:45:22.977+0000] {logging_mixin.py:190} INFO - [2026-07-25T12:45:22.976+0000] {dag.py:3239} INFO - Sync 1 DAGs
[2026-07-25T12:45:22.989+0000] {logging_mixin.py:190} INFO - [2026-07-25T12:45:22.989+0000] {dag.py:4180} INFO - Setting next_dagrun for hdb_resale_pipeline to 2026-07-25 00:00:00+00:00, run_after=2026-07-26 00:00:00+00:00
[2026-07-25T12:45:23.000+0000] {processor.py:208} INFO - Processing /opt/airflow/dags/hdb_pipeline.py took 0.418 seconds
[2026-07-25T12:45:53.151+0000] {processor.py:186} INFO - Started process (PID=7047) to work on /opt/airflow/dags/hdb_pipeline.py
[2026-07-25T12:45:53.152+0000] {processor.py:914} INFO - Processing file /opt/airflow/dags/hdb_pipeline.py for tasks to queue
[2026-07-25T12:45:53.154+0000] {logging_mixin.py:190} INFO - [2026-07-25T12:45:53.153+0000] {dagbag.py:588} INFO - Filling up the DagBag from /opt/airflow/dags/hdb_pipeline.py
[2026-07-25T12:45:53.533+0000] {processor.py:925} INFO - DAG(s) 'hdb_resale_pipeline' retrieved from /opt/airflow/dags/hdb_pipeline.py
[2026-07-25T12:45:53.547+0000] {logging_mixin.py:190} INFO - [2026-07-25T12:45:53.546+0000] {dag.py:3239} INFO - Sync 1 DAGs
[2026-07-25T12:45:53.558+0000] {logging_mixin.py:190} INFO - [2026-07-25T12:45:53.558+0000] {dag.py:4180} INFO - Setting next_dagrun for hdb_resale_pipeline to 2026-07-25 00:00:00+00:00, run_after=2026-07-26 00:00:00+00:00
[2026-07-25T12:45:53.569+0000] {processor.py:208} INFO - Processing /opt/airflow/dags/hdb_pipeline.py took 0.421 seconds
[2026-07-25T12:46:23.722+0000] {processor.py:186} INFO - Started process (PID=7070) to work on /opt/airflow/dags/hdb_pipeline.py
[2026-07-25T12:46:23.723+0000] {processor.py:914} INFO - Processing file /opt/airflow/dags/hdb_pipeline.py for tasks to queue
[2026-07-25T12:46:23.725+0000] {logging_mixin.py:190} INFO - [2026-07-25T12:46:23.725+0000] {dagbag.py:588} INFO - Filling up the DagBag from /opt/airflow/dags/hdb_pipeline.py
[2026-07-25T12:46:24.098+0000] {processor.py:925} INFO - DAG(s) 'hdb_resale_pipeline' retrieved from /opt/airflow/dags/hdb_pipeline.py
[2026-07-25T12:46:24.111+0000] {logging_mixin.py:190} INFO - [2026-07-25T12:46:24.111+0000] {dag.py:3239} INFO - Sync 1 DAGs
[2026-07-25T12:46:24.123+0000] {logging_mixin.py:190} INFO - [2026-07-25T12:46:24.123+0000] {dag.py:4180} INFO - Setting next_dagrun for hdb_resale_pipeline to 2026-07-25 00:00:00+00:00, run_after=2026-07-26 00:00:00+00:00
[2026-07-25T12:46:24.133+0000] {processor.py:208} INFO - Processing /opt/airflow/dags/hdb_pipeline.py took 0.415 seconds
[2026-07-25T12:46:54.297+0000] {processor.py:186} INFO - Started process (PID=7093) to work on /opt/airflow/dags/hdb_pipeline.py
[2026-07-25T12:46:54.298+0000] {processor.py:914} INFO - Processing file /opt/airflow/dags/hdb_pipeline.py for tasks to queue
[2026-07-25T12:46:54.300+0000] {logging_mixin.py:190} INFO - [2026-07-25T12:46:54.300+0000] {dagbag.py:588} INFO - Filling up the DagBag from /opt/airflow/dags/hdb_pipeline.py
[2026-07-25T12:46:54.705+0000] {processor.py:925} INFO - DAG(s) 'hdb_resale_pipeline' retrieved from /opt/airflow/dags/hdb_pipeline.py
[2026-07-25T12:46:54.720+0000] {logging_mixin.py:190} INFO - [2026-07-25T12:46:54.720+0000] {dag.py:3239} INFO - Sync 1 DAGs
[2026-07-25T12:46:54.733+0000] {logging_mixin.py:190} INFO - [2026-07-25T12:46:54.733+0000] {dag.py:4180} INFO - Setting next_dagrun for hdb_resale_pipeline to 2026-07-25 00:00:00+00:00, run_after=2026-07-26 00:00:00+00:00
[2026-07-25T12:46:54.745+0000] {processor.py:208} INFO - Processing /opt/airflow/dags/hdb_pipeline.py took 0.452 seconds
[2026-07-25T12:47:24.949+0000] {processor.py:186} INFO - Started process (PID=7116) to work on /opt/airflow/dags/hdb_pipeline.py
[2026-07-25T12:47:24.950+0000] {processor.py:914} INFO - Processing file /opt/airflow/dags/hdb_pipeline.py for tasks to queue
[2026-07-25T12:47:24.952+0000] {logging_mixin.py:190} INFO - [2026-07-25T12:47:24.951+0000] {dagbag.py:588} INFO - Filling up the DagBag from /opt/airflow/dags/hdb_pipeline.py
[2026-07-25T12:47:25.367+0000] {processor.py:925} INFO - DAG(s) 'hdb_resale_pipeline' retrieved from /opt/airflow/dags/hdb_pipeline.py
[2026-07-25T12:47:25.381+0000] {logging_mixin.py:190} INFO - [2026-07-25T12:47:25.381+0000] {dag.py:3239} INFO - Sync 1 DAGs
[2026-07-25T12:47:25.394+0000] {logging_mixin.py:190} INFO - [2026-07-25T12:47:25.393+0000] {dag.py:4180} INFO - Setting next_dagrun for hdb_resale_pipeline to 2026-07-25 00:00:00+00:00, run_after=2026-07-26 00:00:00+00:00
[2026-07-25T12:47:25.405+0000] {processor.py:208} INFO - Processing /opt/airflow/dags/hdb_pipeline.py took 0.459 seconds
[2026-07-25T12:47:55.566+0000] {processor.py:186} INFO - Started process (PID=7139) to work on /opt/airflow/dags/hdb_pipeline.py
[2026-07-25T12:47:55.567+0000] {processor.py:914} INFO - Processing file /opt/airflow/dags/hdb_pipeline.py for tasks to queue
[2026-07-25T12:47:55.569+0000] {logging_mixin.py:190} INFO - [2026-07-25T12:47:55.569+0000] {dagbag.py:588} INFO - Filling up the DagBag from /opt/airflow/dags/hdb_pipeline.py
[2026-07-25T12:47:55.929+0000] {processor.py:925} INFO - DAG(s) 'hdb_resale_pipeline' retrieved from /opt/airflow/dags/hdb_pipeline.py
[2026-07-25T12:47:55.943+0000] {logging_mixin.py:190} INFO - [2026-07-25T12:47:55.943+0000] {dag.py:3239} INFO - Sync 1 DAGs
[2026-07-25T12:47:55.955+0000] {logging_mixin.py:190} INFO - [2026-07-25T12:47:55.955+0000] {dag.py:4180} INFO - Setting next_dagrun for hdb_resale_pipeline to 2026-07-25 00:00:00+00:00, run_after=2026-07-26 00:00:00+00:00
[2026-07-25T12:47:55.966+0000] {processor.py:208} INFO - Processing /opt/airflow/dags/hdb_pipeline.py took 0.403 seconds
[2026-07-25T12:48:26.124+0000] {processor.py:186} INFO - Started process (PID=7162) to work on /opt/airflow/dags/hdb_pipeline.py
[2026-07-25T12:48:26.124+0000] {processor.py:914} INFO - Processing file /opt/airflow/dags/hdb_pipeline.py for tasks to queue
[2026-07-25T12:48:26.126+0000] {logging_mixin.py:190} INFO - [2026-07-25T12:48:26.126+0000] {dagbag.py:588} INFO - Filling up the DagBag from /opt/airflow/dags/hdb_pipeline.py
[2026-07-25T12:48:26.510+0000] {processor.py:925} INFO - DAG(s) 'hdb_resale_pipeline' retrieved from /opt/airflow/dags/hdb_pipeline.py
[2026-07-25T12:48:26.525+0000] {logging_mixin.py:190} INFO - [2026-07-25T12:48:26.524+0000] {dag.py:3239} INFO - Sync 1 DAGs
[2026-07-25T12:48:26.538+0000] {logging_mixin.py:190} INFO - [2026-07-25T12:48:26.537+0000] {dag.py:4180} INFO - Setting next_dagrun for hdb_resale_pipeline to 2026-07-25 00:00:00+00:00, run_after=2026-07-26 00:00:00+00:00
[2026-07-25T12:48:26.548+0000] {processor.py:208} INFO - Processing /opt/airflow/dags/hdb_pipeline.py took 0.428 seconds
[2026-07-25T12:48:56.715+0000] {processor.py:186} INFO - Started process (PID=7185) to work on /opt/airflow/dags/hdb_pipeline.py
[2026-07-25T12:48:56.716+0000] {processor.py:914} INFO - Processing file /opt/airflow/dags/hdb_pipeline.py for tasks to queue
[2026-07-25T12:48:56.718+0000] {logging_mixin.py:190} INFO - [2026-07-25T12:48:56.718+0000] {dagbag.py:588} INFO - Filling up the DagBag from /opt/airflow/dags/hdb_pipeline.py
[2026-07-25T12:48:57.090+0000] {processor.py:925} INFO - DAG(s) 'hdb_resale_pipeline' retrieved from /opt/airflow/dags/hdb_pipeline.py
[2026-07-25T12:48:57.104+0000] {logging_mixin.py:190} INFO - [2026-07-25T12:48:57.104+0000] {dag.py:3239} INFO - Sync 1 DAGs
[2026-07-25T12:48:57.116+0000] {logging_mixin.py:190} INFO - [2026-07-25T12:48:57.116+0000] {dag.py:4180} INFO - Setting next_dagrun for hdb_resale_pipeline to 2026-07-25 00:00:00+00:00, run_after=2026-07-26 00:00:00+00:00
[2026-07-25T12:48:57.128+0000] {processor.py:208} INFO - Processing /opt/airflow/dags/hdb_pipeline.py took 0.416 seconds
[2026-07-25T12:49:27.286+0000] {processor.py:186} INFO - Started process (PID=7208) to work on /opt/airflow/dags/hdb_pipeline.py
[2026-07-25T12:49:27.287+0000] {processor.py:914} INFO - Processing file /opt/airflow/dags/hdb_pipeline.py for tasks to queue
[2026-07-25T12:49:27.289+0000] {logging_mixin.py:190} INFO - [2026-07-25T12:49:27.289+0000] {dagbag.py:588} INFO - Filling up the DagBag from /opt/airflow/dags/hdb_pipeline.py
[2026-07-25T12:49:27.670+0000] {processor.py:925} INFO - DAG(s) 'hdb_resale_pipeline' retrieved from /opt/airflow/dags/hdb_pipeline.py
[2026-07-25T12:49:27.684+0000] {logging_mixin.py:190} INFO - [2026-07-25T12:49:27.684+0000] {dag.py:3239} INFO - Sync 1 DAGs
[2026-07-25T12:49:27.695+0000] {logging_mixin.py:190} INFO - [2026-07-25T12:49:27.695+0000] {dag.py:4180} INFO - Setting next_dagrun for hdb_resale_pipeline to 2026-07-25 00:00:00+00:00, run_after=2026-07-26 00:00:00+00:00
[2026-07-25T12:49:27.782+0000] {processor.py:208} INFO - Processing /opt/airflow/dags/hdb_pipeline.py took 0.499 seconds
[2026-07-25T12:49:57.941+0000] {processor.py:186} INFO - Started process (PID=7231) to work on /opt/airflow/dags/hdb_pipeline.py
[2026-07-25T12:49:57.942+0000] {processor.py:914} INFO - Processing file /opt/airflow/dags/hdb_pipeline.py for tasks to queue
[2026-07-25T12:49:57.944+0000] {logging_mixin.py:190} INFO - [2026-07-25T12:49:57.943+0000] {dagbag.py:588} INFO - Filling up the DagBag from /opt/airflow/dags/hdb_pipeline.py
[2026-07-25T12:49:58.328+0000] {processor.py:925} INFO - DAG(s) 'hdb_resale_pipeline' retrieved from /opt/airflow/dags/hdb_pipeline.py
[2026-07-25T12:49:58.342+0000] {logging_mixin.py:190} INFO - [2026-07-25T12:49:58.342+0000] {dag.py:3239} INFO - Sync 1 DAGs
[2026-07-25T12:49:58.354+0000] {logging_mixin.py:190} INFO - [2026-07-25T12:49:58.354+0000] {dag.py:4180} INFO - Setting next_dagrun for hdb_resale_pipeline to 2026-07-25 00:00:00+00:00, run_after=2026-07-26 00:00:00+00:00
[2026-07-25T12:49:58.366+0000] {processor.py:208} INFO - Processing /opt/airflow/dags/hdb_pipeline.py took 0.429 seconds
[2026-07-25T12:50:28.527+0000] {processor.py:186} INFO - Started process (PID=7254) to work on /opt/airflow/dags/hdb_pipeline.py
[2026-07-25T12:50:28.528+0000] {processor.py:914} INFO - Processing file /opt/airflow/dags/hdb_pipeline.py for tasks to queue
[2026-07-25T12:50:28.530+0000] {logging_mixin.py:190} INFO - [2026-07-25T12:50:28.529+0000] {dagbag.py:588} INFO - Filling up the DagBag from /opt/airflow/dags/hdb_pipeline.py
[2026-07-25T12:50:28.901+0000] {processor.py:925} INFO - DAG(s) 'hdb_resale_pipeline' retrieved from /opt/airflow/dags/hdb_pipeline.py
[2026-07-25T12:50:28.915+0000] {logging_mixin.py:190} INFO - [2026-07-25T12:50:28.915+0000] {dag.py:3239} INFO - Sync 1 DAGs
[2026-07-25T12:50:28.927+0000] {logging_mixin.py:190} INFO - [2026-07-25T12:50:28.927+0000] {dag.py:4180} INFO - Setting next_dagrun for hdb_resale_pipeline to 2026-07-25 00:00:00+00:00, run_after=2026-07-26 00:00:00+00:00
[2026-07-25T12:50:28.939+0000] {processor.py:208} INFO - Processing /opt/airflow/dags/hdb_pipeline.py took 0.415 seconds
[2026-07-25T12:50:59.099+0000] {processor.py:186} INFO - Started process (PID=7277) to work on /opt/airflow/dags/hdb_pipeline.py
[2026-07-25T12:50:59.100+0000] {processor.py:914} INFO - Processing file /opt/airflow/dags/hdb_pipeline.py for tasks to queue
[2026-07-25T12:50:59.102+0000] {logging_mixin.py:190} INFO - [2026-07-25T12:50:59.102+0000] {dagbag.py:588} INFO - Filling up the DagBag from /opt/airflow/dags/hdb_pipeline.py
[2026-07-25T12:50:59.519+0000] {processor.py:925} INFO - DAG(s) 'hdb_resale_pipeline' retrieved from /opt/airflow/dags/hdb_pipeline.py
[2026-07-25T12:50:59.533+0000] {logging_mixin.py:190} INFO - [2026-07-25T12:50:59.533+0000] {dag.py:3239} INFO - Sync 1 DAGs
[2026-07-25T12:50:59.545+0000] {logging_mixin.py:190} INFO - [2026-07-25T12:50:59.545+0000] {dag.py:4180} INFO - Setting next_dagrun for hdb_resale_pipeline to 2026-07-25 00:00:00+00:00, run_after=2026-07-26 00:00:00+00:00
[2026-07-25T12:50:59.556+0000] {processor.py:208} INFO - Processing /opt/airflow/dags/hdb_pipeline.py took 0.461 seconds
[2026-07-25T12:51:29.717+0000] {processor.py:186} INFO - Started process (PID=7300) to work on /opt/airflow/dags/hdb_pipeline.py
[2026-07-25T12:51:29.718+0000] {processor.py:914} INFO - Processing file /opt/airflow/dags/hdb_pipeline.py for tasks to queue
[2026-07-25T12:51:29.720+0000] {logging_mixin.py:190} INFO - [2026-07-25T12:51:29.719+0000] {dagbag.py:588} INFO - Filling up the DagBag from /opt/airflow/dags/hdb_pipeline.py
[2026-07-25T12:51:30.104+0000] {processor.py:925} INFO - DAG(s) 'hdb_resale_pipeline' retrieved from /opt/airflow/dags/hdb_pipeline.py
[2026-07-25T12:51:30.118+0000] {logging_mixin.py:190} INFO - [2026-07-25T12:51:30.117+0000] {dag.py:3239} INFO - Sync 1 DAGs
[2026-07-25T12:51:30.130+0000] {logging_mixin.py:190} INFO - [2026-07-25T12:51:30.130+0000] {dag.py:4180} INFO - Setting next_dagrun for hdb_resale_pipeline to 2026-07-25 00:00:00+00:00, run_after=2026-07-26 00:00:00+00:00
[2026-07-25T12:51:30.141+0000] {processor.py:208} INFO - Processing /opt/airflow/dags/hdb_pipeline.py took 0.428 seconds
[2026-07-25T12:52:27.030+0000] {processor.py:186} INFO - Started process (PID=45) to work on /opt/airflow/dags/hdb_pipeline.py
[2026-07-25T12:52:27.031+0000] {processor.py:914} INFO - Processing file /opt/airflow/dags/hdb_pipeline.py for tasks to queue
[2026-07-25T12:52:27.033+0000] {logging_mixin.py:190} INFO - [2026-07-25T12:52:27.032+0000] {dagbag.py:588} INFO - Filling up the DagBag from /opt/airflow/dags/hdb_pipeline.py
[2026-07-25T12:52:28.260+0000] {processor.py:925} INFO - DAG(s) 'hdb_resale_pipeline' retrieved from /opt/airflow/dags/hdb_pipeline.py
[2026-07-25T12:52:28.404+0000] {logging_mixin.py:190} INFO - [2026-07-25T12:52:28.403+0000] {override.py:1932} INFO - Created Permission View: can read on DAG:hdb_resale_pipeline
[2026-07-25T12:52:28.410+0000] {logging_mixin.py:190} INFO - [2026-07-25T12:52:28.410+0000] {override.py:1932} INFO - Created Permission View: can edit on DAG:hdb_resale_pipeline
[2026-07-25T12:52:28.415+0000] {logging_mixin.py:190} INFO - [2026-07-25T12:52:28.415+0000] {override.py:1932} INFO - Created Permission View: can delete on DAG:hdb_resale_pipeline
[2026-07-25T12:52:28.422+0000] {logging_mixin.py:190} INFO - [2026-07-25T12:52:28.422+0000] {override.py:1932} INFO - Created Permission View: can read on DAG Run:hdb_resale_pipeline
[2026-07-25T12:52:28.427+0000] {logging_mixin.py:190} INFO - [2026-07-25T12:52:28.427+0000] {override.py:1932} INFO - Created Permission View: menu access on DAG Run:hdb_resale_pipeline
[2026-07-25T12:52:28.432+0000] {logging_mixin.py:190} INFO - [2026-07-25T12:52:28.432+0000] {override.py:1932} INFO - Created Permission View: can create on DAG Run:hdb_resale_pipeline
[2026-07-25T12:52:28.437+0000] {logging_mixin.py:190} INFO - [2026-07-25T12:52:28.437+0000] {override.py:1932} INFO - Created Permission View: can delete on DAG Run:hdb_resale_pipeline
[2026-07-25T12:52:28.438+0000] {logging_mixin.py:190} INFO - [2026-07-25T12:52:28.438+0000] {dag.py:3239} INFO - Sync 1 DAGs
[2026-07-25T12:52:28.446+0000] {logging_mixin.py:190} INFO - [2026-07-25T12:52:28.445+0000] {dag.py:3262} INFO - Creating ORM DAG for hdb_resale_pipeline
[2026-07-25T12:52:28.451+0000] {logging_mixin.py:190} INFO - [2026-07-25T12:52:28.451+0000] {dag.py:4180} INFO - Setting next_dagrun for hdb_resale_pipeline to 2026-07-24 00:00:00+00:00, run_after=2026-07-25 00:00:00+00:00
[2026-07-25T12:52:28.465+0000] {processor.py:208} INFO - Processing /opt/airflow/dags/hdb_pipeline.py took 1.440 seconds
[2026-07-25T12:52:58.621+0000] {processor.py:186} INFO - Started process (PID=68) to work on /opt/airflow/dags/hdb_pipeline.py
[2026-07-25T12:52:58.623+0000] {processor.py:914} INFO - Processing file /opt/airflow/dags/hdb_pipeline.py for tasks to queue
[2026-07-25T12:52:58.626+0000] {logging_mixin.py:190} INFO - [2026-07-25T12:52:58.625+0000] {dagbag.py:588} INFO - Filling up the DagBag from /opt/airflow/dags/hdb_pipeline.py
[2026-07-25T12:52:59.058+0000] {processor.py:925} INFO - DAG(s) 'hdb_resale_pipeline' retrieved from /opt/airflow/dags/hdb_pipeline.py
[2026-07-25T12:52:59.072+0000] {logging_mixin.py:190} INFO - [2026-07-25T12:52:59.072+0000] {dag.py:3239} INFO - Sync 1 DAGs
[2026-07-25T12:52:59.085+0000] {logging_mixin.py:190} INFO - [2026-07-25T12:52:59.085+0000] {dag.py:4180} INFO - Setting next_dagrun for hdb_resale_pipeline to 2026-07-24 00:00:00+00:00, run_after=2026-07-25 00:00:00+00:00
[2026-07-25T12:52:59.115+0000] {processor.py:208} INFO - Processing /opt/airflow/dags/hdb_pipeline.py took 0.499 seconds
[2026-07-25T12:53:29.279+0000] {processor.py:186} INFO - Started process (PID=91) to work on /opt/airflow/dags/hdb_pipeline.py
[2026-07-25T12:53:29.279+0000] {processor.py:914} INFO - Processing file /opt/airflow/dags/hdb_pipeline.py for tasks to queue
[2026-07-25T12:53:29.281+0000] {logging_mixin.py:190} INFO - [2026-07-25T12:53:29.281+0000] {dagbag.py:588} INFO - Filling up the DagBag from /opt/airflow/dags/hdb_pipeline.py
[2026-07-25T12:53:29.724+0000] {processor.py:925} INFO - DAG(s) 'hdb_resale_pipeline' retrieved from /opt/airflow/dags/hdb_pipeline.py
[2026-07-25T12:53:29.739+0000] {logging_mixin.py:190} INFO - [2026-07-25T12:53:29.739+0000] {dag.py:3239} INFO - Sync 1 DAGs
[2026-07-25T12:53:29.753+0000] {logging_mixin.py:190} INFO - [2026-07-25T12:53:29.753+0000] {dag.py:4180} INFO - Setting next_dagrun for hdb_resale_pipeline to 2026-07-24 00:00:00+00:00, run_after=2026-07-25 00:00:00+00:00
[2026-07-25T12:53:29.765+0000] {processor.py:208} INFO - Processing /opt/airflow/dags/hdb_pipeline.py took 0.490 seconds
[2026-07-25T12:53:59.902+0000] {processor.py:186} INFO - Started process (PID=114) to work on /opt/airflow/dags/hdb_pipeline.py
[2026-07-25T12:53:59.903+0000] {processor.py:914} INFO - Processing file /opt/airflow/dags/hdb_pipeline.py for tasks to queue
[2026-07-25T12:53:59.906+0000] {logging_mixin.py:190} INFO - [2026-07-25T12:53:59.906+0000] {dagbag.py:588} INFO - Filling up the DagBag from /opt/airflow/dags/hdb_pipeline.py
[2026-07-25T12:54:00.350+0000] {processor.py:925} INFO - DAG(s) 'hdb_resale_pipeline' retrieved from /opt/airflow/dags/hdb_pipeline.py
[2026-07-25T12:54:00.366+0000] {logging_mixin.py:190} INFO - [2026-07-25T12:54:00.366+0000] {dag.py:3239} INFO - Sync 1 DAGs
[2026-07-25T12:54:00.378+0000] {logging_mixin.py:190} INFO - [2026-07-25T12:54:00.378+0000] {dag.py:4180} INFO - Setting next_dagrun for hdb_resale_pipeline to 2026-07-24 00:00:00+00:00, run_after=2026-07-25 00:00:00+00:00
[2026-07-25T12:54:00.390+0000] {processor.py:208} INFO - Processing /opt/airflow/dags/hdb_pipeline.py took 0.494 seconds
[2026-07-25T12:54:30.555+0000] {processor.py:186} INFO - Started process (PID=137) to work on /opt/airflow/dags/hdb_pipeline.py
[2026-07-25T12:54:30.556+0000] {processor.py:914} INFO - Processing file /opt/airflow/dags/hdb_pipeline.py for tasks to queue
[2026-07-25T12:54:30.558+0000] {logging_mixin.py:190} INFO - [2026-07-25T12:54:30.558+0000] {dagbag.py:588} INFO - Filling up the DagBag from /opt/airflow/dags/hdb_pipeline.py
[2026-07-25T12:54:30.997+0000] {processor.py:925} INFO - DAG(s) 'hdb_resale_pipeline' retrieved from /opt/airflow/dags/hdb_pipeline.py
[2026-07-25T12:54:31.013+0000] {logging_mixin.py:190} INFO - [2026-07-25T12:54:31.012+0000] {dag.py:3239} INFO - Sync 1 DAGs
[2026-07-25T12:54:31.026+0000] {logging_mixin.py:190} INFO - [2026-07-25T12:54:31.026+0000] {dag.py:4180} INFO - Setting next_dagrun for hdb_resale_pipeline to 2026-07-24 00:00:00+00:00, run_after=2026-07-25 00:00:00+00:00
[2026-07-25T12:54:31.037+0000] {processor.py:208} INFO - Processing /opt/airflow/dags/hdb_pipeline.py took 0.485 seconds
[2026-07-25T12:55:01.182+0000] {processor.py:186} INFO - Started process (PID=160) to work on /opt/airflow/dags/hdb_pipeline.py
[2026-07-25T12:55:01.183+0000] {processor.py:914} INFO - Processing file /opt/airflow/dags/hdb_pipeline.py for tasks to queue
[2026-07-25T12:55:01.185+0000] {logging_mixin.py:190} INFO - [2026-07-25T12:55:01.184+0000] {dagbag.py:588} INFO - Filling up the DagBag from /opt/airflow/dags/hdb_pipeline.py
[2026-07-25T12:55:01.599+0000] {processor.py:925} INFO - DAG(s) 'hdb_resale_pipeline' retrieved from /opt/airflow/dags/hdb_pipeline.py
[2026-07-25T12:55:01.616+0000] {logging_mixin.py:190} INFO - [2026-07-25T12:55:01.616+0000] {dag.py:3239} INFO - Sync 1 DAGs
[2026-07-25T12:55:01.630+0000] {logging_mixin.py:190} INFO - [2026-07-25T12:55:01.630+0000] {dag.py:4180} INFO - Setting next_dagrun for hdb_resale_pipeline to 2026-07-24 00:00:00+00:00, run_after=2026-07-25 00:00:00+00:00
[2026-07-25T12:55:01.642+0000] {processor.py:208} INFO - Processing /opt/airflow/dags/hdb_pipeline.py took 0.463 seconds
[2026-07-25T12:55:31.814+0000] {processor.py:186} INFO - Started process (PID=183) to work on /opt/airflow/dags/hdb_pipeline.py
[2026-07-25T12:55:31.815+0000] {processor.py:914} INFO - Processing file /opt/airflow/dags/hdb_pipeline.py for tasks to queue
[2026-07-25T12:55:31.817+0000] {logging_mixin.py:190} INFO - [2026-07-25T12:55:31.817+0000] {dagbag.py:588} INFO - Filling up the DagBag from /opt/airflow/dags/hdb_pipeline.py
[2026-07-25T12:55:32.288+0000] {processor.py:925} INFO - DAG(s) 'hdb_resale_pipeline' retrieved from /opt/airflow/dags/hdb_pipeline.py
[2026-07-25T12:55:32.306+0000] {logging_mixin.py:190} INFO - [2026-07-25T12:55:32.305+0000] {dag.py:3239} INFO - Sync 1 DAGs
[2026-07-25T12:55:32.320+0000] {logging_mixin.py:190} INFO - [2026-07-25T12:55:32.320+0000] {dag.py:4180} INFO - Setting next_dagrun for hdb_resale_pipeline to 2026-07-24 00:00:00+00:00, run_after=2026-07-25 00:00:00+00:00
[2026-07-25T12:55:32.331+0000] {processor.py:208} INFO - Processing /opt/airflow/dags/hdb_pipeline.py took 0.522 seconds
[2026-07-25T12:56:02.470+0000] {processor.py:186} INFO - Started process (PID=213) to work on /opt/airflow/dags/hdb_pipeline.py
[2026-07-25T12:56:02.470+0000] {processor.py:914} INFO - Processing file /opt/airflow/dags/hdb_pipeline.py for tasks to queue
[2026-07-25T12:56:02.472+0000] {logging_mixin.py:190} INFO - [2026-07-25T12:56:02.472+0000] {dagbag.py:588} INFO - Filling up the DagBag from /opt/airflow/dags/hdb_pipeline.py
[2026-07-25T12:56:02.885+0000] {processor.py:925} INFO - DAG(s) 'hdb_resale_pipeline' retrieved from /opt/airflow/dags/hdb_pipeline.py
[2026-07-25T12:56:02.899+0000] {logging_mixin.py:190} INFO - [2026-07-25T12:56:02.899+0000] {dag.py:3239} INFO - Sync 1 DAGs
[2026-07-25T12:56:02.911+0000] {logging_mixin.py:190} INFO - [2026-07-25T12:56:02.911+0000] {dag.py:4180} INFO - Setting next_dagrun for hdb_resale_pipeline to 2026-07-24 00:00:00+00:00, run_after=2026-07-25 00:00:00+00:00
[2026-07-25T12:56:02.923+0000] {processor.py:208} INFO - Processing /opt/airflow/dags/hdb_pipeline.py took 0.456 seconds
[2026-07-25T12:56:33.094+0000] {processor.py:186} INFO - Started process (PID=236) to work on /opt/airflow/dags/hdb_pipeline.py
[2026-07-25T12:56:33.095+0000] {processor.py:914} INFO - Processing file /opt/airflow/dags/hdb_pipeline.py for tasks to queue
[2026-07-25T12:56:33.098+0000] {logging_mixin.py:190} INFO - [2026-07-25T12:56:33.097+0000] {dagbag.py:588} INFO - Filling up the DagBag from /opt/airflow/dags/hdb_pipeline.py
[2026-07-25T12:56:33.571+0000] {processor.py:925} INFO - DAG(s) 'hdb_resale_pipeline' retrieved from /opt/airflow/dags/hdb_pipeline.py
[2026-07-25T12:56:33.588+0000] {logging_mixin.py:190} INFO - [2026-07-25T12:56:33.588+0000] {dag.py:3239} INFO - Sync 1 DAGs
[2026-07-25T12:56:33.601+0000] {logging_mixin.py:190} INFO - [2026-07-25T12:56:33.601+0000] {dag.py:4180} INFO - Setting next_dagrun for hdb_resale_pipeline to 2026-07-24 00:00:00+00:00, run_after=2026-07-25 00:00:00+00:00
[2026-07-25T12:56:33.612+0000] {processor.py:208} INFO - Processing /opt/airflow/dags/hdb_pipeline.py took 0.524 seconds
[2026-07-25T12:57:03.757+0000] {processor.py:186} INFO - Started process (PID=259) to work on /opt/airflow/dags/hdb_pipeline.py
[2026-07-25T12:57:03.758+0000] {processor.py:914} INFO - Processing file /opt/airflow/dags/hdb_pipeline.py for tasks to queue
[2026-07-25T12:57:03.760+0000] {logging_mixin.py:190} INFO - [2026-07-25T12:57:03.759+0000] {dagbag.py:588} INFO - Filling up the DagBag from /opt/airflow/dags/hdb_pipeline.py
[2026-07-25T12:57:04.136+0000] {processor.py:925} INFO - DAG(s) 'hdb_resale_pipeline' retrieved from /opt/airflow/dags/hdb_pipeline.py
[2026-07-25T12:57:04.150+0000] {logging_mixin.py:190} INFO - [2026-07-25T12:57:04.150+0000] {dag.py:3239} INFO - Sync 1 DAGs
[2026-07-25T12:57:04.162+0000] {logging_mixin.py:190} INFO - [2026-07-25T12:57:04.162+0000] {dag.py:4180} INFO - Setting next_dagrun for hdb_resale_pipeline to 2026-07-24 00:00:00+00:00, run_after=2026-07-25 00:00:00+00:00
[2026-07-25T12:57:04.172+0000] {processor.py:208} INFO - Processing /opt/airflow/dags/hdb_pipeline.py took 0.419 seconds
[2026-07-25T12:57:34.363+0000] {processor.py:186} INFO - Started process (PID=282) to work on /opt/airflow/dags/hdb_pipeline.py
[2026-07-25T12:57:34.364+0000] {processor.py:914} INFO - Processing file /opt/airflow/dags/hdb_pipeline.py for tasks to queue
[2026-07-25T12:57:34.366+0000] {logging_mixin.py:190} INFO - [2026-07-25T12:57:34.365+0000] {dagbag.py:588} INFO - Filling up the DagBag from /opt/airflow/dags/hdb_pipeline.py
[2026-07-25T12:57:34.730+0000] {processor.py:925} INFO - DAG(s) 'hdb_resale_pipeline' retrieved from /opt/airflow/dags/hdb_pipeline.py
[2026-07-25T12:57:34.743+0000] {logging_mixin.py:190} INFO - [2026-07-25T12:57:34.743+0000] {dag.py:3239} INFO - Sync 1 DAGs
[2026-07-25T12:57:34.755+0000] {logging_mixin.py:190} INFO - [2026-07-25T12:57:34.755+0000] {dag.py:4180} INFO - Setting next_dagrun for hdb_resale_pipeline to 2026-07-24 00:00:00+00:00, run_after=2026-07-25 00:00:00+00:00
[2026-07-25T12:57:34.766+0000] {processor.py:208} INFO - Processing /opt/airflow/dags/hdb_pipeline.py took 0.406 seconds
[2026-07-25T12:58:04.925+0000] {processor.py:186} INFO - Started process (PID=305) to work on /opt/airflow/dags/hdb_pipeline.py
[2026-07-25T12:58:04.925+0000] {processor.py:914} INFO - Processing file /opt/airflow/dags/hdb_pipeline.py for tasks to queue
[2026-07-25T12:58:04.927+0000] {logging_mixin.py:190} INFO - [2026-07-25T12:58:04.927+0000] {dagbag.py:588} INFO - Filling up the DagBag from /opt/airflow/dags/hdb_pipeline.py
[2026-07-25T12:58:05.301+0000] {processor.py:925} INFO - DAG(s) 'hdb_resale_pipeline' retrieved from /opt/airflow/dags/hdb_pipeline.py
[2026-07-25T12:58:05.314+0000] {logging_mixin.py:190} INFO - [2026-07-25T12:58:05.314+0000] {dag.py:3239} INFO - Sync 1 DAGs
[2026-07-25T12:58:05.326+0000] {logging_mixin.py:190} INFO - [2026-07-25T12:58:05.326+0000] {dag.py:4180} INFO - Setting next_dagrun for hdb_resale_pipeline to 2026-07-24 00:00:00+00:00, run_after=2026-07-25 00:00:00+00:00
[2026-07-25T12:58:05.338+0000] {processor.py:208} INFO - Processing /opt/airflow/dags/hdb_pipeline.py took 0.416 seconds
[2026-07-25T12:58:35.490+0000] {processor.py:186} INFO - Started process (PID=328) to work on /opt/airflow/dags/hdb_pipeline.py
[2026-07-25T12:58:35.491+0000] {processor.py:914} INFO - Processing file /opt/airflow/dags/hdb_pipeline.py for tasks to queue
[2026-07-25T12:58:35.493+0000] {logging_mixin.py:190} INFO - [2026-07-25T12:58:35.493+0000] {dagbag.py:588} INFO - Filling up the DagBag from /opt/airflow/dags/hdb_pipeline.py
[2026-07-25T12:58:35.751+0000] {processor.py:925} INFO - DAG(s) 'hdb_resale_pipeline' retrieved from /opt/airflow/dags/hdb_pipeline.py
[2026-07-25T12:58:35.878+0000] {logging_mixin.py:190} INFO - [2026-07-25T12:58:35.877+0000] {dag.py:3239} INFO - Sync 1 DAGs
[2026-07-25T12:58:35.892+0000] {logging_mixin.py:190} INFO - [2026-07-25T12:58:35.891+0000] {dag.py:4180} INFO - Setting next_dagrun for hdb_resale_pipeline to 2026-07-24 00:00:00+00:00, run_after=2026-07-25 00:00:00+00:00
[2026-07-25T12:58:35.903+0000] {processor.py:208} INFO - Processing /opt/airflow/dags/hdb_pipeline.py took 0.417 seconds
[2026-07-25T12:59:06.058+0000] {processor.py:186} INFO - Started process (PID=351) to work on /opt/airflow/dags/hdb_pipeline.py
[2026-07-25T12:59:06.059+0000] {processor.py:914} INFO - Processing file /opt/airflow/dags/hdb_pipeline.py for tasks to queue
[2026-07-25T12:59:06.061+0000] {logging_mixin.py:190} INFO - [2026-07-25T12:59:06.061+0000] {dagbag.py:588} INFO - Filling up the DagBag from /opt/airflow/dags/hdb_pipeline.py
[2026-07-25T12:59:06.430+0000] {processor.py:925} INFO - DAG(s) 'hdb_resale_pipeline' retrieved from /opt/airflow/dags/hdb_pipeline.py
[2026-07-25T12:59:06.444+0000] {logging_mixin.py:190} INFO - [2026-07-25T12:59:06.443+0000] {dag.py:3239} INFO - Sync 1 DAGs
[2026-07-25T12:59:06.455+0000] {logging_mixin.py:190} INFO - [2026-07-25T12:59:06.455+0000] {dag.py:4180} INFO - Setting next_dagrun for hdb_resale_pipeline to 2026-07-24 00:00:00+00:00, run_after=2026-07-25 00:00:00+00:00
[2026-07-25T12:59:06.466+0000] {processor.py:208} INFO - Processing /opt/airflow/dags/hdb_pipeline.py took 0.411 seconds
[2026-07-25T12:59:36.620+0000] {processor.py:186} INFO - Started process (PID=374) to work on /opt/airflow/dags/hdb_pipeline.py
[2026-07-25T12:59:36.621+0000] {processor.py:914} INFO - Processing file /opt/airflow/dags/hdb_pipeline.py for tasks to queue
[2026-07-25T12:59:36.624+0000] {logging_mixin.py:190} INFO - [2026-07-25T12:59:36.623+0000] {dagbag.py:588} INFO - Filling up the DagBag from /opt/airflow/dags/hdb_pipeline.py
[2026-07-25T12:59:36.995+0000] {processor.py:925} INFO - DAG(s) 'hdb_resale_pipeline' retrieved from /opt/airflow/dags/hdb_pipeline.py
[2026-07-25T12:59:37.010+0000] {logging_mixin.py:190} INFO - [2026-07-25T12:59:37.009+0000] {dag.py:3239} INFO - Sync 1 DAGs
[2026-07-25T12:59:37.022+0000] {logging_mixin.py:190} INFO - [2026-07-25T12:59:37.022+0000] {dag.py:4180} INFO - Setting next_dagrun for hdb_resale_pipeline to 2026-07-24 00:00:00+00:00, run_after=2026-07-25 00:00:00+00:00
[2026-07-25T12:59:37.041+0000] {processor.py:208} INFO - Processing /opt/airflow/dags/hdb_pipeline.py took 0.424 seconds
[2026-07-25T13:00:07.192+0000] {processor.py:186} INFO - Started process (PID=397) to work on /opt/airflow/dags/hdb_pipeline.py
[2026-07-25T13:00:07.193+0000] {processor.py:914} INFO - Processing file /opt/airflow/dags/hdb_pipeline.py for tasks to queue
[2026-07-25T13:00:07.195+0000] {logging_mixin.py:190} INFO - [2026-07-25T13:00:07.195+0000] {dagbag.py:588} INFO - Filling up the DagBag from /opt/airflow/dags/hdb_pipeline.py
[2026-07-25T13:00:07.568+0000] {processor.py:925} INFO - DAG(s) 'hdb_resale_pipeline' retrieved from /opt/airflow/dags/hdb_pipeline.py
[2026-07-25T13:00:07.582+0000] {logging_mixin.py:190} INFO - [2026-07-25T13:00:07.582+0000] {dag.py:3239} INFO - Sync 1 DAGs
[2026-07-25T13:00:07.594+0000] {logging_mixin.py:190} INFO - [2026-07-25T13:00:07.594+0000] {dag.py:4180} INFO - Setting next_dagrun for hdb_resale_pipeline to 2026-07-24 00:00:00+00:00, run_after=2026-07-25 00:00:00+00:00
[2026-07-25T13:00:07.604+0000] {processor.py:208} INFO - Processing /opt/airflow/dags/hdb_pipeline.py took 0.415 seconds
[2026-07-25T13:00:37.759+0000] {processor.py:186} INFO - Started process (PID=420) to work on /opt/airflow/dags/hdb_pipeline.py
[2026-07-25T13:00:37.760+0000] {processor.py:914} INFO - Processing file /opt/airflow/dags/hdb_pipeline.py for tasks to queue
[2026-07-25T13:00:37.762+0000] {logging_mixin.py:190} INFO - [2026-07-25T13:00:37.762+0000] {dagbag.py:588} INFO - Filling up the DagBag from /opt/airflow/dags/hdb_pipeline.py
[2026-07-25T13:00:38.017+0000] {processor.py:925} INFO - DAG(s) 'hdb_resale_pipeline' retrieved from /opt/airflow/dags/hdb_pipeline.py
[2026-07-25T13:00:38.145+0000] {logging_mixin.py:190} INFO - [2026-07-25T13:00:38.144+0000] {dag.py:3239} INFO - Sync 1 DAGs
[2026-07-25T13:00:38.157+0000] {logging_mixin.py:190} INFO - [2026-07-25T13:00:38.157+0000] {dag.py:4180} INFO - Setting next_dagrun for hdb_resale_pipeline to 2026-07-24 00:00:00+00:00, run_after=2026-07-25 00:00:00+00:00
[2026-07-25T13:00:38.167+0000] {processor.py:208} INFO - Processing /opt/airflow/dags/hdb_pipeline.py took 0.412 seconds
[2026-07-25T13:01:08.317+0000] {processor.py:186} INFO - Started process (PID=443) to work on /opt/airflow/dags/hdb_pipeline.py
[2026-07-25T13:01:08.318+0000] {processor.py:914} INFO - Processing file /opt/airflow/dags/hdb_pipeline.py for tasks to queue
[2026-07-25T13:01:08.320+0000] {logging_mixin.py:190} INFO - [2026-07-25T13:01:08.320+0000] {dagbag.py:588} INFO - Filling up the DagBag from /opt/airflow/dags/hdb_pipeline.py
[2026-07-25T13:01:08.703+0000] {processor.py:925} INFO - DAG(s) 'hdb_resale_pipeline' retrieved from /opt/airflow/dags/hdb_pipeline.py
[2026-07-25T13:01:08.718+0000] {logging_mixin.py:190} INFO - [2026-07-25T13:01:08.717+0000] {dag.py:3239} INFO - Sync 1 DAGs
[2026-07-25T13:01:08.730+0000] {logging_mixin.py:190} INFO - [2026-07-25T13:01:08.730+0000] {dag.py:4180} INFO - Setting next_dagrun for hdb_resale_pipeline to 2026-07-24 00:00:00+00:00, run_after=2026-07-25 00:00:00+00:00
[2026-07-25T13:01:08.741+0000] {processor.py:208} INFO - Processing /opt/airflow/dags/hdb_pipeline.py took 0.428 seconds
[2026-07-25T13:01:38.895+0000] {processor.py:186} INFO - Started process (PID=466) to work on /opt/airflow/dags/hdb_pipeline.py
[2026-07-25T13:01:38.895+0000] {processor.py:914} INFO - Processing file /opt/airflow/dags/hdb_pipeline.py for tasks to queue
[2026-07-25T13:01:38.897+0000] {logging_mixin.py:190} INFO - [2026-07-25T13:01:38.897+0000] {dagbag.py:588} INFO - Filling up the DagBag from /opt/airflow/dags/hdb_pipeline.py
[2026-07-25T13:01:39.296+0000] {processor.py:925} INFO - DAG(s) 'hdb_resale_pipeline' retrieved from /opt/airflow/dags/hdb_pipeline.py
[2026-07-25T13:01:39.312+0000] {logging_mixin.py:190} INFO - [2026-07-25T13:01:39.312+0000] {dag.py:3239} INFO - Sync 1 DAGs
[2026-07-25T13:01:39.325+0000] {logging_mixin.py:190} INFO - [2026-07-25T13:01:39.325+0000] {dag.py:4180} INFO - Setting next_dagrun for hdb_resale_pipeline to 2026-07-24 00:00:00+00:00, run_after=2026-07-25 00:00:00+00:00
[2026-07-25T13:01:39.336+0000] {processor.py:208} INFO - Processing /opt/airflow/dags/hdb_pipeline.py took 0.445 seconds
[2026-07-25T13:02:09.495+0000] {processor.py:186} INFO - Started process (PID=489) to work on /opt/airflow/dags/hdb_pipeline.py
[2026-07-25T13:02:09.496+0000] {processor.py:914} INFO - Processing file /opt/airflow/dags/hdb_pipeline.py for tasks to queue
[2026-07-25T13:02:09.498+0000] {logging_mixin.py:190} INFO - [2026-07-25T13:02:09.498+0000] {dagbag.py:588} INFO - Filling up the DagBag from /opt/airflow/dags/hdb_pipeline.py
[2026-07-25T13:02:09.877+0000] {processor.py:925} INFO - DAG(s) 'hdb_resale_pipeline' retrieved from /opt/airflow/dags/hdb_pipeline.py
[2026-07-25T13:02:09.891+0000] {logging_mixin.py:190} INFO - [2026-07-25T13:02:09.891+0000] {dag.py:3239} INFO - Sync 1 DAGs
[2026-07-25T13:02:09.904+0000] {logging_mixin.py:190} INFO - [2026-07-25T13:02:09.904+0000] {dag.py:4180} INFO - Setting next_dagrun for hdb_resale_pipeline to 2026-07-24 00:00:00+00:00, run_after=2026-07-25 00:00:00+00:00
[2026-07-25T13:02:09.916+0000] {processor.py:208} INFO - Processing /opt/airflow/dags/hdb_pipeline.py took 0.424 seconds
[2026-07-25T13:02:40.083+0000] {processor.py:186} INFO - Started process (PID=512) to work on /opt/airflow/dags/hdb_pipeline.py
[2026-07-25T13:02:40.084+0000] {processor.py:914} INFO - Processing file /opt/airflow/dags/hdb_pipeline.py for tasks to queue
[2026-07-25T13:02:40.086+0000] {logging_mixin.py:190} INFO - [2026-07-25T13:02:40.086+0000] {dagbag.py:588} INFO - Filling up the DagBag from /opt/airflow/dags/hdb_pipeline.py
[2026-07-25T13:02:40.516+0000] {processor.py:925} INFO - DAG(s) 'hdb_resale_pipeline' retrieved from /opt/airflow/dags/hdb_pipeline.py
[2026-07-25T13:02:40.531+0000] {logging_mixin.py:190} INFO - [2026-07-25T13:02:40.531+0000] {dag.py:3239} INFO - Sync 1 DAGs
[2026-07-25T13:02:40.544+0000] {logging_mixin.py:190} INFO - [2026-07-25T13:02:40.544+0000] {dag.py:4180} INFO - Setting next_dagrun for hdb_resale_pipeline to 2026-07-24 00:00:00+00:00, run_after=2026-07-25 00:00:00+00:00
[2026-07-25T13:02:40.556+0000] {processor.py:208} INFO - Processing /opt/airflow/dags/hdb_pipeline.py took 0.477 seconds
[2026-07-25T13:03:10.714+0000] {processor.py:186} INFO - Started process (PID=535) to work on /opt/airflow/dags/hdb_pipeline.py
[2026-07-25T13:03:10.715+0000] {processor.py:914} INFO - Processing file /opt/airflow/dags/hdb_pipeline.py for tasks to queue
[2026-07-25T13:03:10.717+0000] {logging_mixin.py:190} INFO - [2026-07-25T13:03:10.717+0000] {dagbag.py:588} INFO - Filling up the DagBag from /opt/airflow/dags/hdb_pipeline.py
[2026-07-25T13:03:11.116+0000] {processor.py:925} INFO - DAG(s) 'hdb_resale_pipeline' retrieved from /opt/airflow/dags/hdb_pipeline.py
[2026-07-25T13:03:11.131+0000] {logging_mixin.py:190} INFO - [2026-07-25T13:03:11.130+0000] {dag.py:3239} INFO - Sync 1 DAGs
[2026-07-25T13:03:11.143+0000] {logging_mixin.py:190} INFO - [2026-07-25T13:03:11.143+0000] {dag.py:4180} INFO - Setting next_dagrun for hdb_resale_pipeline to 2026-07-24 00:00:00+00:00, run_after=2026-07-25 00:00:00+00:00
[2026-07-25T13:03:11.153+0000] {processor.py:208} INFO - Processing /opt/airflow/dags/hdb_pipeline.py took 0.442 seconds
[2026-07-25T13:03:41.312+0000] {processor.py:186} INFO - Started process (PID=558) to work on /opt/airflow/dags/hdb_pipeline.py
[2026-07-25T13:03:41.313+0000] {processor.py:914} INFO - Processing file /opt/airflow/dags/hdb_pipeline.py for tasks to queue
[2026-07-25T13:03:41.315+0000] {logging_mixin.py:190} INFO - [2026-07-25T13:03:41.315+0000] {dagbag.py:588} INFO - Filling up the DagBag from /opt/airflow/dags/hdb_pipeline.py
[2026-07-25T13:03:41.694+0000] {processor.py:925} INFO - DAG(s) 'hdb_resale_pipeline' retrieved from /opt/airflow/dags/hdb_pipeline.py
[2026-07-25T13:03:41.708+0000] {logging_mixin.py:190} INFO - [2026-07-25T13:03:41.707+0000] {dag.py:3239} INFO - Sync 1 DAGs
[2026-07-25T13:03:41.720+0000] {logging_mixin.py:190} INFO - [2026-07-25T13:03:41.720+0000] {dag.py:4180} INFO - Setting next_dagrun for hdb_resale_pipeline to 2026-07-24 00:00:00+00:00, run_after=2026-07-25 00:00:00+00:00
[2026-07-25T13:03:41.731+0000] {processor.py:208} INFO - Processing /opt/airflow/dags/hdb_pipeline.py took 0.423 seconds
[2026-07-25T13:03:49.803+0000] {processor.py:186} INFO - Started process (PID=575) to work on /opt/airflow/dags/hdb_pipeline.py
[2026-07-25T13:03:49.804+0000] {processor.py:914} INFO - Processing file /opt/airflow/dags/hdb_pipeline.py for tasks to queue
[2026-07-25T13:03:49.806+0000] {logging_mixin.py:190} INFO - [2026-07-25T13:03:49.806+0000] {dagbag.py:588} INFO - Filling up the DagBag from /opt/airflow/dags/hdb_pipeline.py
[2026-07-25T13:03:50.192+0000] {processor.py:925} INFO - DAG(s) 'hdb_resale_pipeline' retrieved from /opt/airflow/dags/hdb_pipeline.py
[2026-07-25T13:03:50.206+0000] {logging_mixin.py:190} INFO - [2026-07-25T13:03:50.206+0000] {dag.py:3239} INFO - Sync 1 DAGs
[2026-07-25T13:03:50.219+0000] {logging_mixin.py:190} INFO - [2026-07-25T13:03:50.219+0000] {dag.py:4180} INFO - Setting next_dagrun for hdb_resale_pipeline to 2026-07-24 00:00:00+00:00, run_after=2026-07-25 00:00:00+00:00
[2026-07-25T13:03:50.233+0000] {processor.py:208} INFO - Processing /opt/airflow/dags/hdb_pipeline.py took 0.433 seconds
[2026-07-25T13:04:20.390+0000] {processor.py:186} INFO - Started process (PID=598) to work on /opt/airflow/dags/hdb_pipeline.py
[2026-07-25T13:04:20.391+0000] {processor.py:914} INFO - Processing file /opt/airflow/dags/hdb_pipeline.py for tasks to queue
[2026-07-25T13:04:20.393+0000] {logging_mixin.py:190} INFO - [2026-07-25T13:04:20.393+0000] {dagbag.py:588} INFO - Filling up the DagBag from /opt/airflow/dags/hdb_pipeline.py
[2026-07-25T13:04:20.792+0000] {processor.py:925} INFO - DAG(s) 'hdb_resale_pipeline' retrieved from /opt/airflow/dags/hdb_pipeline.py
[2026-07-25T13:04:20.806+0000] {logging_mixin.py:190} INFO - [2026-07-25T13:04:20.806+0000] {dag.py:3239} INFO - Sync 1 DAGs
[2026-07-25T13:04:20.818+0000] {logging_mixin.py:190} INFO - [2026-07-25T13:04:20.818+0000] {dag.py:4180} INFO - Setting next_dagrun for hdb_resale_pipeline to 2026-07-24 00:00:00+00:00, run_after=2026-07-25 00:00:00+00:00
[2026-07-25T13:04:20.830+0000] {processor.py:208} INFO - Processing /opt/airflow/dags/hdb_pipeline.py took 0.443 seconds
[2026-07-25T13:07:56.705+0000] {processor.py:186} INFO - Started process (PID=39) to work on /opt/airflow/dags/hdb_pipeline.py
[2026-07-25T13:07:56.706+0000] {processor.py:914} INFO - Processing file /opt/airflow/dags/hdb_pipeline.py for tasks to queue
[2026-07-25T13:07:56.708+0000] {logging_mixin.py:190} INFO - [2026-07-25T13:07:56.708+0000] {dagbag.py:588} INFO - Filling up the DagBag from /opt/airflow/dags/hdb_pipeline.py
[2026-07-25T13:07:58.124+0000] {processor.py:925} INFO - DAG(s) 'hdb_resale_pipeline' retrieved from /opt/airflow/dags/hdb_pipeline.py
[2026-07-25T13:07:58.150+0000] {logging_mixin.py:190} INFO - [2026-07-25T13:07:58.149+0000] {dag.py:3239} INFO - Sync 1 DAGs
[2026-07-25T13:07:58.164+0000] {logging_mixin.py:190} INFO - [2026-07-25T13:07:58.164+0000] {dag.py:4180} INFO - Setting next_dagrun for hdb_resale_pipeline to 2026-07-24 00:00:00+00:00, run_after=2026-07-25 00:00:00+00:00
[2026-07-25T13:07:58.175+0000] {processor.py:208} INFO - Processing /opt/airflow/dags/hdb_pipeline.py took 1.474 seconds
[2026-07-25T13:08:28.331+0000] {processor.py:186} INFO - Started process (PID=69) to work on /opt/airflow/dags/hdb_pipeline.py
[2026-07-25T13:08:28.332+0000] {processor.py:914} INFO - Processing file /opt/airflow/dags/hdb_pipeline.py for tasks to queue
[2026-07-25T13:08:28.337+0000] {logging_mixin.py:190} INFO - [2026-07-25T13:08:28.336+0000] {dagbag.py:588} INFO - Filling up the DagBag from /opt/airflow/dags/hdb_pipeline.py
[2026-07-25T13:08:28.787+0000] {processor.py:925} INFO - DAG(s) 'hdb_resale_pipeline' retrieved from /opt/airflow/dags/hdb_pipeline.py
[2026-07-25T13:08:28.803+0000] {logging_mixin.py:190} INFO - [2026-07-25T13:08:28.803+0000] {dag.py:3239} INFO - Sync 1 DAGs
[2026-07-25T13:08:28.816+0000] {logging_mixin.py:190} INFO - [2026-07-25T13:08:28.816+0000] {dag.py:4180} INFO - Setting next_dagrun for hdb_resale_pipeline to 2026-07-24 00:00:00+00:00, run_after=2026-07-25 00:00:00+00:00
[2026-07-25T13:08:28.842+0000] {processor.py:208} INFO - Processing /opt/airflow/dags/hdb_pipeline.py took 0.515 seconds
[2026-07-25T13:08:58.987+0000] {processor.py:186} INFO - Started process (PID=92) to work on /opt/airflow/dags/hdb_pipeline.py
[2026-07-25T13:08:58.988+0000] {processor.py:914} INFO - Processing file /opt/airflow/dags/hdb_pipeline.py for tasks to queue
[2026-07-25T13:08:58.989+0000] {logging_mixin.py:190} INFO - [2026-07-25T13:08:58.989+0000] {dagbag.py:588} INFO - Filling up the DagBag from /opt/airflow/dags/hdb_pipeline.py
[2026-07-25T13:08:59.399+0000] {processor.py:925} INFO - DAG(s) 'hdb_resale_pipeline' retrieved from /opt/airflow/dags/hdb_pipeline.py
[2026-07-25T13:08:59.414+0000] {logging_mixin.py:190} INFO - [2026-07-25T13:08:59.413+0000] {dag.py:3239} INFO - Sync 1 DAGs
[2026-07-25T13:08:59.427+0000] {logging_mixin.py:190} INFO - [2026-07-25T13:08:59.427+0000] {dag.py:4180} INFO - Setting next_dagrun for hdb_resale_pipeline to 2026-07-25 00:00:00+00:00, run_after=2026-07-26 00:00:00+00:00
[2026-07-25T13:08:59.443+0000] {processor.py:208} INFO - Processing /opt/airflow/dags/hdb_pipeline.py took 0.461 seconds
[2026-07-25T13:09:29.602+0000] {processor.py:186} INFO - Started process (PID=119) to work on /opt/airflow/dags/hdb_pipeline.py
[2026-07-25T13:09:29.602+0000] {processor.py:914} INFO - Processing file /opt/airflow/dags/hdb_pipeline.py for tasks to queue
[2026-07-25T13:09:29.605+0000] {logging_mixin.py:190} INFO - [2026-07-25T13:09:29.604+0000] {dagbag.py:588} INFO - Filling up the DagBag from /opt/airflow/dags/hdb_pipeline.py
[2026-07-25T13:09:29.987+0000] {processor.py:925} INFO - DAG(s) 'hdb_resale_pipeline' retrieved from /opt/airflow/dags/hdb_pipeline.py
[2026-07-25T13:09:30.001+0000] {logging_mixin.py:190} INFO - [2026-07-25T13:09:30.001+0000] {dag.py:3239} INFO - Sync 1 DAGs
[2026-07-25T13:09:30.013+0000] {logging_mixin.py:190} INFO - [2026-07-25T13:09:30.013+0000] {dag.py:4180} INFO - Setting next_dagrun for hdb_resale_pipeline to 2026-07-25 00:00:00+00:00, run_after=2026-07-26 00:00:00+00:00
[2026-07-25T13:09:30.024+0000] {processor.py:208} INFO - Processing /opt/airflow/dags/hdb_pipeline.py took 0.426 seconds
[2026-07-25T13:10:00.188+0000] {processor.py:186} INFO - Started process (PID=142) to work on /opt/airflow/dags/hdb_pipeline.py
[2026-07-25T13:10:00.189+0000] {processor.py:914} INFO - Processing file /opt/airflow/dags/hdb_pipeline.py for tasks to queue
[2026-07-25T13:10:00.192+0000] {logging_mixin.py:190} INFO - [2026-07-25T13:10:00.192+0000] {dagbag.py:588} INFO - Filling up the DagBag from /opt/airflow/dags/hdb_pipeline.py
[2026-07-25T13:10:00.653+0000] {processor.py:925} INFO - DAG(s) 'hdb_resale_pipeline' retrieved from /opt/airflow/dags/hdb_pipeline.py
[2026-07-25T13:10:00.668+0000] {logging_mixin.py:190} INFO - [2026-07-25T13:10:00.668+0000] {dag.py:3239} INFO - Sync 1 DAGs
[2026-07-25T13:10:00.681+0000] {logging_mixin.py:190} INFO - [2026-07-25T13:10:00.681+0000] {dag.py:4180} INFO - Setting next_dagrun for hdb_resale_pipeline to 2026-07-25 00:00:00+00:00, run_after=2026-07-26 00:00:00+00:00
[2026-07-25T13:10:00.693+0000] {processor.py:208} INFO - Processing /opt/airflow/dags/hdb_pipeline.py took 0.510 seconds
[2026-07-25T13:10:30.854+0000] {processor.py:186} INFO - Started process (PID=165) to work on /opt/airflow/dags/hdb_pipeline.py
[2026-07-25T13:10:30.856+0000] {processor.py:914} INFO - Processing file /opt/airflow/dags/hdb_pipeline.py for tasks to queue
[2026-07-25T13:10:30.859+0000] {logging_mixin.py:190} INFO - [2026-07-25T13:10:30.858+0000] {dagbag.py:588} INFO - Filling up the DagBag from /opt/airflow/dags/hdb_pipeline.py
[2026-07-25T13:10:31.319+0000] {processor.py:925} INFO - DAG(s) 'hdb_resale_pipeline' retrieved from /opt/airflow/dags/hdb_pipeline.py
[2026-07-25T13:10:31.335+0000] {logging_mixin.py:190} INFO - [2026-07-25T13:10:31.334+0000] {dag.py:3239} INFO - Sync 1 DAGs
[2026-07-25T13:10:31.347+0000] {logging_mixin.py:190} INFO - [2026-07-25T13:10:31.347+0000] {dag.py:4180} INFO - Setting next_dagrun for hdb_resale_pipeline to 2026-07-25 00:00:00+00:00, run_after=2026-07-26 00:00:00+00:00
[2026-07-25T13:10:31.360+0000] {processor.py:208} INFO - Processing /opt/airflow/dags/hdb_pipeline.py took 0.511 seconds
[2026-07-25T13:11:01.460+0000] {processor.py:186} INFO - Started process (PID=188) to work on /opt/airflow/dags/hdb_pipeline.py
[2026-07-25T13:11:01.461+0000] {processor.py:914} INFO - Processing file /opt/airflow/dags/hdb_pipeline.py for tasks to queue
[2026-07-25T13:11:01.463+0000] {logging_mixin.py:190} INFO - [2026-07-25T13:11:01.463+0000] {dagbag.py:588} INFO - Filling up the DagBag from /opt/airflow/dags/hdb_pipeline.py
[2026-07-25T13:11:01.864+0000] {processor.py:925} INFO - DAG(s) 'hdb_resale_pipeline' retrieved from /opt/airflow/dags/hdb_pipeline.py
[2026-07-25T13:11:01.877+0000] {logging_mixin.py:190} INFO - [2026-07-25T13:11:01.877+0000] {dag.py:3239} INFO - Sync 1 DAGs
[2026-07-25T13:11:01.889+0000] {logging_mixin.py:190} INFO - [2026-07-25T13:11:01.889+0000] {dag.py:4180} INFO - Setting next_dagrun for hdb_resale_pipeline to 2026-07-25 00:00:00+00:00, run_after=2026-07-26 00:00:00+00:00
[2026-07-25T13:11:01.900+0000] {processor.py:208} INFO - Processing /opt/airflow/dags/hdb_pipeline.py took 0.444 seconds
[2026-07-25T13:11:32.053+0000] {processor.py:186} INFO - Started process (PID=211) to work on /opt/airflow/dags/hdb_pipeline.py
[2026-07-25T13:11:32.054+0000] {processor.py:914} INFO - Processing file /opt/airflow/dags/hdb_pipeline.py for tasks to queue
[2026-07-25T13:11:32.057+0000] {logging_mixin.py:190} INFO - [2026-07-25T13:11:32.057+0000] {dagbag.py:588} INFO - Filling up the DagBag from /opt/airflow/dags/hdb_pipeline.py
[2026-07-25T13:11:32.458+0000] {processor.py:925} INFO - DAG(s) 'hdb_resale_pipeline' retrieved from /opt/airflow/dags/hdb_pipeline.py
[2026-07-25T13:11:32.472+0000] {logging_mixin.py:190} INFO - [2026-07-25T13:11:32.471+0000] {dag.py:3239} INFO - Sync 1 DAGs
[2026-07-25T13:11:32.483+0000] {logging_mixin.py:190} INFO - [2026-07-25T13:11:32.483+0000] {dag.py:4180} INFO - Setting next_dagrun for hdb_resale_pipeline to 2026-07-25 00:00:00+00:00, run_after=2026-07-26 00:00:00+00:00
[2026-07-25T13:11:32.495+0000] {processor.py:208} INFO - Processing /opt/airflow/dags/hdb_pipeline.py took 0.446 seconds
[2026-07-25T13:12:02.656+0000] {processor.py:186} INFO - Started process (PID=234) to work on /opt/airflow/dags/hdb_pipeline.py
[2026-07-25T13:12:02.656+0000] {processor.py:914} INFO - Processing file /opt/airflow/dags/hdb_pipeline.py for tasks to queue
[2026-07-25T13:12:02.659+0000] {logging_mixin.py:190} INFO - [2026-07-25T13:12:02.658+0000] {dagbag.py:588} INFO - Filling up the DagBag from /opt/airflow/dags/hdb_pipeline.py
[2026-07-25T13:12:03.090+0000] {processor.py:925} INFO - DAG(s) 'hdb_resale_pipeline' retrieved from /opt/airflow/dags/hdb_pipeline.py
[2026-07-25T13:12:03.106+0000] {logging_mixin.py:190} INFO - [2026-07-25T13:12:03.106+0000] {dag.py:3239} INFO - Sync 1 DAGs
[2026-07-25T13:12:03.119+0000] {logging_mixin.py:190} INFO - [2026-07-25T13:12:03.119+0000] {dag.py:4180} INFO - Setting next_dagrun for hdb_resale_pipeline to 2026-07-25 00:00:00+00:00, run_after=2026-07-26 00:00:00+00:00
[2026-07-25T13:12:03.130+0000] {processor.py:208} INFO - Processing /opt/airflow/dags/hdb_pipeline.py took 0.479 seconds
[2026-07-25T13:12:33.286+0000] {processor.py:186} INFO - Started process (PID=257) to work on /opt/airflow/dags/hdb_pipeline.py
[2026-07-25T13:12:33.287+0000] {processor.py:914} INFO - Processing file /opt/airflow/dags/hdb_pipeline.py for tasks to queue
[2026-07-25T13:12:33.289+0000] {logging_mixin.py:190} INFO - [2026-07-25T13:12:33.289+0000] {dagbag.py:588} INFO - Filling up the DagBag from /opt/airflow/dags/hdb_pipeline.py
[2026-07-25T13:12:33.700+0000] {processor.py:925} INFO - DAG(s) 'hdb_resale_pipeline' retrieved from /opt/airflow/dags/hdb_pipeline.py
[2026-07-25T13:12:33.716+0000] {logging_mixin.py:190} INFO - [2026-07-25T13:12:33.715+0000] {dag.py:3239} INFO - Sync 1 DAGs
[2026-07-25T13:12:33.728+0000] {logging_mixin.py:190} INFO - [2026-07-25T13:12:33.728+0000] {dag.py:4180} INFO - Setting next_dagrun for hdb_resale_pipeline to 2026-07-25 00:00:00+00:00, run_after=2026-07-26 00:00:00+00:00
[2026-07-25T13:12:33.740+0000] {processor.py:208} INFO - Processing /opt/airflow/dags/hdb_pipeline.py took 0.458 seconds
[2026-07-25T13:13:03.933+0000] {processor.py:186} INFO - Started process (PID=280) to work on /opt/airflow/dags/hdb_pipeline.py
[2026-07-25T13:13:03.933+0000] {processor.py:914} INFO - Processing file /opt/airflow/dags/hdb_pipeline.py for tasks to queue
[2026-07-25T13:13:03.935+0000] {logging_mixin.py:190} INFO - [2026-07-25T13:13:03.935+0000] {dagbag.py:588} INFO - Filling up the DagBag from /opt/airflow/dags/hdb_pipeline.py
[2026-07-25T13:13:04.335+0000] {processor.py:925} INFO - DAG(s) 'hdb_resale_pipeline' retrieved from /opt/airflow/dags/hdb_pipeline.py
[2026-07-25T13:13:04.349+0000] {logging_mixin.py:190} INFO - [2026-07-25T13:13:04.349+0000] {dag.py:3239} INFO - Sync 1 DAGs
[2026-07-25T13:13:04.362+0000] {logging_mixin.py:190} INFO - [2026-07-25T13:13:04.361+0000] {dag.py:4180} INFO - Setting next_dagrun for hdb_resale_pipeline to 2026-07-25 00:00:00+00:00, run_after=2026-07-26 00:00:00+00:00
[2026-07-25T13:13:04.373+0000] {processor.py:208} INFO - Processing /opt/airflow/dags/hdb_pipeline.py took 0.444 seconds
[2026-07-25T13:13:34.534+0000] {processor.py:186} INFO - Started process (PID=303) to work on /opt/airflow/dags/hdb_pipeline.py
[2026-07-25T13:13:34.535+0000] {processor.py:914} INFO - Processing file /opt/airflow/dags/hdb_pipeline.py for tasks to queue
[2026-07-25T13:13:34.538+0000] {logging_mixin.py:190} INFO - [2026-07-25T13:13:34.537+0000] {dagbag.py:588} INFO - Filling up the DagBag from /opt/airflow/dags/hdb_pipeline.py
[2026-07-25T13:13:34.916+0000] {processor.py:925} INFO - DAG(s) 'hdb_resale_pipeline' retrieved from /opt/airflow/dags/hdb_pipeline.py
[2026-07-25T13:13:34.930+0000] {logging_mixin.py:190} INFO - [2026-07-25T13:13:34.930+0000] {dag.py:3239} INFO - Sync 1 DAGs
[2026-07-25T13:13:34.942+0000] {logging_mixin.py:190} INFO - [2026-07-25T13:13:34.942+0000] {dag.py:4180} INFO - Setting next_dagrun for hdb_resale_pipeline to 2026-07-25 00:00:00+00:00, run_after=2026-07-26 00:00:00+00:00
[2026-07-25T13:13:34.954+0000] {processor.py:208} INFO - Processing /opt/airflow/dags/hdb_pipeline.py took 0.424 seconds
[2026-07-25T13:14:05.110+0000] {processor.py:186} INFO - Started process (PID=326) to work on /opt/airflow/dags/hdb_pipeline.py
[2026-07-25T13:14:05.111+0000] {processor.py:914} INFO - Processing file /opt/airflow/dags/hdb_pipeline.py for tasks to queue
[2026-07-25T13:14:05.112+0000] {logging_mixin.py:190} INFO - [2026-07-25T13:14:05.112+0000] {dagbag.py:588} INFO - Filling up the DagBag from /opt/airflow/dags/hdb_pipeline.py
[2026-07-25T13:14:05.371+0000] {processor.py:925} INFO - DAG(s) 'hdb_resale_pipeline' retrieved from /opt/airflow/dags/hdb_pipeline.py
[2026-07-25T13:14:05.493+0000] {logging_mixin.py:190} INFO - [2026-07-25T13:14:05.493+0000] {dag.py:3239} INFO - Sync 1 DAGs
[2026-07-25T13:14:05.505+0000] {logging_mixin.py:190} INFO - [2026-07-25T13:14:05.505+0000] {dag.py:4180} INFO - Setting next_dagrun for hdb_resale_pipeline to 2026-07-25 00:00:00+00:00, run_after=2026-07-26 00:00:00+00:00
[2026-07-25T13:14:05.516+0000] {processor.py:208} INFO - Processing /opt/airflow/dags/hdb_pipeline.py took 0.409 seconds
[2026-07-25T13:14:35.674+0000] {processor.py:186} INFO - Started process (PID=349) to work on /opt/airflow/dags/hdb_pipeline.py
[2026-07-25T13:14:35.675+0000] {processor.py:914} INFO - Processing file /opt/airflow/dags/hdb_pipeline.py for tasks to queue
[2026-07-25T13:14:35.678+0000] {logging_mixin.py:190} INFO - [2026-07-25T13:14:35.678+0000] {dagbag.py:588} INFO - Filling up the DagBag from /opt/airflow/dags/hdb_pipeline.py
[2026-07-25T13:14:36.077+0000] {processor.py:925} INFO - DAG(s) 'hdb_resale_pipeline' retrieved from /opt/airflow/dags/hdb_pipeline.py
[2026-07-25T13:14:36.092+0000] {logging_mixin.py:190} INFO - [2026-07-25T13:14:36.092+0000] {dag.py:3239} INFO - Sync 1 DAGs
[2026-07-25T13:14:36.104+0000] {logging_mixin.py:190} INFO - [2026-07-25T13:14:36.104+0000] {dag.py:4180} INFO - Setting next_dagrun for hdb_resale_pipeline to 2026-07-25 00:00:00+00:00, run_after=2026-07-26 00:00:00+00:00
[2026-07-25T13:14:36.116+0000] {processor.py:208} INFO - Processing /opt/airflow/dags/hdb_pipeline.py took 0.447 seconds
[2026-07-25T13:15:06.272+0000] {processor.py:186} INFO - Started process (PID=372) to work on /opt/airflow/dags/hdb_pipeline.py
[2026-07-25T13:15:06.273+0000] {processor.py:914} INFO - Processing file /opt/airflow/dags/hdb_pipeline.py for tasks to queue
[2026-07-25T13:15:06.276+0000] {logging_mixin.py:190} INFO - [2026-07-25T13:15:06.276+0000] {dagbag.py:588} INFO - Filling up the DagBag from /opt/airflow/dags/hdb_pipeline.py
[2026-07-25T13:15:06.664+0000] {processor.py:925} INFO - DAG(s) 'hdb_resale_pipeline' retrieved from /opt/airflow/dags/hdb_pipeline.py
[2026-07-25T13:15:06.679+0000] {logging_mixin.py:190} INFO - [2026-07-25T13:15:06.678+0000] {dag.py:3239} INFO - Sync 1 DAGs
[2026-07-25T13:15:06.693+0000] {logging_mixin.py:190} INFO - [2026-07-25T13:15:06.693+0000] {dag.py:4180} INFO - Setting next_dagrun for hdb_resale_pipeline to 2026-07-25 00:00:00+00:00, run_after=2026-07-26 00:00:00+00:00
[2026-07-25T13:15:06.716+0000] {processor.py:208} INFO - Processing /opt/airflow/dags/hdb_pipeline.py took 0.448 seconds
[2026-07-25T13:15:36.870+0000] {processor.py:186} INFO - Started process (PID=395) to work on /opt/airflow/dags/hdb_pipeline.py
[2026-07-25T13:15:36.871+0000] {processor.py:914} INFO - Processing file /opt/airflow/dags/hdb_pipeline.py for tasks to queue
[2026-07-25T13:15:36.873+0000] {logging_mixin.py:190} INFO - [2026-07-25T13:15:36.873+0000] {dagbag.py:588} INFO - Filling up the DagBag from /opt/airflow/dags/hdb_pipeline.py
[2026-07-25T13:15:37.259+0000] {processor.py:925} INFO - DAG(s) 'hdb_resale_pipeline' retrieved from /opt/airflow/dags/hdb_pipeline.py
[2026-07-25T13:15:37.274+0000] {logging_mixin.py:190} INFO - [2026-07-25T13:15:37.274+0000] {dag.py:3239} INFO - Sync 1 DAGs
[2026-07-25T13:15:37.287+0000] {logging_mixin.py:190} INFO - [2026-07-25T13:15:37.287+0000] {dag.py:4180} INFO - Setting next_dagrun for hdb_resale_pipeline to 2026-07-25 00:00:00+00:00, run_after=2026-07-26 00:00:00+00:00
[2026-07-25T13:15:37.298+0000] {processor.py:208} INFO - Processing /opt/airflow/dags/hdb_pipeline.py took 0.431 seconds
[2026-07-25T13:16:07.449+0000] {processor.py:186} INFO - Started process (PID=419) to work on /opt/airflow/dags/hdb_pipeline.py
[2026-07-25T13:16:07.450+0000] {processor.py:914} INFO - Processing file /opt/airflow/dags/hdb_pipeline.py for tasks to queue
[2026-07-25T13:16:07.452+0000] {logging_mixin.py:190} INFO - [2026-07-25T13:16:07.452+0000] {dagbag.py:588} INFO - Filling up the DagBag from /opt/airflow/dags/hdb_pipeline.py
[2026-07-25T13:16:07.720+0000] {processor.py:925} INFO - DAG(s) 'hdb_resale_pipeline' retrieved from /opt/airflow/dags/hdb_pipeline.py
[2026-07-25T13:16:07.870+0000] {logging_mixin.py:190} INFO - [2026-07-25T13:16:07.870+0000] {dag.py:3239} INFO - Sync 1 DAGs
[2026-07-25T13:16:07.882+0000] {logging_mixin.py:190} INFO - [2026-07-25T13:16:07.882+0000] {dag.py:4180} INFO - Setting next_dagrun for hdb_resale_pipeline to 2026-07-25 00:00:00+00:00, run_after=2026-07-26 00:00:00+00:00
[2026-07-25T13:16:07.894+0000] {processor.py:208} INFO - Processing /opt/airflow/dags/hdb_pipeline.py took 0.448 seconds
[2026-07-25T13:16:38.040+0000] {processor.py:186} INFO - Started process (PID=442) to work on /opt/airflow/dags/hdb_pipeline.py
[2026-07-25T13:16:38.041+0000] {processor.py:914} INFO - Processing file /opt/airflow/dags/hdb_pipeline.py for tasks to queue
[2026-07-25T13:16:38.043+0000] {logging_mixin.py:190} INFO - [2026-07-25T13:16:38.043+0000] {dagbag.py:588} INFO - Filling up the DagBag from /opt/airflow/dags/hdb_pipeline.py
[2026-07-25T13:16:38.427+0000] {processor.py:925} INFO - DAG(s) 'hdb_resale_pipeline' retrieved from /opt/airflow/dags/hdb_pipeline.py
[2026-07-25T13:16:38.441+0000] {logging_mixin.py:190} INFO - [2026-07-25T13:16:38.441+0000] {dag.py:3239} INFO - Sync 1 DAGs
[2026-07-25T13:16:38.453+0000] {logging_mixin.py:190} INFO - [2026-07-25T13:16:38.452+0000] {dag.py:4180} INFO - Setting next_dagrun for hdb_resale_pipeline to 2026-07-25 00:00:00+00:00, run_after=2026-07-26 00:00:00+00:00
[2026-07-25T13:16:38.464+0000] {processor.py:208} INFO - Processing /opt/airflow/dags/hdb_pipeline.py took 0.427 seconds
[2026-07-25T13:17:08.608+0000] {processor.py:186} INFO - Started process (PID=465) to work on /opt/airflow/dags/hdb_pipeline.py
[2026-07-25T13:17:08.609+0000] {processor.py:914} INFO - Processing file /opt/airflow/dags/hdb_pipeline.py for tasks to queue
[2026-07-25T13:17:08.611+0000] {logging_mixin.py:190} INFO - [2026-07-25T13:17:08.611+0000] {dagbag.py:588} INFO - Filling up the DagBag from /opt/airflow/dags/hdb_pipeline.py
[2026-07-25T13:17:08.990+0000] {processor.py:925} INFO - DAG(s) 'hdb_resale_pipeline' retrieved from /opt/airflow/dags/hdb_pipeline.py
[2026-07-25T13:17:09.003+0000] {logging_mixin.py:190} INFO - [2026-07-25T13:17:09.003+0000] {dag.py:3239} INFO - Sync 1 DAGs
[2026-07-25T13:17:09.016+0000] {logging_mixin.py:190} INFO - [2026-07-25T13:17:09.016+0000] {dag.py:4180} INFO - Setting next_dagrun for hdb_resale_pipeline to 2026-07-25 00:00:00+00:00, run_after=2026-07-26 00:00:00+00:00
[2026-07-25T13:17:09.026+0000] {processor.py:208} INFO - Processing /opt/airflow/dags/hdb_pipeline.py took 0.421 seconds
[2026-07-25T13:17:39.169+0000] {processor.py:186} INFO - Started process (PID=488) to work on /opt/airflow/dags/hdb_pipeline.py
[2026-07-25T13:17:39.170+0000] {processor.py:914} INFO - Processing file /opt/airflow/dags/hdb_pipeline.py for tasks to queue
[2026-07-25T13:17:39.173+0000] {logging_mixin.py:190} INFO - [2026-07-25T13:17:39.172+0000] {dagbag.py:588} INFO - Filling up the DagBag from /opt/airflow/dags/hdb_pipeline.py
[2026-07-25T13:17:39.539+0000] {processor.py:925} INFO - DAG(s) 'hdb_resale_pipeline' retrieved from /opt/airflow/dags/hdb_pipeline.py
[2026-07-25T13:17:39.553+0000] {logging_mixin.py:190} INFO - [2026-07-25T13:17:39.552+0000] {dag.py:3239} INFO - Sync 1 DAGs
[2026-07-25T13:17:39.565+0000] {logging_mixin.py:190} INFO - [2026-07-25T13:17:39.565+0000] {dag.py:4180} INFO - Setting next_dagrun for hdb_resale_pipeline to 2026-07-25 00:00:00+00:00, run_after=2026-07-26 00:00:00+00:00
[2026-07-25T13:17:39.575+0000] {processor.py:208} INFO - Processing /opt/airflow/dags/hdb_pipeline.py took 0.410 seconds
[2026-07-25T13:18:09.714+0000] {processor.py:186} INFO - Started process (PID=511) to work on /opt/airflow/dags/hdb_pipeline.py
[2026-07-25T13:18:09.714+0000] {processor.py:914} INFO - Processing file /opt/airflow/dags/hdb_pipeline.py for tasks to queue
[2026-07-25T13:18:09.717+0000] {logging_mixin.py:190} INFO - [2026-07-25T13:18:09.716+0000] {dagbag.py:588} INFO - Filling up the DagBag from /opt/airflow/dags/hdb_pipeline.py
[2026-07-25T13:18:10.097+0000] {processor.py:925} INFO - DAG(s) 'hdb_resale_pipeline' retrieved from /opt/airflow/dags/hdb_pipeline.py
[2026-07-25T13:18:10.111+0000] {logging_mixin.py:190} INFO - [2026-07-25T13:18:10.111+0000] {dag.py:3239} INFO - Sync 1 DAGs
[2026-07-25T13:18:10.124+0000] {logging_mixin.py:190} INFO - [2026-07-25T13:18:10.124+0000] {dag.py:4180} INFO - Setting next_dagrun for hdb_resale_pipeline to 2026-07-25 00:00:00+00:00, run_after=2026-07-26 00:00:00+00:00
[2026-07-25T13:18:10.135+0000] {processor.py:208} INFO - Processing /opt/airflow/dags/hdb_pipeline.py took 0.425 seconds
[2026-07-25T13:18:40.271+0000] {processor.py:186} INFO - Started process (PID=534) to work on /opt/airflow/dags/hdb_pipeline.py
[2026-07-25T13:18:40.272+0000] {processor.py:914} INFO - Processing file /opt/airflow/dags/hdb_pipeline.py for tasks to queue
[2026-07-25T13:18:40.274+0000] {logging_mixin.py:190} INFO - [2026-07-25T13:18:40.274+0000] {dagbag.py:588} INFO - Filling up the DagBag from /opt/airflow/dags/hdb_pipeline.py
[2026-07-25T13:18:40.637+0000] {processor.py:925} INFO - DAG(s) 'hdb_resale_pipeline' retrieved from /opt/airflow/dags/hdb_pipeline.py
[2026-07-25T13:18:40.651+0000] {logging_mixin.py:190} INFO - [2026-07-25T13:18:40.651+0000] {dag.py:3239} INFO - Sync 1 DAGs
[2026-07-25T13:18:40.664+0000] {logging_mixin.py:190} INFO - [2026-07-25T13:18:40.664+0000] {dag.py:4180} INFO - Setting next_dagrun for hdb_resale_pipeline to 2026-07-25 00:00:00+00:00, run_after=2026-07-26 00:00:00+00:00
[2026-07-25T13:18:40.675+0000] {processor.py:208} INFO - Processing /opt/airflow/dags/hdb_pipeline.py took 0.407 seconds
[2026-07-25T13:19:10.816+0000] {processor.py:186} INFO - Started process (PID=557) to work on /opt/airflow/dags/hdb_pipeline.py
[2026-07-25T13:19:10.817+0000] {processor.py:914} INFO - Processing file /opt/airflow/dags/hdb_pipeline.py for tasks to queue
[2026-07-25T13:19:10.819+0000] {logging_mixin.py:190} INFO - [2026-07-25T13:19:10.819+0000] {dagbag.py:588} INFO - Filling up the DagBag from /opt/airflow/dags/hdb_pipeline.py
[2026-07-25T13:19:11.196+0000] {processor.py:925} INFO - DAG(s) 'hdb_resale_pipeline' retrieved from /opt/airflow/dags/hdb_pipeline.py
[2026-07-25T13:19:11.209+0000] {logging_mixin.py:190} INFO - [2026-07-25T13:19:11.208+0000] {dag.py:3239} INFO - Sync 1 DAGs
[2026-07-25T13:19:11.220+0000] {logging_mixin.py:190} INFO - [2026-07-25T13:19:11.220+0000] {dag.py:4180} INFO - Setting next_dagrun for hdb_resale_pipeline to 2026-07-25 00:00:00+00:00, run_after=2026-07-26 00:00:00+00:00
[2026-07-25T13:19:11.231+0000] {processor.py:208} INFO - Processing /opt/airflow/dags/hdb_pipeline.py took 0.418 seconds
[2026-07-25T13:19:41.364+0000] {processor.py:186} INFO - Started process (PID=580) to work on /opt/airflow/dags/hdb_pipeline.py
[2026-07-25T13:19:41.365+0000] {processor.py:914} INFO - Processing file /opt/airflow/dags/hdb_pipeline.py for tasks to queue
[2026-07-25T13:19:41.367+0000] {logging_mixin.py:190} INFO - [2026-07-25T13:19:41.366+0000] {dagbag.py:588} INFO - Filling up the DagBag from /opt/airflow/dags/hdb_pipeline.py
[2026-07-25T13:19:41.750+0000] {processor.py:925} INFO - DAG(s) 'hdb_resale_pipeline' retrieved from /opt/airflow/dags/hdb_pipeline.py
[2026-07-25T13:19:41.764+0000] {logging_mixin.py:190} INFO - [2026-07-25T13:19:41.763+0000] {dag.py:3239} INFO - Sync 1 DAGs
[2026-07-25T13:19:41.776+0000] {logging_mixin.py:190} INFO - [2026-07-25T13:19:41.776+0000] {dag.py:4180} INFO - Setting next_dagrun for hdb_resale_pipeline to 2026-07-25 00:00:00+00:00, run_after=2026-07-26 00:00:00+00:00
[2026-07-25T13:19:41.787+0000] {processor.py:208} INFO - Processing /opt/airflow/dags/hdb_pipeline.py took 0.426 seconds
[2026-07-25T13:20:11.926+0000] {processor.py:186} INFO - Started process (PID=603) to work on /opt/airflow/dags/hdb_pipeline.py
[2026-07-25T13:20:11.927+0000] {processor.py:914} INFO - Processing file /opt/airflow/dags/hdb_pipeline.py for tasks to queue
[2026-07-25T13:20:11.928+0000] {logging_mixin.py:190} INFO - [2026-07-25T13:20:11.928+0000] {dagbag.py:588} INFO - Filling up the DagBag from /opt/airflow/dags/hdb_pipeline.py
[2026-07-25T13:20:12.308+0000] {processor.py:925} INFO - DAG(s) 'hdb_resale_pipeline' retrieved from /opt/airflow/dags/hdb_pipeline.py
[2026-07-25T13:20:12.322+0000] {logging_mixin.py:190} INFO - [2026-07-25T13:20:12.322+0000] {dag.py:3239} INFO - Sync 1 DAGs
[2026-07-25T13:20:12.334+0000] {logging_mixin.py:190} INFO - [2026-07-25T13:20:12.334+0000] {dag.py:4180} INFO - Setting next_dagrun for hdb_resale_pipeline to 2026-07-25 00:00:00+00:00, run_after=2026-07-26 00:00:00+00:00
[2026-07-25T13:20:12.345+0000] {processor.py:208} INFO - Processing /opt/airflow/dags/hdb_pipeline.py took 0.423 seconds
[2026-07-25T13:20:42.488+0000] {processor.py:186} INFO - Started process (PID=626) to work on /opt/airflow/dags/hdb_pipeline.py
[2026-07-25T13:20:42.489+0000] {processor.py:914} INFO - Processing file /opt/airflow/dags/hdb_pipeline.py for tasks to queue
[2026-07-25T13:20:42.491+0000] {logging_mixin.py:190} INFO - [2026-07-25T13:20:42.491+0000] {dagbag.py:588} INFO - Filling up the DagBag from /opt/airflow/dags/hdb_pipeline.py
[2026-07-25T13:20:42.860+0000] {processor.py:925} INFO - DAG(s) 'hdb_resale_pipeline' retrieved from /opt/airflow/dags/hdb_pipeline.py
[2026-07-25T13:20:42.874+0000] {logging_mixin.py:190} INFO - [2026-07-25T13:20:42.873+0000] {dag.py:3239} INFO - Sync 1 DAGs
[2026-07-25T13:20:42.886+0000] {logging_mixin.py:190} INFO - [2026-07-25T13:20:42.886+0000] {dag.py:4180} INFO - Setting next_dagrun for hdb_resale_pipeline to 2026-07-25 00:00:00+00:00, run_after=2026-07-26 00:00:00+00:00
[2026-07-25T13:20:42.897+0000] {processor.py:208} INFO - Processing /opt/airflow/dags/hdb_pipeline.py took 0.413 seconds
[2026-07-25T13:21:13.037+0000] {processor.py:186} INFO - Started process (PID=649) to work on /opt/airflow/dags/hdb_pipeline.py
[2026-07-25T13:21:13.038+0000] {processor.py:914} INFO - Processing file /opt/airflow/dags/hdb_pipeline.py for tasks to queue
[2026-07-25T13:21:13.040+0000] {logging_mixin.py:190} INFO - [2026-07-25T13:21:13.040+0000] {dagbag.py:588} INFO - Filling up the DagBag from /opt/airflow/dags/hdb_pipeline.py
[2026-07-25T13:21:13.426+0000] {processor.py:925} INFO - DAG(s) 'hdb_resale_pipeline' retrieved from /opt/airflow/dags/hdb_pipeline.py
[2026-07-25T13:21:13.441+0000] {logging_mixin.py:190} INFO - [2026-07-25T13:21:13.441+0000] {dag.py:3239} INFO - Sync 1 DAGs
[2026-07-25T13:21:13.454+0000] {logging_mixin.py:190} INFO - [2026-07-25T13:21:13.454+0000] {dag.py:4180} INFO - Setting next_dagrun for hdb_resale_pipeline to 2026-07-25 00:00:00+00:00, run_after=2026-07-26 00:00:00+00:00
[2026-07-25T13:21:13.465+0000] {processor.py:208} INFO - Processing /opt/airflow/dags/hdb_pipeline.py took 0.432 seconds
[2026-07-25T13:21:43.608+0000] {processor.py:186} INFO - Started process (PID=672) to work on /opt/airflow/dags/hdb_pipeline.py
[2026-07-25T13:21:43.609+0000] {processor.py:914} INFO - Processing file /opt/airflow/dags/hdb_pipeline.py for tasks to queue
[2026-07-25T13:21:43.611+0000] {logging_mixin.py:190} INFO - [2026-07-25T13:21:43.611+0000] {dagbag.py:588} INFO - Filling up the DagBag from /opt/airflow/dags/hdb_pipeline.py
[2026-07-25T13:21:43.981+0000] {processor.py:925} INFO - DAG(s) 'hdb_resale_pipeline' retrieved from /opt/airflow/dags/hdb_pipeline.py
[2026-07-25T13:21:43.995+0000] {logging_mixin.py:190} INFO - [2026-07-25T13:21:43.995+0000] {dag.py:3239} INFO - Sync 1 DAGs
[2026-07-25T13:21:44.007+0000] {logging_mixin.py:190} INFO - [2026-07-25T13:21:44.007+0000] {dag.py:4180} INFO - Setting next_dagrun for hdb_resale_pipeline to 2026-07-25 00:00:00+00:00, run_after=2026-07-26 00:00:00+00:00
[2026-07-25T13:21:44.018+0000] {processor.py:208} INFO - Processing /opt/airflow/dags/hdb_pipeline.py took 0.412 seconds
[2026-07-25T13:22:14.163+0000] {processor.py:186} INFO - Started process (PID=695) to work on /opt/airflow/dags/hdb_pipeline.py
[2026-07-25T13:22:14.164+0000] {processor.py:914} INFO - Processing file /opt/airflow/dags/hdb_pipeline.py for tasks to queue
[2026-07-25T13:22:14.166+0000] {logging_mixin.py:190} INFO - [2026-07-25T13:22:14.165+0000] {dagbag.py:588} INFO - Filling up the DagBag from /opt/airflow/dags/hdb_pipeline.py
[2026-07-25T13:22:14.541+0000] {processor.py:925} INFO - DAG(s) 'hdb_resale_pipeline' retrieved from /opt/airflow/dags/hdb_pipeline.py
[2026-07-25T13:22:14.555+0000] {logging_mixin.py:190} INFO - [2026-07-25T13:22:14.555+0000] {dag.py:3239} INFO - Sync 1 DAGs
[2026-07-25T13:22:14.566+0000] {logging_mixin.py:190} INFO - [2026-07-25T13:22:14.566+0000] {dag.py:4180} INFO - Setting next_dagrun for hdb_resale_pipeline to 2026-07-25 00:00:00+00:00, run_after=2026-07-26 00:00:00+00:00
[2026-07-25T13:22:14.577+0000] {processor.py:208} INFO - Processing /opt/airflow/dags/hdb_pipeline.py took 0.417 seconds
[2026-07-25T13:22:44.722+0000] {processor.py:186} INFO - Started process (PID=718) to work on /opt/airflow/dags/hdb_pipeline.py
[2026-07-25T13:22:44.723+0000] {processor.py:914} INFO - Processing file /opt/airflow/dags/hdb_pipeline.py for tasks to queue
[2026-07-25T13:22:44.725+0000] {logging_mixin.py:190} INFO - [2026-07-25T13:22:44.725+0000] {dagbag.py:588} INFO - Filling up the DagBag from /opt/airflow/dags/hdb_pipeline.py
[2026-07-25T13:22:45.141+0000] {processor.py:925} INFO - DAG(s) 'hdb_resale_pipeline' retrieved from /opt/airflow/dags/hdb_pipeline.py
[2026-07-25T13:22:45.156+0000] {logging_mixin.py:190} INFO - [2026-07-25T13:22:45.156+0000] {dag.py:3239} INFO - Sync 1 DAGs
[2026-07-25T13:22:45.169+0000] {logging_mixin.py:190} INFO - [2026-07-25T13:22:45.168+0000] {dag.py:4180} INFO - Setting next_dagrun for hdb_resale_pipeline to 2026-07-25 00:00:00+00:00, run_after=2026-07-26 00:00:00+00:00
[2026-07-25T13:22:45.179+0000] {processor.py:208} INFO - Processing /opt/airflow/dags/hdb_pipeline.py took 0.461 seconds
[2026-07-25T13:23:15.357+0000] {processor.py:186} INFO - Started process (PID=741) to work on /opt/airflow/dags/hdb_pipeline.py
[2026-07-25T13:23:15.358+0000] {processor.py:914} INFO - Processing file /opt/airflow/dags/hdb_pipeline.py for tasks to queue
[2026-07-25T13:23:15.359+0000] {logging_mixin.py:190} INFO - [2026-07-25T13:23:15.359+0000] {dagbag.py:588} INFO - Filling up the DagBag from /opt/airflow/dags/hdb_pipeline.py
[2026-07-25T13:23:15.745+0000] {processor.py:925} INFO - DAG(s) 'hdb_resale_pipeline' retrieved from /opt/airflow/dags/hdb_pipeline.py
[2026-07-25T13:23:15.758+0000] {logging_mixin.py:190} INFO - [2026-07-25T13:23:15.758+0000] {dag.py:3239} INFO - Sync 1 DAGs
[2026-07-25T13:23:15.769+0000] {logging_mixin.py:190} INFO - [2026-07-25T13:23:15.769+0000] {dag.py:4180} INFO - Setting next_dagrun for hdb_resale_pipeline to 2026-07-25 00:00:00+00:00, run_after=2026-07-26 00:00:00+00:00
[2026-07-25T13:23:15.780+0000] {processor.py:208} INFO - Processing /opt/airflow/dags/hdb_pipeline.py took 0.427 seconds
[2026-07-25T13:23:45.922+0000] {processor.py:186} INFO - Started process (PID=764) to work on /opt/airflow/dags/hdb_pipeline.py
[2026-07-25T13:23:45.923+0000] {processor.py:914} INFO - Processing file /opt/airflow/dags/hdb_pipeline.py for tasks to queue
[2026-07-25T13:23:45.925+0000] {logging_mixin.py:190} INFO - [2026-07-25T13:23:45.924+0000] {dagbag.py:588} INFO - Filling up the DagBag from /opt/airflow/dags/hdb_pipeline.py
[2026-07-25T13:23:46.313+0000] {processor.py:925} INFO - DAG(s) 'hdb_resale_pipeline' retrieved from /opt/airflow/dags/hdb_pipeline.py
[2026-07-25T13:23:46.326+0000] {logging_mixin.py:190} INFO - [2026-07-25T13:23:46.326+0000] {dag.py:3239} INFO - Sync 1 DAGs
[2026-07-25T13:23:46.338+0000] {logging_mixin.py:190} INFO - [2026-07-25T13:23:46.338+0000] {dag.py:4180} INFO - Setting next_dagrun for hdb_resale_pipeline to 2026-07-25 00:00:00+00:00, run_after=2026-07-26 00:00:00+00:00
[2026-07-25T13:23:46.349+0000] {processor.py:208} INFO - Processing /opt/airflow/dags/hdb_pipeline.py took 0.430 seconds
[2026-07-25T13:24:16.491+0000] {processor.py:186} INFO - Started process (PID=787) to work on /opt/airflow/dags/hdb_pipeline.py
[2026-07-25T13:24:16.492+0000] {processor.py:914} INFO - Processing file /opt/airflow/dags/hdb_pipeline.py for tasks to queue
[2026-07-25T13:24:16.494+0000] {logging_mixin.py:190} INFO - [2026-07-25T13:24:16.494+0000] {dagbag.py:588} INFO - Filling up the DagBag from /opt/airflow/dags/hdb_pipeline.py
[2026-07-25T13:24:16.865+0000] {processor.py:925} INFO - DAG(s) 'hdb_resale_pipeline' retrieved from /opt/airflow/dags/hdb_pipeline.py
[2026-07-25T13:24:16.879+0000] {logging_mixin.py:190} INFO - [2026-07-25T13:24:16.879+0000] {dag.py:3239} INFO - Sync 1 DAGs
[2026-07-25T13:24:16.890+0000] {logging_mixin.py:190} INFO - [2026-07-25T13:24:16.890+0000] {dag.py:4180} INFO - Setting next_dagrun for hdb_resale_pipeline to 2026-07-25 00:00:00+00:00, run_after=2026-07-26 00:00:00+00:00
[2026-07-25T13:24:16.900+0000] {processor.py:208} INFO - Processing /opt/airflow/dags/hdb_pipeline.py took 0.414 seconds
[2026-07-25T13:24:47.045+0000] {processor.py:186} INFO - Started process (PID=810) to work on /opt/airflow/dags/hdb_pipeline.py
[2026-07-25T13:24:47.046+0000] {processor.py:914} INFO - Processing file /opt/airflow/dags/hdb_pipeline.py for tasks to queue
[2026-07-25T13:24:47.048+0000] {logging_mixin.py:190} INFO - [2026-07-25T13:24:47.048+0000] {dagbag.py:588} INFO - Filling up the DagBag from /opt/airflow/dags/hdb_pipeline.py
[2026-07-25T13:24:47.420+0000] {processor.py:925} INFO - DAG(s) 'hdb_resale_pipeline' retrieved from /opt/airflow/dags/hdb_pipeline.py
[2026-07-25T13:24:47.433+0000] {logging_mixin.py:190} INFO - [2026-07-25T13:24:47.433+0000] {dag.py:3239} INFO - Sync 1 DAGs
[2026-07-25T13:24:47.445+0000] {logging_mixin.py:190} INFO - [2026-07-25T13:24:47.445+0000] {dag.py:4180} INFO - Setting next_dagrun for hdb_resale_pipeline to 2026-07-25 00:00:00+00:00, run_after=2026-07-26 00:00:00+00:00
[2026-07-25T13:24:47.475+0000] {processor.py:208} INFO - Processing /opt/airflow/dags/hdb_pipeline.py took 0.434 seconds
[2026-07-25T13:25:17.623+0000] {processor.py:186} INFO - Started process (PID=833) to work on /opt/airflow/dags/hdb_pipeline.py
[2026-07-25T13:25:17.624+0000] {processor.py:914} INFO - Processing file /opt/airflow/dags/hdb_pipeline.py for tasks to queue
[2026-07-25T13:25:17.627+0000] {logging_mixin.py:190} INFO - [2026-07-25T13:25:17.626+0000] {dagbag.py:588} INFO - Filling up the DagBag from /opt/airflow/dags/hdb_pipeline.py
[2026-07-25T13:25:18.047+0000] {processor.py:925} INFO - DAG(s) 'hdb_resale_pipeline' retrieved from /opt/airflow/dags/hdb_pipeline.py
[2026-07-25T13:25:18.062+0000] {logging_mixin.py:190} INFO - [2026-07-25T13:25:18.062+0000] {dag.py:3239} INFO - Sync 1 DAGs
[2026-07-25T13:25:18.074+0000] {logging_mixin.py:190} INFO - [2026-07-25T13:25:18.074+0000] {dag.py:4180} INFO - Setting next_dagrun for hdb_resale_pipeline to 2026-07-25 00:00:00+00:00, run_after=2026-07-26 00:00:00+00:00
[2026-07-25T13:25:18.087+0000] {processor.py:208} INFO - Processing /opt/airflow/dags/hdb_pipeline.py took 0.469 seconds
[2026-07-25T13:25:48.244+0000] {processor.py:186} INFO - Started process (PID=856) to work on /opt/airflow/dags/hdb_pipeline.py
[2026-07-25T13:25:48.245+0000] {processor.py:914} INFO - Processing file /opt/airflow/dags/hdb_pipeline.py for tasks to queue
[2026-07-25T13:25:48.247+0000] {logging_mixin.py:190} INFO - [2026-07-25T13:25:48.247+0000] {dagbag.py:588} INFO - Filling up the DagBag from /opt/airflow/dags/hdb_pipeline.py
[2026-07-25T13:25:48.650+0000] {processor.py:925} INFO - DAG(s) 'hdb_resale_pipeline' retrieved from /opt/airflow/dags/hdb_pipeline.py
[2026-07-25T13:25:48.664+0000] {logging_mixin.py:190} INFO - [2026-07-25T13:25:48.664+0000] {dag.py:3239} INFO - Sync 1 DAGs
[2026-07-25T13:25:48.677+0000] {logging_mixin.py:190} INFO - [2026-07-25T13:25:48.677+0000] {dag.py:4180} INFO - Setting next_dagrun for hdb_resale_pipeline to 2026-07-25 00:00:00+00:00, run_after=2026-07-26 00:00:00+00:00
[2026-07-25T13:25:48.688+0000] {processor.py:208} INFO - Processing /opt/airflow/dags/hdb_pipeline.py took 0.447 seconds
[2026-07-25T13:26:18.846+0000] {processor.py:186} INFO - Started process (PID=879) to work on /opt/airflow/dags/hdb_pipeline.py
[2026-07-25T13:26:18.846+0000] {processor.py:914} INFO - Processing file /opt/airflow/dags/hdb_pipeline.py for tasks to queue
[2026-07-25T13:26:18.848+0000] {logging_mixin.py:190} INFO - [2026-07-25T13:26:18.848+0000] {dagbag.py:588} INFO - Filling up the DagBag from /opt/airflow/dags/hdb_pipeline.py
[2026-07-25T13:26:19.260+0000] {processor.py:925} INFO - DAG(s) 'hdb_resale_pipeline' retrieved from /opt/airflow/dags/hdb_pipeline.py
[2026-07-25T13:26:19.276+0000] {logging_mixin.py:190} INFO - [2026-07-25T13:26:19.276+0000] {dag.py:3239} INFO - Sync 1 DAGs
[2026-07-25T13:26:19.288+0000] {logging_mixin.py:190} INFO - [2026-07-25T13:26:19.288+0000] {dag.py:4180} INFO - Setting next_dagrun for hdb_resale_pipeline to 2026-07-25 00:00:00+00:00, run_after=2026-07-26 00:00:00+00:00
[2026-07-25T13:26:19.300+0000] {processor.py:208} INFO - Processing /opt/airflow/dags/hdb_pipeline.py took 0.458 seconds
[2026-07-25T13:26:49.456+0000] {processor.py:186} INFO - Started process (PID=902) to work on /opt/airflow/dags/hdb_pipeline.py
[2026-07-25T13:26:49.457+0000] {processor.py:914} INFO - Processing file /opt/airflow/dags/hdb_pipeline.py for tasks to queue
[2026-07-25T13:26:49.460+0000] {logging_mixin.py:190} INFO - [2026-07-25T13:26:49.459+0000] {dagbag.py:588} INFO - Filling up the DagBag from /opt/airflow/dags/hdb_pipeline.py
[2026-07-25T13:26:49.898+0000] {processor.py:925} INFO - DAG(s) 'hdb_resale_pipeline' retrieved from /opt/airflow/dags/hdb_pipeline.py
[2026-07-25T13:26:49.913+0000] {logging_mixin.py:190} INFO - [2026-07-25T13:26:49.913+0000] {dag.py:3239} INFO - Sync 1 DAGs
[2026-07-25T13:26:49.925+0000] {logging_mixin.py:190} INFO - [2026-07-25T13:26:49.925+0000] {dag.py:4180} INFO - Setting next_dagrun for hdb_resale_pipeline to 2026-07-25 00:00:00+00:00, run_after=2026-07-26 00:00:00+00:00
[2026-07-25T13:26:49.936+0000] {processor.py:208} INFO - Processing /opt/airflow/dags/hdb_pipeline.py took 0.484 seconds
[2026-07-25T13:27:20.095+0000] {processor.py:186} INFO - Started process (PID=925) to work on /opt/airflow/dags/hdb_pipeline.py
[2026-07-25T13:27:20.096+0000] {processor.py:914} INFO - Processing file /opt/airflow/dags/hdb_pipeline.py for tasks to queue
[2026-07-25T13:27:20.098+0000] {logging_mixin.py:190} INFO - [2026-07-25T13:27:20.098+0000] {dagbag.py:588} INFO - Filling up the DagBag from /opt/airflow/dags/hdb_pipeline.py
[2026-07-25T13:27:20.520+0000] {processor.py:925} INFO - DAG(s) 'hdb_resale_pipeline' retrieved from /opt/airflow/dags/hdb_pipeline.py
[2026-07-25T13:27:20.534+0000] {logging_mixin.py:190} INFO - [2026-07-25T13:27:20.534+0000] {dag.py:3239} INFO - Sync 1 DAGs
[2026-07-25T13:27:20.546+0000] {logging_mixin.py:190} INFO - [2026-07-25T13:27:20.546+0000] {dag.py:4180} INFO - Setting next_dagrun for hdb_resale_pipeline to 2026-07-25 00:00:00+00:00, run_after=2026-07-26 00:00:00+00:00
[2026-07-25T13:27:20.558+0000] {processor.py:208} INFO - Processing /opt/airflow/dags/hdb_pipeline.py took 0.468 seconds
[2026-07-25T13:27:50.711+0000] {processor.py:186} INFO - Started process (PID=948) to work on /opt/airflow/dags/hdb_pipeline.py
[2026-07-25T13:27:50.712+0000] {processor.py:914} INFO - Processing file /opt/airflow/dags/hdb_pipeline.py for tasks to queue
[2026-07-25T13:27:50.714+0000] {logging_mixin.py:190} INFO - [2026-07-25T13:27:50.713+0000] {dagbag.py:588} INFO - Filling up the DagBag from /opt/airflow/dags/hdb_pipeline.py
[2026-07-25T13:27:51.146+0000] {processor.py:925} INFO - DAG(s) 'hdb_resale_pipeline' retrieved from /opt/airflow/dags/hdb_pipeline.py
[2026-07-25T13:27:51.161+0000] {logging_mixin.py:190} INFO - [2026-07-25T13:27:51.161+0000] {dag.py:3239} INFO - Sync 1 DAGs
[2026-07-25T13:27:51.174+0000] {logging_mixin.py:190} INFO - [2026-07-25T13:27:51.174+0000] {dag.py:4180} INFO - Setting next_dagrun for hdb_resale_pipeline to 2026-07-25 00:00:00+00:00, run_after=2026-07-26 00:00:00+00:00
[2026-07-25T13:27:51.185+0000] {processor.py:208} INFO - Processing /opt/airflow/dags/hdb_pipeline.py took 0.478 seconds
[2026-07-25T13:28:21.344+0000] {processor.py:186} INFO - Started process (PID=971) to work on /opt/airflow/dags/hdb_pipeline.py
[2026-07-25T13:28:21.345+0000] {processor.py:914} INFO - Processing file /opt/airflow/dags/hdb_pipeline.py for tasks to queue
[2026-07-25T13:28:21.347+0000] {logging_mixin.py:190} INFO - [2026-07-25T13:28:21.347+0000] {dagbag.py:588} INFO - Filling up the DagBag from /opt/airflow/dags/hdb_pipeline.py
[2026-07-25T13:28:21.760+0000] {processor.py:925} INFO - DAG(s) 'hdb_resale_pipeline' retrieved from /opt/airflow/dags/hdb_pipeline.py
[2026-07-25T13:28:21.776+0000] {logging_mixin.py:190} INFO - [2026-07-25T13:28:21.775+0000] {dag.py:3239} INFO - Sync 1 DAGs
[2026-07-25T13:28:21.788+0000] {logging_mixin.py:190} INFO - [2026-07-25T13:28:21.788+0000] {dag.py:4180} INFO - Setting next_dagrun for hdb_resale_pipeline to 2026-07-25 00:00:00+00:00, run_after=2026-07-26 00:00:00+00:00
[2026-07-25T13:28:21.799+0000] {processor.py:208} INFO - Processing /opt/airflow/dags/hdb_pipeline.py took 0.459 seconds
[2026-07-25T13:28:51.959+0000] {processor.py:186} INFO - Started process (PID=994) to work on /opt/airflow/dags/hdb_pipeline.py
[2026-07-25T13:28:51.960+0000] {processor.py:914} INFO - Processing file /opt/airflow/dags/hdb_pipeline.py for tasks to queue
[2026-07-25T13:28:51.962+0000] {logging_mixin.py:190} INFO - [2026-07-25T13:28:51.962+0000] {dagbag.py:588} INFO - Filling up the DagBag from /opt/airflow/dags/hdb_pipeline.py
[2026-07-25T13:28:52.371+0000] {processor.py:925} INFO - DAG(s) 'hdb_resale_pipeline' retrieved from /opt/airflow/dags/hdb_pipeline.py
[2026-07-25T13:28:52.385+0000] {logging_mixin.py:190} INFO - [2026-07-25T13:28:52.385+0000] {dag.py:3239} INFO - Sync 1 DAGs
[2026-07-25T13:28:52.397+0000] {logging_mixin.py:190} INFO - [2026-07-25T13:28:52.397+0000] {dag.py:4180} INFO - Setting next_dagrun for hdb_resale_pipeline to 2026-07-25 00:00:00+00:00, run_after=2026-07-26 00:00:00+00:00
[2026-07-25T13:28:52.409+0000] {processor.py:208} INFO - Processing /opt/airflow/dags/hdb_pipeline.py took 0.453 seconds
[2026-07-25T13:29:22.567+0000] {processor.py:186} INFO - Started process (PID=1017) to work on /opt/airflow/dags/hdb_pipeline.py
[2026-07-25T13:29:22.568+0000] {processor.py:914} INFO - Processing file /opt/airflow/dags/hdb_pipeline.py for tasks to queue
[2026-07-25T13:29:22.570+0000] {logging_mixin.py:190} INFO - [2026-07-25T13:29:22.570+0000] {dagbag.py:588} INFO - Filling up the DagBag from /opt/airflow/dags/hdb_pipeline.py
[2026-07-25T13:29:22.992+0000] {processor.py:925} INFO - DAG(s) 'hdb_resale_pipeline' retrieved from /opt/airflow/dags/hdb_pipeline.py
[2026-07-25T13:29:23.007+0000] {logging_mixin.py:190} INFO - [2026-07-25T13:29:23.006+0000] {dag.py:3239} INFO - Sync 1 DAGs
[2026-07-25T13:29:23.019+0000] {logging_mixin.py:190} INFO - [2026-07-25T13:29:23.019+0000] {dag.py:4180} INFO - Setting next_dagrun for hdb_resale_pipeline to 2026-07-25 00:00:00+00:00, run_after=2026-07-26 00:00:00+00:00
[2026-07-25T13:29:23.033+0000] {processor.py:208} INFO - Processing /opt/airflow/dags/hdb_pipeline.py took 0.469 seconds
[2026-07-25T13:29:53.193+0000] {processor.py:186} INFO - Started process (PID=1040) to work on /opt/airflow/dags/hdb_pipeline.py
[2026-07-25T13:29:53.194+0000] {processor.py:914} INFO - Processing file /opt/airflow/dags/hdb_pipeline.py for tasks to queue
[2026-07-25T13:29:53.196+0000] {logging_mixin.py:190} INFO - [2026-07-25T13:29:53.196+0000] {dagbag.py:588} INFO - Filling up the DagBag from /opt/airflow/dags/hdb_pipeline.py
[2026-07-25T13:29:53.611+0000] {processor.py:925} INFO - DAG(s) 'hdb_resale_pipeline' retrieved from /opt/airflow/dags/hdb_pipeline.py
[2026-07-25T13:29:53.626+0000] {logging_mixin.py:190} INFO - [2026-07-25T13:29:53.625+0000] {dag.py:3239} INFO - Sync 1 DAGs
[2026-07-25T13:29:53.638+0000] {logging_mixin.py:190} INFO - [2026-07-25T13:29:53.638+0000] {dag.py:4180} INFO - Setting next_dagrun for hdb_resale_pipeline to 2026-07-25 00:00:00+00:00, run_after=2026-07-26 00:00:00+00:00
[2026-07-25T13:29:53.649+0000] {processor.py:208} INFO - Processing /opt/airflow/dags/hdb_pipeline.py took 0.459 seconds
[2026-07-25T13:30:23.808+0000] {processor.py:186} INFO - Started process (PID=1063) to work on /opt/airflow/dags/hdb_pipeline.py
[2026-07-25T13:30:23.809+0000] {processor.py:914} INFO - Processing file /opt/airflow/dags/hdb_pipeline.py for tasks to queue
[2026-07-25T13:30:23.811+0000] {logging_mixin.py:190} INFO - [2026-07-25T13:30:23.811+0000] {dagbag.py:588} INFO - Filling up the DagBag from /opt/airflow/dags/hdb_pipeline.py
[2026-07-25T13:30:24.230+0000] {processor.py:925} INFO - DAG(s) 'hdb_resale_pipeline' retrieved from /opt/airflow/dags/hdb_pipeline.py
[2026-07-25T13:30:24.246+0000] {logging_mixin.py:190} INFO - [2026-07-25T13:30:24.246+0000] {dag.py:3239} INFO - Sync 1 DAGs
[2026-07-25T13:30:24.259+0000] {logging_mixin.py:190} INFO - [2026-07-25T13:30:24.259+0000] {dag.py:4180} INFO - Setting next_dagrun for hdb_resale_pipeline to 2026-07-25 00:00:00+00:00, run_after=2026-07-26 00:00:00+00:00
[2026-07-25T13:30:24.270+0000] {processor.py:208} INFO - Processing /opt/airflow/dags/hdb_pipeline.py took 0.466 seconds
[2026-07-25T13:30:54.435+0000] {processor.py:186} INFO - Started process (PID=1086) to work on /opt/airflow/dags/hdb_pipeline.py
[2026-07-25T13:30:54.436+0000] {processor.py:914} INFO - Processing file /opt/airflow/dags/hdb_pipeline.py for tasks to queue
[2026-07-25T13:30:54.438+0000] {logging_mixin.py:190} INFO - [2026-07-25T13:30:54.438+0000] {dagbag.py:588} INFO - Filling up the DagBag from /opt/airflow/dags/hdb_pipeline.py
[2026-07-25T13:30:54.913+0000] {processor.py:925} INFO - DAG(s) 'hdb_resale_pipeline' retrieved from /opt/airflow/dags/hdb_pipeline.py
[2026-07-25T13:30:54.929+0000] {logging_mixin.py:190} INFO - [2026-07-25T13:30:54.928+0000] {dag.py:3239} INFO - Sync 1 DAGs
[2026-07-25T13:30:54.942+0000] {logging_mixin.py:190} INFO - [2026-07-25T13:30:54.942+0000] {dag.py:4180} INFO - Setting next_dagrun for hdb_resale_pipeline to 2026-07-25 00:00:00+00:00, run_after=2026-07-26 00:00:00+00:00
[2026-07-25T13:30:54.953+0000] {processor.py:208} INFO - Processing /opt/airflow/dags/hdb_pipeline.py took 0.522 seconds
[2026-07-25T13:31:25.070+0000] {processor.py:186} INFO - Started process (PID=1109) to work on /opt/airflow/dags/hdb_pipeline.py
[2026-07-25T13:31:25.071+0000] {processor.py:914} INFO - Processing file /opt/airflow/dags/hdb_pipeline.py for tasks to queue
[2026-07-25T13:31:25.073+0000] {logging_mixin.py:190} INFO - [2026-07-25T13:31:25.073+0000] {dagbag.py:588} INFO - Filling up the DagBag from /opt/airflow/dags/hdb_pipeline.py
[2026-07-25T13:31:25.470+0000] {processor.py:925} INFO - DAG(s) 'hdb_resale_pipeline' retrieved from /opt/airflow/dags/hdb_pipeline.py
[2026-07-25T13:31:25.484+0000] {logging_mixin.py:190} INFO - [2026-07-25T13:31:25.484+0000] {dag.py:3239} INFO - Sync 1 DAGs
[2026-07-25T13:31:25.497+0000] {logging_mixin.py:190} INFO - [2026-07-25T13:31:25.497+0000] {dag.py:4180} INFO - Setting next_dagrun for hdb_resale_pipeline to 2026-07-25 00:00:00+00:00, run_after=2026-07-26 00:00:00+00:00
[2026-07-25T13:31:25.509+0000] {processor.py:208} INFO - Processing /opt/airflow/dags/hdb_pipeline.py took 0.442 seconds
[2026-07-25T13:31:55.661+0000] {processor.py:186} INFO - Started process (PID=1132) to work on /opt/airflow/dags/hdb_pipeline.py
[2026-07-25T13:31:55.662+0000] {processor.py:914} INFO - Processing file /opt/airflow/dags/hdb_pipeline.py for tasks to queue
[2026-07-25T13:31:55.664+0000] {logging_mixin.py:190} INFO - [2026-07-25T13:31:55.664+0000] {dagbag.py:588} INFO - Filling up the DagBag from /opt/airflow/dags/hdb_pipeline.py
[2026-07-25T13:31:56.053+0000] {processor.py:925} INFO - DAG(s) 'hdb_resale_pipeline' retrieved from /opt/airflow/dags/hdb_pipeline.py
[2026-07-25T13:31:56.067+0000] {logging_mixin.py:190} INFO - [2026-07-25T13:31:56.067+0000] {dag.py:3239} INFO - Sync 1 DAGs
[2026-07-25T13:31:56.079+0000] {logging_mixin.py:190} INFO - [2026-07-25T13:31:56.079+0000] {dag.py:4180} INFO - Setting next_dagrun for hdb_resale_pipeline to 2026-07-25 00:00:00+00:00, run_after=2026-07-26 00:00:00+00:00
[2026-07-25T13:31:56.089+0000] {processor.py:208} INFO - Processing /opt/airflow/dags/hdb_pipeline.py took 0.432 seconds
[2026-07-25T13:32:26.246+0000] {processor.py:186} INFO - Started process (PID=1155) to work on /opt/airflow/dags/hdb_pipeline.py
[2026-07-25T13:32:26.247+0000] {processor.py:914} INFO - Processing file /opt/airflow/dags/hdb_pipeline.py for tasks to queue
[2026-07-25T13:32:26.249+0000] {logging_mixin.py:190} INFO - [2026-07-25T13:32:26.249+0000] {dagbag.py:588} INFO - Filling up the DagBag from /opt/airflow/dags/hdb_pipeline.py
[2026-07-25T13:32:26.645+0000] {processor.py:925} INFO - DAG(s) 'hdb_resale_pipeline' retrieved from /opt/airflow/dags/hdb_pipeline.py
[2026-07-25T13:32:26.658+0000] {logging_mixin.py:190} INFO - [2026-07-25T13:32:26.658+0000] {dag.py:3239} INFO - Sync 1 DAGs
[2026-07-25T13:32:26.671+0000] {logging_mixin.py:190} INFO - [2026-07-25T13:32:26.671+0000] {dag.py:4180} INFO - Setting next_dagrun for hdb_resale_pipeline to 2026-07-25 00:00:00+00:00, run_after=2026-07-26 00:00:00+00:00
[2026-07-25T13:32:26.682+0000] {processor.py:208} INFO - Processing /opt/airflow/dags/hdb_pipeline.py took 0.440 seconds
[2026-07-25T13:32:56.834+0000] {processor.py:186} INFO - Started process (PID=1178) to work on /opt/airflow/dags/hdb_pipeline.py
[2026-07-25T13:32:56.835+0000] {processor.py:914} INFO - Processing file /opt/airflow/dags/hdb_pipeline.py for tasks to queue
[2026-07-25T13:32:56.838+0000] {logging_mixin.py:190} INFO - [2026-07-25T13:32:56.837+0000] {dagbag.py:588} INFO - Filling up the DagBag from /opt/airflow/dags/hdb_pipeline.py
[2026-07-25T13:32:57.245+0000] {processor.py:925} INFO - DAG(s) 'hdb_resale_pipeline' retrieved from /opt/airflow/dags/hdb_pipeline.py
[2026-07-25T13:32:57.259+0000] {logging_mixin.py:190} INFO - [2026-07-25T13:32:57.258+0000] {dag.py:3239} INFO - Sync 1 DAGs
[2026-07-25T13:32:57.270+0000] {logging_mixin.py:190} INFO - [2026-07-25T13:32:57.270+0000] {dag.py:4180} INFO - Setting next_dagrun for hdb_resale_pipeline to 2026-07-25 00:00:00+00:00, run_after=2026-07-26 00:00:00+00:00
[2026-07-25T13:32:57.281+0000] {processor.py:208} INFO - Processing /opt/airflow/dags/hdb_pipeline.py took 0.451 seconds
[2026-07-25T13:33:27.429+0000] {processor.py:186} INFO - Started process (PID=1201) to work on /opt/airflow/dags/hdb_pipeline.py
[2026-07-25T13:33:27.430+0000] {processor.py:914} INFO - Processing file /opt/airflow/dags/hdb_pipeline.py for tasks to queue
[2026-07-25T13:33:27.432+0000] {logging_mixin.py:190} INFO - [2026-07-25T13:33:27.432+0000] {dagbag.py:588} INFO - Filling up the DagBag from /opt/airflow/dags/hdb_pipeline.py
[2026-07-25T13:33:27.803+0000] {processor.py:925} INFO - DAG(s) 'hdb_resale_pipeline' retrieved from /opt/airflow/dags/hdb_pipeline.py
[2026-07-25T13:33:27.817+0000] {logging_mixin.py:190} INFO - [2026-07-25T13:33:27.817+0000] {dag.py:3239} INFO - Sync 1 DAGs
[2026-07-25T13:33:27.829+0000] {logging_mixin.py:190} INFO - [2026-07-25T13:33:27.829+0000] {dag.py:4180} INFO - Setting next_dagrun for hdb_resale_pipeline to 2026-07-25 00:00:00+00:00, run_after=2026-07-26 00:00:00+00:00
[2026-07-25T13:33:27.851+0000] {processor.py:208} INFO - Processing /opt/airflow/dags/hdb_pipeline.py took 0.425 seconds
[2026-07-25T13:33:57.995+0000] {processor.py:186} INFO - Started process (PID=1224) to work on /opt/airflow/dags/hdb_pipeline.py
[2026-07-25T13:33:57.995+0000] {processor.py:914} INFO - Processing file /opt/airflow/dags/hdb_pipeline.py for tasks to queue
[2026-07-25T13:33:57.997+0000] {logging_mixin.py:190} INFO - [2026-07-25T13:33:57.997+0000] {dagbag.py:588} INFO - Filling up the DagBag from /opt/airflow/dags/hdb_pipeline.py
[2026-07-25T13:33:58.373+0000] {processor.py:925} INFO - DAG(s) 'hdb_resale_pipeline' retrieved from /opt/airflow/dags/hdb_pipeline.py
[2026-07-25T13:33:58.386+0000] {logging_mixin.py:190} INFO - [2026-07-25T13:33:58.386+0000] {dag.py:3239} INFO - Sync 1 DAGs
[2026-07-25T13:33:58.398+0000] {logging_mixin.py:190} INFO - [2026-07-25T13:33:58.398+0000] {dag.py:4180} INFO - Setting next_dagrun for hdb_resale_pipeline to 2026-07-25 00:00:00+00:00, run_after=2026-07-26 00:00:00+00:00
[2026-07-25T13:33:58.408+0000] {processor.py:208} INFO - Processing /opt/airflow/dags/hdb_pipeline.py took 0.417 seconds
[2026-07-25T13:34:28.562+0000] {processor.py:186} INFO - Started process (PID=1247) to work on /opt/airflow/dags/hdb_pipeline.py
[2026-07-25T13:34:28.562+0000] {processor.py:914} INFO - Processing file /opt/airflow/dags/hdb_pipeline.py for tasks to queue
[2026-07-25T13:34:28.565+0000] {logging_mixin.py:190} INFO - [2026-07-25T13:34:28.564+0000] {dagbag.py:588} INFO - Filling up the DagBag from /opt/airflow/dags/hdb_pipeline.py
[2026-07-25T13:34:28.969+0000] {processor.py:925} INFO - DAG(s) 'hdb_resale_pipeline' retrieved from /opt/airflow/dags/hdb_pipeline.py
[2026-07-25T13:34:28.985+0000] {logging_mixin.py:190} INFO - [2026-07-25T13:34:28.984+0000] {dag.py:3239} INFO - Sync 1 DAGs
[2026-07-25T13:34:28.997+0000] {logging_mixin.py:190} INFO - [2026-07-25T13:34:28.997+0000] {dag.py:4180} INFO - Setting next_dagrun for hdb_resale_pipeline to 2026-07-25 00:00:00+00:00, run_after=2026-07-26 00:00:00+00:00
[2026-07-25T13:34:29.007+0000] {processor.py:208} INFO - Processing /opt/airflow/dags/hdb_pipeline.py took 0.450 seconds
[2026-07-25T13:34:59.157+0000] {processor.py:186} INFO - Started process (PID=1270) to work on /opt/airflow/dags/hdb_pipeline.py
[2026-07-25T13:34:59.158+0000] {processor.py:914} INFO - Processing file /opt/airflow/dags/hdb_pipeline.py for tasks to queue
[2026-07-25T13:34:59.160+0000] {logging_mixin.py:190} INFO - [2026-07-25T13:34:59.160+0000] {dagbag.py:588} INFO - Filling up the DagBag from /opt/airflow/dags/hdb_pipeline.py
[2026-07-25T13:34:59.567+0000] {processor.py:925} INFO - DAG(s) 'hdb_resale_pipeline' retrieved from /opt/airflow/dags/hdb_pipeline.py
[2026-07-25T13:34:59.581+0000] {logging_mixin.py:190} INFO - [2026-07-25T13:34:59.581+0000] {dag.py:3239} INFO - Sync 1 DAGs
[2026-07-25T13:34:59.593+0000] {logging_mixin.py:190} INFO - [2026-07-25T13:34:59.593+0000] {dag.py:4180} INFO - Setting next_dagrun for hdb_resale_pipeline to 2026-07-25 00:00:00+00:00, run_after=2026-07-26 00:00:00+00:00
[2026-07-25T13:34:59.604+0000] {processor.py:208} INFO - Processing /opt/airflow/dags/hdb_pipeline.py took 0.452 seconds
[2026-07-25T13:35:29.756+0000] {processor.py:186} INFO - Started process (PID=1293) to work on /opt/airflow/dags/hdb_pipeline.py
[2026-07-25T13:35:29.757+0000] {processor.py:914} INFO - Processing file /opt/airflow/dags/hdb_pipeline.py for tasks to queue
[2026-07-25T13:35:29.759+0000] {logging_mixin.py:190} INFO - [2026-07-25T13:35:29.759+0000] {dagbag.py:588} INFO - Filling up the DagBag from /opt/airflow/dags/hdb_pipeline.py
[2026-07-25T13:35:30.160+0000] {processor.py:925} INFO - DAG(s) 'hdb_resale_pipeline' retrieved from /opt/airflow/dags/hdb_pipeline.py
[2026-07-25T13:35:30.174+0000] {logging_mixin.py:190} INFO - [2026-07-25T13:35:30.174+0000] {dag.py:3239} INFO - Sync 1 DAGs
[2026-07-25T13:35:30.186+0000] {logging_mixin.py:190} INFO - [2026-07-25T13:35:30.186+0000] {dag.py:4180} INFO - Setting next_dagrun for hdb_resale_pipeline to 2026-07-25 00:00:00+00:00, run_after=2026-07-26 00:00:00+00:00
[2026-07-25T13:35:30.197+0000] {processor.py:208} INFO - Processing /opt/airflow/dags/hdb_pipeline.py took 0.444 seconds
[2026-07-25T13:36:00.351+0000] {processor.py:186} INFO - Started process (PID=1322) to work on /opt/airflow/dags/hdb_pipeline.py
[2026-07-25T13:36:00.352+0000] {processor.py:914} INFO - Processing file /opt/airflow/dags/hdb_pipeline.py for tasks to queue
[2026-07-25T13:36:00.354+0000] {logging_mixin.py:190} INFO - [2026-07-25T13:36:00.353+0000] {dagbag.py:588} INFO - Filling up the DagBag from /opt/airflow/dags/hdb_pipeline.py
[2026-07-25T13:36:00.804+0000] {processor.py:925} INFO - DAG(s) 'hdb_resale_pipeline' retrieved from /opt/airflow/dags/hdb_pipeline.py
[2026-07-25T13:36:00.819+0000] {logging_mixin.py:190} INFO - [2026-07-25T13:36:00.819+0000] {dag.py:3239} INFO - Sync 1 DAGs
[2026-07-25T13:36:00.831+0000] {logging_mixin.py:190} INFO - [2026-07-25T13:36:00.831+0000] {dag.py:4180} INFO - Setting next_dagrun for hdb_resale_pipeline to 2026-07-25 00:00:00+00:00, run_after=2026-07-26 00:00:00+00:00
[2026-07-25T13:36:00.842+0000] {processor.py:208} INFO - Processing /opt/airflow/dags/hdb_pipeline.py took 0.495 seconds
[2026-07-25T13:36:30.996+0000] {processor.py:186} INFO - Started process (PID=1345) to work on /opt/airflow/dags/hdb_pipeline.py
[2026-07-25T13:36:30.997+0000] {processor.py:914} INFO - Processing file /opt/airflow/dags/hdb_pipeline.py for tasks to queue
[2026-07-25T13:36:30.998+0000] {logging_mixin.py:190} INFO - [2026-07-25T13:36:30.998+0000] {dagbag.py:588} INFO - Filling up the DagBag from /opt/airflow/dags/hdb_pipeline.py
[2026-07-25T13:36:31.388+0000] {processor.py:925} INFO - DAG(s) 'hdb_resale_pipeline' retrieved from /opt/airflow/dags/hdb_pipeline.py
[2026-07-25T13:36:31.403+0000] {logging_mixin.py:190} INFO - [2026-07-25T13:36:31.403+0000] {dag.py:3239} INFO - Sync 1 DAGs
[2026-07-25T13:36:31.416+0000] {logging_mixin.py:190} INFO - [2026-07-25T13:36:31.415+0000] {dag.py:4180} INFO - Setting next_dagrun for hdb_resale_pipeline to 2026-07-25 00:00:00+00:00, run_after=2026-07-26 00:00:00+00:00
[2026-07-25T13:36:31.426+0000] {processor.py:208} INFO - Processing /opt/airflow/dags/hdb_pipeline.py took 0.434 seconds
[2026-07-25T13:37:01.580+0000] {processor.py:186} INFO - Started process (PID=1368) to work on /opt/airflow/dags/hdb_pipeline.py
[2026-07-25T13:37:01.580+0000] {processor.py:914} INFO - Processing file /opt/airflow/dags/hdb_pipeline.py for tasks to queue
[2026-07-25T13:37:01.582+0000] {logging_mixin.py:190} INFO - [2026-07-25T13:37:01.582+0000] {dagbag.py:588} INFO - Filling up the DagBag from /opt/airflow/dags/hdb_pipeline.py
[2026-07-25T13:37:01.980+0000] {processor.py:925} INFO - DAG(s) 'hdb_resale_pipeline' retrieved from /opt/airflow/dags/hdb_pipeline.py
[2026-07-25T13:37:01.994+0000] {logging_mixin.py:190} INFO - [2026-07-25T13:37:01.993+0000] {dag.py:3239} INFO - Sync 1 DAGs
[2026-07-25T13:37:02.005+0000] {logging_mixin.py:190} INFO - [2026-07-25T13:37:02.005+0000] {dag.py:4180} INFO - Setting next_dagrun for hdb_resale_pipeline to 2026-07-25 00:00:00+00:00, run_after=2026-07-26 00:00:00+00:00
[2026-07-25T13:37:02.016+0000] {processor.py:208} INFO - Processing /opt/airflow/dags/hdb_pipeline.py took 0.440 seconds
[2026-07-25T13:37:32.171+0000] {processor.py:186} INFO - Started process (PID=1391) to work on /opt/airflow/dags/hdb_pipeline.py
[2026-07-25T13:37:32.172+0000] {processor.py:914} INFO - Processing file /opt/airflow/dags/hdb_pipeline.py for tasks to queue
[2026-07-25T13:37:32.174+0000] {logging_mixin.py:190} INFO - [2026-07-25T13:37:32.174+0000] {dagbag.py:588} INFO - Filling up the DagBag from /opt/airflow/dags/hdb_pipeline.py
[2026-07-25T13:37:32.557+0000] {processor.py:925} INFO - DAG(s) 'hdb_resale_pipeline' retrieved from /opt/airflow/dags/hdb_pipeline.py
[2026-07-25T13:37:32.571+0000] {logging_mixin.py:190} INFO - [2026-07-25T13:37:32.571+0000] {dag.py:3239} INFO - Sync 1 DAGs
[2026-07-25T13:37:32.583+0000] {logging_mixin.py:190} INFO - [2026-07-25T13:37:32.582+0000] {dag.py:4180} INFO - Setting next_dagrun for hdb_resale_pipeline to 2026-07-25 00:00:00+00:00, run_after=2026-07-26 00:00:00+00:00
[2026-07-25T13:37:32.593+0000] {processor.py:208} INFO - Processing /opt/airflow/dags/hdb_pipeline.py took 0.426 seconds
[2026-07-25T13:38:02.748+0000] {processor.py:186} INFO - Started process (PID=1414) to work on /opt/airflow/dags/hdb_pipeline.py
[2026-07-25T13:38:02.749+0000] {processor.py:914} INFO - Processing file /opt/airflow/dags/hdb_pipeline.py for tasks to queue
[2026-07-25T13:38:02.751+0000] {logging_mixin.py:190} INFO - [2026-07-25T13:38:02.751+0000] {dagbag.py:588} INFO - Filling up the DagBag from /opt/airflow/dags/hdb_pipeline.py
[2026-07-25T13:38:03.155+0000] {processor.py:925} INFO - DAG(s) 'hdb_resale_pipeline' retrieved from /opt/airflow/dags/hdb_pipeline.py
[2026-07-25T13:38:03.169+0000] {logging_mixin.py:190} INFO - [2026-07-25T13:38:03.168+0000] {dag.py:3239} INFO - Sync 1 DAGs
[2026-07-25T13:38:03.180+0000] {logging_mixin.py:190} INFO - [2026-07-25T13:38:03.180+0000] {dag.py:4180} INFO - Setting next_dagrun for hdb_resale_pipeline to 2026-07-25 00:00:00+00:00, run_after=2026-07-26 00:00:00+00:00
[2026-07-25T13:38:03.192+0000] {processor.py:208} INFO - Processing /opt/airflow/dags/hdb_pipeline.py took 0.447 seconds
[2026-07-25T13:38:33.344+0000] {processor.py:186} INFO - Started process (PID=1437) to work on /opt/airflow/dags/hdb_pipeline.py
[2026-07-25T13:38:33.344+0000] {processor.py:914} INFO - Processing file /opt/airflow/dags/hdb_pipeline.py for tasks to queue
[2026-07-25T13:38:33.346+0000] {logging_mixin.py:190} INFO - [2026-07-25T13:38:33.346+0000] {dagbag.py:588} INFO - Filling up the DagBag from /opt/airflow/dags/hdb_pipeline.py
[2026-07-25T13:38:33.748+0000] {processor.py:925} INFO - DAG(s) 'hdb_resale_pipeline' retrieved from /opt/airflow/dags/hdb_pipeline.py
[2026-07-25T13:38:33.762+0000] {logging_mixin.py:190} INFO - [2026-07-25T13:38:33.762+0000] {dag.py:3239} INFO - Sync 1 DAGs
[2026-07-25T13:38:33.774+0000] {logging_mixin.py:190} INFO - [2026-07-25T13:38:33.773+0000] {dag.py:4180} INFO - Setting next_dagrun for hdb_resale_pipeline to 2026-07-25 00:00:00+00:00, run_after=2026-07-26 00:00:00+00:00
[2026-07-25T13:38:33.784+0000] {processor.py:208} INFO - Processing /opt/airflow/dags/hdb_pipeline.py took 0.444 seconds
[2026-07-25T13:39:03.935+0000] {processor.py:186} INFO - Started process (PID=1460) to work on /opt/airflow/dags/hdb_pipeline.py
[2026-07-25T13:39:03.935+0000] {processor.py:914} INFO - Processing file /opt/airflow/dags/hdb_pipeline.py for tasks to queue
[2026-07-25T13:39:03.937+0000] {logging_mixin.py:190} INFO - [2026-07-25T13:39:03.937+0000] {dagbag.py:588} INFO - Filling up the DagBag from /opt/airflow/dags/hdb_pipeline.py
[2026-07-25T13:39:04.322+0000] {processor.py:925} INFO - DAG(s) 'hdb_resale_pipeline' retrieved from /opt/airflow/dags/hdb_pipeline.py
[2026-07-25T13:39:04.336+0000] {logging_mixin.py:190} INFO - [2026-07-25T13:39:04.335+0000] {dag.py:3239} INFO - Sync 1 DAGs
[2026-07-25T13:39:04.348+0000] {logging_mixin.py:190} INFO - [2026-07-25T13:39:04.348+0000] {dag.py:4180} INFO - Setting next_dagrun for hdb_resale_pipeline to 2026-07-25 00:00:00+00:00, run_after=2026-07-26 00:00:00+00:00
[2026-07-25T13:39:04.359+0000] {processor.py:208} INFO - Processing /opt/airflow/dags/hdb_pipeline.py took 0.428 seconds
[2026-07-25T13:39:34.514+0000] {processor.py:186} INFO - Started process (PID=1483) to work on /opt/airflow/dags/hdb_pipeline.py
[2026-07-25T13:39:34.515+0000] {processor.py:914} INFO - Processing file /opt/airflow/dags/hdb_pipeline.py for tasks to queue
[2026-07-25T13:39:34.517+0000] {logging_mixin.py:190} INFO - [2026-07-25T13:39:34.517+0000] {dagbag.py:588} INFO - Filling up the DagBag from /opt/airflow/dags/hdb_pipeline.py
[2026-07-25T13:39:34.923+0000] {processor.py:925} INFO - DAG(s) 'hdb_resale_pipeline' retrieved from /opt/airflow/dags/hdb_pipeline.py
[2026-07-25T13:39:34.938+0000] {logging_mixin.py:190} INFO - [2026-07-25T13:39:34.937+0000] {dag.py:3239} INFO - Sync 1 DAGs
[2026-07-25T13:39:34.949+0000] {logging_mixin.py:190} INFO - [2026-07-25T13:39:34.949+0000] {dag.py:4180} INFO - Setting next_dagrun for hdb_resale_pipeline to 2026-07-25 00:00:00+00:00, run_after=2026-07-26 00:00:00+00:00
[2026-07-25T13:39:34.961+0000] {processor.py:208} INFO - Processing /opt/airflow/dags/hdb_pipeline.py took 0.452 seconds
[2026-07-25T13:40:05.114+0000] {processor.py:186} INFO - Started process (PID=1506) to work on /opt/airflow/dags/hdb_pipeline.py
[2026-07-25T13:40:05.114+0000] {processor.py:914} INFO - Processing file /opt/airflow/dags/hdb_pipeline.py for tasks to queue
[2026-07-25T13:40:05.116+0000] {logging_mixin.py:190} INFO - [2026-07-25T13:40:05.116+0000] {dagbag.py:588} INFO - Filling up the DagBag from /opt/airflow/dags/hdb_pipeline.py
[2026-07-25T13:40:05.524+0000] {processor.py:925} INFO - DAG(s) 'hdb_resale_pipeline' retrieved from /opt/airflow/dags/hdb_pipeline.py
[2026-07-25T13:40:05.540+0000] {logging_mixin.py:190} INFO - [2026-07-25T13:40:05.540+0000] {dag.py:3239} INFO - Sync 1 DAGs
[2026-07-25T13:40:05.552+0000] {logging_mixin.py:190} INFO - [2026-07-25T13:40:05.552+0000] {dag.py:4180} INFO - Setting next_dagrun for hdb_resale_pipeline to 2026-07-25 00:00:00+00:00, run_after=2026-07-26 00:00:00+00:00
[2026-07-25T13:40:05.564+0000] {processor.py:208} INFO - Processing /opt/airflow/dags/hdb_pipeline.py took 0.455 seconds
[2026-07-25T13:40:35.724+0000] {processor.py:186} INFO - Started process (PID=1529) to work on /opt/airflow/dags/hdb_pipeline.py
[2026-07-25T13:40:35.725+0000] {processor.py:914} INFO - Processing file /opt/airflow/dags/hdb_pipeline.py for tasks to queue
[2026-07-25T13:40:35.728+0000] {logging_mixin.py:190} INFO - [2026-07-25T13:40:35.727+0000] {dagbag.py:588} INFO - Filling up the DagBag from /opt/airflow/dags/hdb_pipeline.py
[2026-07-25T13:40:36.238+0000] {processor.py:925} INFO - DAG(s) 'hdb_resale_pipeline' retrieved from /opt/airflow/dags/hdb_pipeline.py
[2026-07-25T13:40:36.255+0000] {logging_mixin.py:190} INFO - [2026-07-25T13:40:36.255+0000] {dag.py:3239} INFO - Sync 1 DAGs
[2026-07-25T13:40:36.269+0000] {logging_mixin.py:190} INFO - [2026-07-25T13:40:36.269+0000] {dag.py:4180} INFO - Setting next_dagrun for hdb_resale_pipeline to 2026-07-25 00:00:00+00:00, run_after=2026-07-26 00:00:00+00:00
[2026-07-25T13:40:36.281+0000] {processor.py:208} INFO - Processing /opt/airflow/dags/hdb_pipeline.py took 0.562 seconds
[2026-07-25T13:41:06.384+0000] {processor.py:186} INFO - Started process (PID=1552) to work on /opt/airflow/dags/hdb_pipeline.py
[2026-07-25T13:41:06.385+0000] {processor.py:914} INFO - Processing file /opt/airflow/dags/hdb_pipeline.py for tasks to queue
[2026-07-25T13:41:06.386+0000] {logging_mixin.py:190} INFO - [2026-07-25T13:41:06.386+0000] {dagbag.py:588} INFO - Filling up the DagBag from /opt/airflow/dags/hdb_pipeline.py
[2026-07-25T13:41:06.852+0000] {processor.py:925} INFO - DAG(s) 'hdb_resale_pipeline' retrieved from /opt/airflow/dags/hdb_pipeline.py
[2026-07-25T13:41:06.867+0000] {logging_mixin.py:190} INFO - [2026-07-25T13:41:06.867+0000] {dag.py:3239} INFO - Sync 1 DAGs
[2026-07-25T13:41:06.880+0000] {logging_mixin.py:190} INFO - [2026-07-25T13:41:06.880+0000] {dag.py:4180} INFO - Setting next_dagrun for hdb_resale_pipeline to 2026-07-25 00:00:00+00:00, run_after=2026-07-26 00:00:00+00:00
[2026-07-25T13:41:06.891+0000] {processor.py:208} INFO - Processing /opt/airflow/dags/hdb_pipeline.py took 0.511 seconds
[2026-07-25T13:41:37.061+0000] {processor.py:186} INFO - Started process (PID=1575) to work on /opt/airflow/dags/hdb_pipeline.py
[2026-07-25T13:41:37.062+0000] {processor.py:914} INFO - Processing file /opt/airflow/dags/hdb_pipeline.py for tasks to queue
[2026-07-25T13:41:37.065+0000] {logging_mixin.py:190} INFO - [2026-07-25T13:41:37.064+0000] {dagbag.py:588} INFO - Filling up the DagBag from /opt/airflow/dags/hdb_pipeline.py
[2026-07-25T13:41:37.523+0000] {processor.py:925} INFO - DAG(s) 'hdb_resale_pipeline' retrieved from /opt/airflow/dags/hdb_pipeline.py
[2026-07-25T13:41:37.539+0000] {logging_mixin.py:190} INFO - [2026-07-25T13:41:37.538+0000] {dag.py:3239} INFO - Sync 1 DAGs
[2026-07-25T13:41:37.552+0000] {logging_mixin.py:190} INFO - [2026-07-25T13:41:37.552+0000] {dag.py:4180} INFO - Setting next_dagrun for hdb_resale_pipeline to 2026-07-25 00:00:00+00:00, run_after=2026-07-26 00:00:00+00:00
[2026-07-25T13:41:37.565+0000] {processor.py:208} INFO - Processing /opt/airflow/dags/hdb_pipeline.py took 0.508 seconds
[2026-07-25T13:42:07.736+0000] {processor.py:186} INFO - Started process (PID=1598) to work on /opt/airflow/dags/hdb_pipeline.py
[2026-07-25T13:42:07.737+0000] {processor.py:914} INFO - Processing file /opt/airflow/dags/hdb_pipeline.py for tasks to queue
[2026-07-25T13:42:07.740+0000] {logging_mixin.py:190} INFO - [2026-07-25T13:42:07.740+0000] {dagbag.py:588} INFO - Filling up the DagBag from /opt/airflow/dags/hdb_pipeline.py
[2026-07-25T13:42:08.327+0000] {processor.py:925} INFO - DAG(s) 'hdb_resale_pipeline' retrieved from /opt/airflow/dags/hdb_pipeline.py
[2026-07-25T13:42:08.345+0000] {logging_mixin.py:190} INFO - [2026-07-25T13:42:08.345+0000] {dag.py:3239} INFO - Sync 1 DAGs
[2026-07-25T13:42:08.360+0000] {logging_mixin.py:190} INFO - [2026-07-25T13:42:08.360+0000] {dag.py:4180} INFO - Setting next_dagrun for hdb_resale_pipeline to 2026-07-25 00:00:00+00:00, run_after=2026-07-26 00:00:00+00:00
[2026-07-25T13:42:08.373+0000] {processor.py:208} INFO - Processing /opt/airflow/dags/hdb_pipeline.py took 0.642 seconds
[2026-07-25T13:42:38.567+0000] {processor.py:186} INFO - Started process (PID=1621) to work on /opt/airflow/dags/hdb_pipeline.py
[2026-07-25T13:42:38.568+0000] {processor.py:914} INFO - Processing file /opt/airflow/dags/hdb_pipeline.py for tasks to queue
[2026-07-25T13:42:38.571+0000] {logging_mixin.py:190} INFO - [2026-07-25T13:42:38.571+0000] {dagbag.py:588} INFO - Filling up the DagBag from /opt/airflow/dags/hdb_pipeline.py
[2026-07-25T13:42:39.119+0000] {processor.py:925} INFO - DAG(s) 'hdb_resale_pipeline' retrieved from /opt/airflow/dags/hdb_pipeline.py
[2026-07-25T13:42:39.136+0000] {logging_mixin.py:190} INFO - [2026-07-25T13:42:39.136+0000] {dag.py:3239} INFO - Sync 1 DAGs
[2026-07-25T13:42:39.152+0000] {logging_mixin.py:190} INFO - [2026-07-25T13:42:39.152+0000] {dag.py:4180} INFO - Setting next_dagrun for hdb_resale_pipeline to 2026-07-25 00:00:00+00:00, run_after=2026-07-26 00:00:00+00:00
[2026-07-25T13:42:39.166+0000] {processor.py:208} INFO - Processing /opt/airflow/dags/hdb_pipeline.py took 0.604 seconds
[2026-07-25T13:43:09.379+0000] {processor.py:186} INFO - Started process (PID=1644) to work on /opt/airflow/dags/hdb_pipeline.py
[2026-07-25T13:43:09.381+0000] {processor.py:914} INFO - Processing file /opt/airflow/dags/hdb_pipeline.py for tasks to queue
[2026-07-25T13:43:09.384+0000] {logging_mixin.py:190} INFO - [2026-07-25T13:43:09.384+0000] {dagbag.py:588} INFO - Filling up the DagBag from /opt/airflow/dags/hdb_pipeline.py
[2026-07-25T13:43:09.884+0000] {processor.py:925} INFO - DAG(s) 'hdb_resale_pipeline' retrieved from /opt/airflow/dags/hdb_pipeline.py
[2026-07-25T13:43:09.901+0000] {logging_mixin.py:190} INFO - [2026-07-25T13:43:09.900+0000] {dag.py:3239} INFO - Sync 1 DAGs
[2026-07-25T13:43:09.915+0000] {logging_mixin.py:190} INFO - [2026-07-25T13:43:09.915+0000] {dag.py:4180} INFO - Setting next_dagrun for hdb_resale_pipeline to 2026-07-25 00:00:00+00:00, run_after=2026-07-26 00:00:00+00:00
[2026-07-25T13:43:09.927+0000] {processor.py:208} INFO - Processing /opt/airflow/dags/hdb_pipeline.py took 0.555 seconds
[2026-07-25T13:43:40.115+0000] {processor.py:186} INFO - Started process (PID=1667) to work on /opt/airflow/dags/hdb_pipeline.py
[2026-07-25T13:43:40.116+0000] {processor.py:914} INFO - Processing file /opt/airflow/dags/hdb_pipeline.py for tasks to queue
[2026-07-25T13:43:40.119+0000] {logging_mixin.py:190} INFO - [2026-07-25T13:43:40.119+0000] {dagbag.py:588} INFO - Filling up the DagBag from /opt/airflow/dags/hdb_pipeline.py
[2026-07-25T13:43:40.585+0000] {processor.py:925} INFO - DAG(s) 'hdb_resale_pipeline' retrieved from /opt/airflow/dags/hdb_pipeline.py
[2026-07-25T13:43:40.603+0000] {logging_mixin.py:190} INFO - [2026-07-25T13:43:40.603+0000] {dag.py:3239} INFO - Sync 1 DAGs
[2026-07-25T13:43:40.617+0000] {logging_mixin.py:190} INFO - [2026-07-25T13:43:40.617+0000] {dag.py:4180} INFO - Setting next_dagrun for hdb_resale_pipeline to 2026-07-25 00:00:00+00:00, run_after=2026-07-26 00:00:00+00:00
[2026-07-25T13:43:40.634+0000] {processor.py:208} INFO - Processing /opt/airflow/dags/hdb_pipeline.py took 0.523 seconds
[2026-07-25T13:44:10.798+0000] {processor.py:186} INFO - Started process (PID=1690) to work on /opt/airflow/dags/hdb_pipeline.py
[2026-07-25T13:44:10.799+0000] {processor.py:914} INFO - Processing file /opt/airflow/dags/hdb_pipeline.py for tasks to queue
[2026-07-25T13:44:10.801+0000] {logging_mixin.py:190} INFO - [2026-07-25T13:44:10.801+0000] {dagbag.py:588} INFO - Filling up the DagBag from /opt/airflow/dags/hdb_pipeline.py
[2026-07-25T13:44:11.276+0000] {processor.py:925} INFO - DAG(s) 'hdb_resale_pipeline' retrieved from /opt/airflow/dags/hdb_pipeline.py
[2026-07-25T13:44:11.292+0000] {logging_mixin.py:190} INFO - [2026-07-25T13:44:11.292+0000] {dag.py:3239} INFO - Sync 1 DAGs
[2026-07-25T13:44:11.309+0000] {logging_mixin.py:190} INFO - [2026-07-25T13:44:11.309+0000] {dag.py:4180} INFO - Setting next_dagrun for hdb_resale_pipeline to 2026-07-25 00:00:00+00:00, run_after=2026-07-26 00:00:00+00:00
[2026-07-25T13:44:11.321+0000] {processor.py:208} INFO - Processing /opt/airflow/dags/hdb_pipeline.py took 0.528 seconds
[2026-07-25T13:44:41.500+0000] {processor.py:186} INFO - Started process (PID=1713) to work on /opt/airflow/dags/hdb_pipeline.py
[2026-07-25T13:44:41.501+0000] {processor.py:914} INFO - Processing file /opt/airflow/dags/hdb_pipeline.py for tasks to queue
[2026-07-25T13:44:41.503+0000] {logging_mixin.py:190} INFO - [2026-07-25T13:44:41.503+0000] {dagbag.py:588} INFO - Filling up the DagBag from /opt/airflow/dags/hdb_pipeline.py
[2026-07-25T13:44:41.961+0000] {processor.py:925} INFO - DAG(s) 'hdb_resale_pipeline' retrieved from /opt/airflow/dags/hdb_pipeline.py
[2026-07-25T13:44:41.979+0000] {logging_mixin.py:190} INFO - [2026-07-25T13:44:41.978+0000] {dag.py:3239} INFO - Sync 1 DAGs
[2026-07-25T13:44:41.992+0000] {logging_mixin.py:190} INFO - [2026-07-25T13:44:41.992+0000] {dag.py:4180} INFO - Setting next_dagrun for hdb_resale_pipeline to 2026-07-25 00:00:00+00:00, run_after=2026-07-26 00:00:00+00:00
[2026-07-25T13:44:42.006+0000] {processor.py:208} INFO - Processing /opt/airflow/dags/hdb_pipeline.py took 0.511 seconds
[2026-07-25T13:45:12.100+0000] {processor.py:186} INFO - Started process (PID=1736) to work on /opt/airflow/dags/hdb_pipeline.py
[2026-07-25T13:45:12.102+0000] {processor.py:914} INFO - Processing file /opt/airflow/dags/hdb_pipeline.py for tasks to queue
[2026-07-25T13:45:12.103+0000] {logging_mixin.py:190} INFO - [2026-07-25T13:45:12.103+0000] {dagbag.py:588} INFO - Filling up the DagBag from /opt/airflow/dags/hdb_pipeline.py
[2026-07-25T13:45:12.584+0000] {processor.py:925} INFO - DAG(s) 'hdb_resale_pipeline' retrieved from /opt/airflow/dags/hdb_pipeline.py
[2026-07-25T13:45:12.600+0000] {logging_mixin.py:190} INFO - [2026-07-25T13:45:12.600+0000] {dag.py:3239} INFO - Sync 1 DAGs
[2026-07-25T13:45:12.613+0000] {logging_mixin.py:190} INFO - [2026-07-25T13:45:12.613+0000] {dag.py:4180} INFO - Setting next_dagrun for hdb_resale_pipeline to 2026-07-25 00:00:00+00:00, run_after=2026-07-26 00:00:00+00:00
[2026-07-25T13:45:12.627+0000] {processor.py:208} INFO - Processing /opt/airflow/dags/hdb_pipeline.py took 0.531 seconds
[2026-07-25T13:45:42.805+0000] {processor.py:186} INFO - Started process (PID=1759) to work on /opt/airflow/dags/hdb_pipeline.py
[2026-07-25T13:45:42.806+0000] {processor.py:914} INFO - Processing file /opt/airflow/dags/hdb_pipeline.py for tasks to queue
[2026-07-25T13:45:42.809+0000] {logging_mixin.py:190} INFO - [2026-07-25T13:45:42.809+0000] {dagbag.py:588} INFO - Filling up the DagBag from /opt/airflow/dags/hdb_pipeline.py
[2026-07-25T13:45:43.289+0000] {processor.py:925} INFO - DAG(s) 'hdb_resale_pipeline' retrieved from /opt/airflow/dags/hdb_pipeline.py
[2026-07-25T13:45:43.305+0000] {logging_mixin.py:190} INFO - [2026-07-25T13:45:43.305+0000] {dag.py:3239} INFO - Sync 1 DAGs
[2026-07-25T13:45:43.318+0000] {logging_mixin.py:190} INFO - [2026-07-25T13:45:43.318+0000] {dag.py:4180} INFO - Setting next_dagrun for hdb_resale_pipeline to 2026-07-25 00:00:00+00:00, run_after=2026-07-26 00:00:00+00:00
[2026-07-25T13:45:43.332+0000] {processor.py:208} INFO - Processing /opt/airflow/dags/hdb_pipeline.py took 0.530 seconds
[2026-07-25T13:46:13.503+0000] {processor.py:186} INFO - Started process (PID=1782) to work on /opt/airflow/dags/hdb_pipeline.py
[2026-07-25T13:46:13.504+0000] {processor.py:914} INFO - Processing file /opt/airflow/dags/hdb_pipeline.py for tasks to queue
[2026-07-25T13:46:13.507+0000] {logging_mixin.py:190} INFO - [2026-07-25T13:46:13.506+0000] {dagbag.py:588} INFO - Filling up the DagBag from /opt/airflow/dags/hdb_pipeline.py
[2026-07-25T13:46:13.963+0000] {processor.py:925} INFO - DAG(s) 'hdb_resale_pipeline' retrieved from /opt/airflow/dags/hdb_pipeline.py
[2026-07-25T13:46:13.979+0000] {logging_mixin.py:190} INFO - [2026-07-25T13:46:13.979+0000] {dag.py:3239} INFO - Sync 1 DAGs
[2026-07-25T13:46:13.993+0000] {logging_mixin.py:190} INFO - [2026-07-25T13:46:13.993+0000] {dag.py:4180} INFO - Setting next_dagrun for hdb_resale_pipeline to 2026-07-25 00:00:00+00:00, run_after=2026-07-26 00:00:00+00:00
[2026-07-25T13:46:14.004+0000] {processor.py:208} INFO - Processing /opt/airflow/dags/hdb_pipeline.py took 0.505 seconds
[2026-07-25T13:46:44.182+0000] {processor.py:186} INFO - Started process (PID=1805) to work on /opt/airflow/dags/hdb_pipeline.py
[2026-07-25T13:46:44.183+0000] {processor.py:914} INFO - Processing file /opt/airflow/dags/hdb_pipeline.py for tasks to queue
[2026-07-25T13:46:44.185+0000] {logging_mixin.py:190} INFO - [2026-07-25T13:46:44.184+0000] {dagbag.py:588} INFO - Filling up the DagBag from /opt/airflow/dags/hdb_pipeline.py
[2026-07-25T13:46:44.659+0000] {processor.py:925} INFO - DAG(s) 'hdb_resale_pipeline' retrieved from /opt/airflow/dags/hdb_pipeline.py
[2026-07-25T13:46:44.676+0000] {logging_mixin.py:190} INFO - [2026-07-25T13:46:44.675+0000] {dag.py:3239} INFO - Sync 1 DAGs
[2026-07-25T13:46:44.688+0000] {logging_mixin.py:190} INFO - [2026-07-25T13:46:44.688+0000] {dag.py:4180} INFO - Setting next_dagrun for hdb_resale_pipeline to 2026-07-25 00:00:00+00:00, run_after=2026-07-26 00:00:00+00:00
[2026-07-25T13:46:44.701+0000] {processor.py:208} INFO - Processing /opt/airflow/dags/hdb_pipeline.py took 0.524 seconds
[2026-07-25T13:47:14.815+0000] {processor.py:186} INFO - Started process (PID=1828) to work on /opt/airflow/dags/hdb_pipeline.py
[2026-07-25T13:47:14.816+0000] {processor.py:914} INFO - Processing file /opt/airflow/dags/hdb_pipeline.py for tasks to queue
[2026-07-25T13:47:14.818+0000] {logging_mixin.py:190} INFO - [2026-07-25T13:47:14.818+0000] {dagbag.py:588} INFO - Filling up the DagBag from /opt/airflow/dags/hdb_pipeline.py
[2026-07-25T13:47:15.264+0000] {processor.py:925} INFO - DAG(s) 'hdb_resale_pipeline' retrieved from /opt/airflow/dags/hdb_pipeline.py
[2026-07-25T13:47:15.282+0000] {logging_mixin.py:190} INFO - [2026-07-25T13:47:15.282+0000] {dag.py:3239} INFO - Sync 1 DAGs
[2026-07-25T13:47:15.296+0000] {logging_mixin.py:190} INFO - [2026-07-25T13:47:15.296+0000] {dag.py:4180} INFO - Setting next_dagrun for hdb_resale_pipeline to 2026-07-25 00:00:00+00:00, run_after=2026-07-26 00:00:00+00:00
[2026-07-25T13:47:15.309+0000] {processor.py:208} INFO - Processing /opt/airflow/dags/hdb_pipeline.py took 0.499 seconds
[2026-07-25T13:47:45.491+0000] {processor.py:186} INFO - Started process (PID=1851) to work on /opt/airflow/dags/hdb_pipeline.py
[2026-07-25T13:47:45.492+0000] {processor.py:914} INFO - Processing file /opt/airflow/dags/hdb_pipeline.py for tasks to queue
[2026-07-25T13:47:45.494+0000] {logging_mixin.py:190} INFO - [2026-07-25T13:47:45.494+0000] {dagbag.py:588} INFO - Filling up the DagBag from /opt/airflow/dags/hdb_pipeline.py
[2026-07-25T13:47:45.954+0000] {processor.py:925} INFO - DAG(s) 'hdb_resale_pipeline' retrieved from /opt/airflow/dags/hdb_pipeline.py
[2026-07-25T13:47:45.970+0000] {logging_mixin.py:190} INFO - [2026-07-25T13:47:45.970+0000] {dag.py:3239} INFO - Sync 1 DAGs
[2026-07-25T13:47:45.983+0000] {logging_mixin.py:190} INFO - [2026-07-25T13:47:45.983+0000] {dag.py:4180} INFO - Setting next_dagrun for hdb_resale_pipeline to 2026-07-25 00:00:00+00:00, run_after=2026-07-26 00:00:00+00:00
[2026-07-25T13:47:45.997+0000] {processor.py:208} INFO - Processing /opt/airflow/dags/hdb_pipeline.py took 0.510 seconds
[2026-07-25T13:48:16.208+0000] {processor.py:186} INFO - Started process (PID=1875) to work on /opt/airflow/dags/hdb_pipeline.py
[2026-07-25T13:48:16.209+0000] {processor.py:914} INFO - Processing file /opt/airflow/dags/hdb_pipeline.py for tasks to queue
[2026-07-25T13:48:16.212+0000] {logging_mixin.py:190} INFO - [2026-07-25T13:48:16.211+0000] {dagbag.py:588} INFO - Filling up the DagBag from /opt/airflow/dags/hdb_pipeline.py
[2026-07-25T13:48:16.693+0000] {processor.py:925} INFO - DAG(s) 'hdb_resale_pipeline' retrieved from /opt/airflow/dags/hdb_pipeline.py
[2026-07-25T13:48:16.708+0000] {logging_mixin.py:190} INFO - [2026-07-25T13:48:16.708+0000] {dag.py:3239} INFO - Sync 1 DAGs
[2026-07-25T13:48:16.722+0000] {logging_mixin.py:190} INFO - [2026-07-25T13:48:16.722+0000] {dag.py:4180} INFO - Setting next_dagrun for hdb_resale_pipeline to 2026-07-25 00:00:00+00:00, run_after=2026-07-26 00:00:00+00:00
[2026-07-25T13:48:16.735+0000] {processor.py:208} INFO - Processing /opt/airflow/dags/hdb_pipeline.py took 0.532 seconds
[2026-07-25T13:48:46.919+0000] {processor.py:186} INFO - Started process (PID=1898) to work on /opt/airflow/dags/hdb_pipeline.py
[2026-07-25T13:48:46.920+0000] {processor.py:914} INFO - Processing file /opt/airflow/dags/hdb_pipeline.py for tasks to queue
[2026-07-25T13:48:46.921+0000] {logging_mixin.py:190} INFO - [2026-07-25T13:48:46.921+0000] {dagbag.py:588} INFO - Filling up the DagBag from /opt/airflow/dags/hdb_pipeline.py
[2026-07-25T13:48:47.395+0000] {processor.py:925} INFO - DAG(s) 'hdb_resale_pipeline' retrieved from /opt/airflow/dags/hdb_pipeline.py
[2026-07-25T13:48:47.412+0000] {logging_mixin.py:190} INFO - [2026-07-25T13:48:47.411+0000] {dag.py:3239} INFO - Sync 1 DAGs
[2026-07-25T13:48:47.426+0000] {logging_mixin.py:190} INFO - [2026-07-25T13:48:47.426+0000] {dag.py:4180} INFO - Setting next_dagrun for hdb_resale_pipeline to 2026-07-25 00:00:00+00:00, run_after=2026-07-26 00:00:00+00:00
[2026-07-25T13:48:47.438+0000] {processor.py:208} INFO - Processing /opt/airflow/dags/hdb_pipeline.py took 0.524 seconds
[2026-07-25T13:49:17.510+0000] {processor.py:186} INFO - Started process (PID=1921) to work on /opt/airflow/dags/hdb_pipeline.py
[2026-07-25T13:49:17.511+0000] {processor.py:914} INFO - Processing file /opt/airflow/dags/hdb_pipeline.py for tasks to queue
[2026-07-25T13:49:17.514+0000] {logging_mixin.py:190} INFO - [2026-07-25T13:49:17.513+0000] {dagbag.py:588} INFO - Filling up the DagBag from /opt/airflow/dags/hdb_pipeline.py
[2026-07-25T13:49:17.965+0000] {processor.py:925} INFO - DAG(s) 'hdb_resale_pipeline' retrieved from /opt/airflow/dags/hdb_pipeline.py
[2026-07-25T13:49:17.981+0000] {logging_mixin.py:190} INFO - [2026-07-25T13:49:17.981+0000] {dag.py:3239} INFO - Sync 1 DAGs
[2026-07-25T13:49:17.994+0000] {logging_mixin.py:190} INFO - [2026-07-25T13:49:17.994+0000] {dag.py:4180} INFO - Setting next_dagrun for hdb_resale_pipeline to 2026-07-25 00:00:00+00:00, run_after=2026-07-26 00:00:00+00:00
[2026-07-25T13:49:18.009+0000] {processor.py:208} INFO - Processing /opt/airflow/dags/hdb_pipeline.py took 0.503 seconds
[2026-07-25T13:49:48.183+0000] {processor.py:186} INFO - Started process (PID=1944) to work on /opt/airflow/dags/hdb_pipeline.py
[2026-07-25T13:49:48.184+0000] {processor.py:914} INFO - Processing file /opt/airflow/dags/hdb_pipeline.py for tasks to queue
[2026-07-25T13:49:48.186+0000] {logging_mixin.py:190} INFO - [2026-07-25T13:49:48.186+0000] {dagbag.py:588} INFO - Filling up the DagBag from /opt/airflow/dags/hdb_pipeline.py
[2026-07-25T13:49:48.652+0000] {processor.py:925} INFO - DAG(s) 'hdb_resale_pipeline' retrieved from /opt/airflow/dags/hdb_pipeline.py
[2026-07-25T13:49:48.669+0000] {logging_mixin.py:190} INFO - [2026-07-25T13:49:48.668+0000] {dag.py:3239} INFO - Sync 1 DAGs
[2026-07-25T13:49:48.683+0000] {logging_mixin.py:190} INFO - [2026-07-25T13:49:48.683+0000] {dag.py:4180} INFO - Setting next_dagrun for hdb_resale_pipeline to 2026-07-25 00:00:00+00:00, run_after=2026-07-26 00:00:00+00:00
[2026-07-25T13:49:48.697+0000] {processor.py:208} INFO - Processing /opt/airflow/dags/hdb_pipeline.py took 0.518 seconds
[2026-07-25T13:50:18.884+0000] {processor.py:186} INFO - Started process (PID=1967) to work on /opt/airflow/dags/hdb_pipeline.py
[2026-07-25T13:50:18.885+0000] {processor.py:914} INFO - Processing file /opt/airflow/dags/hdb_pipeline.py for tasks to queue
[2026-07-25T13:50:18.887+0000] {logging_mixin.py:190} INFO - [2026-07-25T13:50:18.887+0000] {dagbag.py:588} INFO - Filling up the DagBag from /opt/airflow/dags/hdb_pipeline.py
[2026-07-25T13:50:19.368+0000] {processor.py:925} INFO - DAG(s) 'hdb_resale_pipeline' retrieved from /opt/airflow/dags/hdb_pipeline.py
[2026-07-25T13:50:19.386+0000] {logging_mixin.py:190} INFO - [2026-07-25T13:50:19.385+0000] {dag.py:3239} INFO - Sync 1 DAGs
[2026-07-25T13:50:19.401+0000] {logging_mixin.py:190} INFO - [2026-07-25T13:50:19.401+0000] {dag.py:4180} INFO - Setting next_dagrun for hdb_resale_pipeline to 2026-07-25 00:00:00+00:00, run_after=2026-07-26 00:00:00+00:00
[2026-07-25T13:50:19.413+0000] {processor.py:208} INFO - Processing /opt/airflow/dags/hdb_pipeline.py took 0.532 seconds
[2026-07-25T13:50:49.484+0000] {processor.py:186} INFO - Started process (PID=1990) to work on /opt/airflow/dags/hdb_pipeline.py
[2026-07-25T13:50:49.485+0000] {processor.py:914} INFO - Processing file /opt/airflow/dags/hdb_pipeline.py for tasks to queue
[2026-07-25T13:50:49.487+0000] {logging_mixin.py:190} INFO - [2026-07-25T13:50:49.486+0000] {dagbag.py:588} INFO - Filling up the DagBag from /opt/airflow/dags/hdb_pipeline.py
[2026-07-25T13:50:49.997+0000] {processor.py:925} INFO - DAG(s) 'hdb_resale_pipeline' retrieved from /opt/airflow/dags/hdb_pipeline.py
[2026-07-25T13:50:50.014+0000] {logging_mixin.py:190} INFO - [2026-07-25T13:50:50.014+0000] {dag.py:3239} INFO - Sync 1 DAGs
[2026-07-25T13:50:50.028+0000] {logging_mixin.py:190} INFO - [2026-07-25T13:50:50.028+0000] {dag.py:4180} INFO - Setting next_dagrun for hdb_resale_pipeline to 2026-07-25 00:00:00+00:00, run_after=2026-07-26 00:00:00+00:00
[2026-07-25T13:50:50.042+0000] {processor.py:208} INFO - Processing /opt/airflow/dags/hdb_pipeline.py took 0.562 seconds
[2026-07-25T13:51:20.228+0000] {processor.py:186} INFO - Started process (PID=2013) to work on /opt/airflow/dags/hdb_pipeline.py
[2026-07-25T13:51:20.230+0000] {processor.py:914} INFO - Processing file /opt/airflow/dags/hdb_pipeline.py for tasks to queue
[2026-07-25T13:51:20.232+0000] {logging_mixin.py:190} INFO - [2026-07-25T13:51:20.231+0000] {dagbag.py:588} INFO - Filling up the DagBag from /opt/airflow/dags/hdb_pipeline.py
[2026-07-25T13:51:20.710+0000] {processor.py:925} INFO - DAG(s) 'hdb_resale_pipeline' retrieved from /opt/airflow/dags/hdb_pipeline.py
[2026-07-25T13:51:20.728+0000] {logging_mixin.py:190} INFO - [2026-07-25T13:51:20.727+0000] {dag.py:3239} INFO - Sync 1 DAGs
[2026-07-25T13:51:20.742+0000] {logging_mixin.py:190} INFO - [2026-07-25T13:51:20.742+0000] {dag.py:4180} INFO - Setting next_dagrun for hdb_resale_pipeline to 2026-07-25 00:00:00+00:00, run_after=2026-07-26 00:00:00+00:00
[2026-07-25T13:51:20.755+0000] {processor.py:208} INFO - Processing /opt/airflow/dags/hdb_pipeline.py took 0.531 seconds
[2026-07-25T13:51:50.874+0000] {processor.py:186} INFO - Started process (PID=2036) to work on /opt/airflow/dags/hdb_pipeline.py
[2026-07-25T13:51:50.875+0000] {processor.py:914} INFO - Processing file /opt/airflow/dags/hdb_pipeline.py for tasks to queue
[2026-07-25T13:51:50.877+0000] {logging_mixin.py:190} INFO - [2026-07-25T13:51:50.877+0000] {dagbag.py:588} INFO - Filling up the DagBag from /opt/airflow/dags/hdb_pipeline.py
[2026-07-25T13:51:51.325+0000] {processor.py:925} INFO - DAG(s) 'hdb_resale_pipeline' retrieved from /opt/airflow/dags/hdb_pipeline.py
[2026-07-25T13:51:51.341+0000] {logging_mixin.py:190} INFO - [2026-07-25T13:51:51.341+0000] {dag.py:3239} INFO - Sync 1 DAGs
[2026-07-25T13:51:51.354+0000] {logging_mixin.py:190} INFO - [2026-07-25T13:51:51.354+0000] {dag.py:4180} INFO - Setting next_dagrun for hdb_resale_pipeline to 2026-07-25 00:00:00+00:00, run_after=2026-07-26 00:00:00+00:00
[2026-07-25T13:51:51.368+0000] {processor.py:208} INFO - Processing /opt/airflow/dags/hdb_pipeline.py took 0.498 seconds
[2026-07-25T13:52:21.549+0000] {processor.py:186} INFO - Started process (PID=2059) to work on /opt/airflow/dags/hdb_pipeline.py
[2026-07-25T13:52:21.550+0000] {processor.py:914} INFO - Processing file /opt/airflow/dags/hdb_pipeline.py for tasks to queue
[2026-07-25T13:52:21.552+0000] {logging_mixin.py:190} INFO - [2026-07-25T13:52:21.552+0000] {dagbag.py:588} INFO - Filling up the DagBag from /opt/airflow/dags/hdb_pipeline.py
[2026-07-25T13:52:22.012+0000] {processor.py:925} INFO - DAG(s) 'hdb_resale_pipeline' retrieved from /opt/airflow/dags/hdb_pipeline.py
[2026-07-25T13:52:22.028+0000] {logging_mixin.py:190} INFO - [2026-07-25T13:52:22.028+0000] {dag.py:3239} INFO - Sync 1 DAGs
[2026-07-25T13:52:22.042+0000] {logging_mixin.py:190} INFO - [2026-07-25T13:52:22.042+0000] {dag.py:4180} INFO - Setting next_dagrun for hdb_resale_pipeline to 2026-07-25 00:00:00+00:00, run_after=2026-07-26 00:00:00+00:00
[2026-07-25T13:52:22.055+0000] {processor.py:208} INFO - Processing /opt/airflow/dags/hdb_pipeline.py took 0.511 seconds
[2026-07-25T13:52:52.204+0000] {processor.py:186} INFO - Started process (PID=2082) to work on /opt/airflow/dags/hdb_pipeline.py
[2026-07-25T13:52:52.205+0000] {processor.py:914} INFO - Processing file /opt/airflow/dags/hdb_pipeline.py for tasks to queue
[2026-07-25T13:52:52.207+0000] {logging_mixin.py:190} INFO - [2026-07-25T13:52:52.207+0000] {dagbag.py:588} INFO - Filling up the DagBag from /opt/airflow/dags/hdb_pipeline.py
[2026-07-25T13:52:52.688+0000] {processor.py:925} INFO - DAG(s) 'hdb_resale_pipeline' retrieved from /opt/airflow/dags/hdb_pipeline.py
[2026-07-25T13:52:52.706+0000] {logging_mixin.py:190} INFO - [2026-07-25T13:52:52.706+0000] {dag.py:3239} INFO - Sync 1 DAGs
[2026-07-25T13:52:52.720+0000] {logging_mixin.py:190} INFO - [2026-07-25T13:52:52.719+0000] {dag.py:4180} INFO - Setting next_dagrun for hdb_resale_pipeline to 2026-07-25 00:00:00+00:00, run_after=2026-07-26 00:00:00+00:00
[2026-07-25T13:52:52.731+0000] {processor.py:208} INFO - Processing /opt/airflow/dags/hdb_pipeline.py took 0.531 seconds
[2026-07-25T13:53:22.911+0000] {processor.py:186} INFO - Started process (PID=2105) to work on /opt/airflow/dags/hdb_pipeline.py
[2026-07-25T13:53:22.912+0000] {processor.py:914} INFO - Processing file /opt/airflow/dags/hdb_pipeline.py for tasks to queue
[2026-07-25T13:53:22.914+0000] {logging_mixin.py:190} INFO - [2026-07-25T13:53:22.914+0000] {dagbag.py:588} INFO - Filling up the DagBag from /opt/airflow/dags/hdb_pipeline.py
[2026-07-25T13:53:23.389+0000] {processor.py:925} INFO - DAG(s) 'hdb_resale_pipeline' retrieved from /opt/airflow/dags/hdb_pipeline.py
[2026-07-25T13:53:23.405+0000] {logging_mixin.py:190} INFO - [2026-07-25T13:53:23.404+0000] {dag.py:3239} INFO - Sync 1 DAGs
[2026-07-25T13:53:23.418+0000] {logging_mixin.py:190} INFO - [2026-07-25T13:53:23.418+0000] {dag.py:4180} INFO - Setting next_dagrun for hdb_resale_pipeline to 2026-07-25 00:00:00+00:00, run_after=2026-07-26 00:00:00+00:00
[2026-07-25T13:53:23.431+0000] {processor.py:208} INFO - Processing /opt/airflow/dags/hdb_pipeline.py took 0.524 seconds
[2026-07-25T13:53:53.550+0000] {processor.py:186} INFO - Started process (PID=2128) to work on /opt/airflow/dags/hdb_pipeline.py
[2026-07-25T13:53:53.551+0000] {processor.py:914} INFO - Processing file /opt/airflow/dags/hdb_pipeline.py for tasks to queue
[2026-07-25T13:53:53.553+0000] {logging_mixin.py:190} INFO - [2026-07-25T13:53:53.553+0000] {dagbag.py:588} INFO - Filling up the DagBag from /opt/airflow/dags/hdb_pipeline.py
[2026-07-25T13:53:54.036+0000] {processor.py:925} INFO - DAG(s) 'hdb_resale_pipeline' retrieved from /opt/airflow/dags/hdb_pipeline.py
[2026-07-25T13:53:54.053+0000] {logging_mixin.py:190} INFO - [2026-07-25T13:53:54.052+0000] {dag.py:3239} INFO - Sync 1 DAGs
[2026-07-25T13:53:54.067+0000] {logging_mixin.py:190} INFO - [2026-07-25T13:53:54.067+0000] {dag.py:4180} INFO - Setting next_dagrun for hdb_resale_pipeline to 2026-07-25 00:00:00+00:00, run_after=2026-07-26 00:00:00+00:00
[2026-07-25T13:53:54.082+0000] {processor.py:208} INFO - Processing /opt/airflow/dags/hdb_pipeline.py took 0.537 seconds
[2026-07-25T13:54:24.268+0000] {processor.py:186} INFO - Started process (PID=2151) to work on /opt/airflow/dags/hdb_pipeline.py
[2026-07-25T13:54:24.269+0000] {processor.py:914} INFO - Processing file /opt/airflow/dags/hdb_pipeline.py for tasks to queue
[2026-07-25T13:54:24.271+0000] {logging_mixin.py:190} INFO - [2026-07-25T13:54:24.271+0000] {dagbag.py:588} INFO - Filling up the DagBag from /opt/airflow/dags/hdb_pipeline.py
[2026-07-25T13:54:24.719+0000] {processor.py:925} INFO - DAG(s) 'hdb_resale_pipeline' retrieved from /opt/airflow/dags/hdb_pipeline.py
[2026-07-25T13:54:24.735+0000] {logging_mixin.py:190} INFO - [2026-07-25T13:54:24.735+0000] {dag.py:3239} INFO - Sync 1 DAGs
[2026-07-25T13:54:24.749+0000] {logging_mixin.py:190} INFO - [2026-07-25T13:54:24.749+0000] {dag.py:4180} INFO - Setting next_dagrun for hdb_resale_pipeline to 2026-07-25 00:00:00+00:00, run_after=2026-07-26 00:00:00+00:00
[2026-07-25T13:54:24.762+0000] {processor.py:208} INFO - Processing /opt/airflow/dags/hdb_pipeline.py took 0.498 seconds
[2026-07-25T13:54:54.876+0000] {processor.py:186} INFO - Started process (PID=2174) to work on /opt/airflow/dags/hdb_pipeline.py
[2026-07-25T13:54:54.877+0000] {processor.py:914} INFO - Processing file /opt/airflow/dags/hdb_pipeline.py for tasks to queue
[2026-07-25T13:54:54.879+0000] {logging_mixin.py:190} INFO - [2026-07-25T13:54:54.878+0000] {dagbag.py:588} INFO - Filling up the DagBag from /opt/airflow/dags/hdb_pipeline.py
[2026-07-25T13:54:55.320+0000] {processor.py:925} INFO - DAG(s) 'hdb_resale_pipeline' retrieved from /opt/airflow/dags/hdb_pipeline.py
[2026-07-25T13:54:55.337+0000] {logging_mixin.py:190} INFO - [2026-07-25T13:54:55.336+0000] {dag.py:3239} INFO - Sync 1 DAGs
[2026-07-25T13:54:55.350+0000] {logging_mixin.py:190} INFO - [2026-07-25T13:54:55.350+0000] {dag.py:4180} INFO - Setting next_dagrun for hdb_resale_pipeline to 2026-07-25 00:00:00+00:00, run_after=2026-07-26 00:00:00+00:00
[2026-07-25T13:54:55.361+0000] {processor.py:208} INFO - Processing /opt/airflow/dags/hdb_pipeline.py took 0.490 seconds
[2026-07-25T13:55:25.539+0000] {processor.py:186} INFO - Started process (PID=2197) to work on /opt/airflow/dags/hdb_pipeline.py
[2026-07-25T13:55:25.540+0000] {processor.py:914} INFO - Processing file /opt/airflow/dags/hdb_pipeline.py for tasks to queue
[2026-07-25T13:55:25.542+0000] {logging_mixin.py:190} INFO - [2026-07-25T13:55:25.541+0000] {dagbag.py:588} INFO - Filling up the DagBag from /opt/airflow/dags/hdb_pipeline.py
[2026-07-25T13:55:26.019+0000] {processor.py:925} INFO - DAG(s) 'hdb_resale_pipeline' retrieved from /opt/airflow/dags/hdb_pipeline.py
[2026-07-25T13:55:26.035+0000] {logging_mixin.py:190} INFO - [2026-07-25T13:55:26.035+0000] {dag.py:3239} INFO - Sync 1 DAGs
[2026-07-25T13:55:26.049+0000] {logging_mixin.py:190} INFO - [2026-07-25T13:55:26.049+0000] {dag.py:4180} INFO - Setting next_dagrun for hdb_resale_pipeline to 2026-07-25 00:00:00+00:00, run_after=2026-07-26 00:00:00+00:00
[2026-07-25T13:55:26.063+0000] {processor.py:208} INFO - Processing /opt/airflow/dags/hdb_pipeline.py took 0.528 seconds
[2026-07-25T13:55:56.223+0000] {processor.py:186} INFO - Started process (PID=2220) to work on /opt/airflow/dags/hdb_pipeline.py
[2026-07-25T13:55:56.224+0000] {processor.py:914} INFO - Processing file /opt/airflow/dags/hdb_pipeline.py for tasks to queue
[2026-07-25T13:55:56.227+0000] {logging_mixin.py:190} INFO - [2026-07-25T13:55:56.226+0000] {dagbag.py:588} INFO - Filling up the DagBag from /opt/airflow/dags/hdb_pipeline.py
[2026-07-25T13:55:56.714+0000] {processor.py:925} INFO - DAG(s) 'hdb_resale_pipeline' retrieved from /opt/airflow/dags/hdb_pipeline.py
[2026-07-25T13:55:56.732+0000] {logging_mixin.py:190} INFO - [2026-07-25T13:55:56.731+0000] {dag.py:3239} INFO - Sync 1 DAGs
[2026-07-25T13:55:56.747+0000] {logging_mixin.py:190} INFO - [2026-07-25T13:55:56.747+0000] {dag.py:4180} INFO - Setting next_dagrun for hdb_resale_pipeline to 2026-07-25 00:00:00+00:00, run_after=2026-07-26 00:00:00+00:00
[2026-07-25T13:55:56.760+0000] {processor.py:208} INFO - Processing /opt/airflow/dags/hdb_pipeline.py took 0.542 seconds
[2026-07-25T13:56:26.949+0000] {processor.py:186} INFO - Started process (PID=2243) to work on /opt/airflow/dags/hdb_pipeline.py
[2026-07-25T13:56:26.950+0000] {processor.py:914} INFO - Processing file /opt/airflow/dags/hdb_pipeline.py for tasks to queue
[2026-07-25T13:56:26.952+0000] {logging_mixin.py:190} INFO - [2026-07-25T13:56:26.952+0000] {dagbag.py:588} INFO - Filling up the DagBag from /opt/airflow/dags/hdb_pipeline.py
[2026-07-25T13:56:27.418+0000] {processor.py:925} INFO - DAG(s) 'hdb_resale_pipeline' retrieved from /opt/airflow/dags/hdb_pipeline.py
[2026-07-25T13:56:27.438+0000] {logging_mixin.py:190} INFO - [2026-07-25T13:56:27.438+0000] {dag.py:3239} INFO - Sync 1 DAGs
[2026-07-25T13:56:27.456+0000] {logging_mixin.py:190} INFO - [2026-07-25T13:56:27.455+0000] {dag.py:4180} INFO - Setting next_dagrun for hdb_resale_pipeline to 2026-07-25 00:00:00+00:00, run_after=2026-07-26 00:00:00+00:00
[2026-07-25T13:56:27.469+0000] {processor.py:208} INFO - Processing /opt/airflow/dags/hdb_pipeline.py took 0.524 seconds
[2026-07-25T13:56:57.529+0000] {processor.py:186} INFO - Started process (PID=2266) to work on /opt/airflow/dags/hdb_pipeline.py
[2026-07-25T13:56:57.530+0000] {processor.py:914} INFO - Processing file /opt/airflow/dags/hdb_pipeline.py for tasks to queue
[2026-07-25T13:56:57.532+0000] {logging_mixin.py:190} INFO - [2026-07-25T13:56:57.532+0000] {dagbag.py:588} INFO - Filling up the DagBag from /opt/airflow/dags/hdb_pipeline.py
[2026-07-25T13:56:57.988+0000] {processor.py:925} INFO - DAG(s) 'hdb_resale_pipeline' retrieved from /opt/airflow/dags/hdb_pipeline.py
[2026-07-25T13:56:58.006+0000] {logging_mixin.py:190} INFO - [2026-07-25T13:56:58.005+0000] {dag.py:3239} INFO - Sync 1 DAGs
[2026-07-25T13:56:58.020+0000] {logging_mixin.py:190} INFO - [2026-07-25T13:56:58.020+0000] {dag.py:4180} INFO - Setting next_dagrun for hdb_resale_pipeline to 2026-07-25 00:00:00+00:00, run_after=2026-07-26 00:00:00+00:00
[2026-07-25T13:56:58.032+0000] {processor.py:208} INFO - Processing /opt/airflow/dags/hdb_pipeline.py took 0.507 seconds
[2026-07-25T13:57:28.205+0000] {processor.py:186} INFO - Started process (PID=2289) to work on /opt/airflow/dags/hdb_pipeline.py
[2026-07-25T13:57:28.206+0000] {processor.py:914} INFO - Processing file /opt/airflow/dags/hdb_pipeline.py for tasks to queue
[2026-07-25T13:57:28.208+0000] {logging_mixin.py:190} INFO - [2026-07-25T13:57:28.208+0000] {dagbag.py:588} INFO - Filling up the DagBag from /opt/airflow/dags/hdb_pipeline.py
[2026-07-25T13:57:28.682+0000] {processor.py:925} INFO - DAG(s) 'hdb_resale_pipeline' retrieved from /opt/airflow/dags/hdb_pipeline.py
[2026-07-25T13:57:28.699+0000] {logging_mixin.py:190} INFO - [2026-07-25T13:57:28.699+0000] {dag.py:3239} INFO - Sync 1 DAGs
[2026-07-25T13:57:28.713+0000] {logging_mixin.py:190} INFO - [2026-07-25T13:57:28.713+0000] {dag.py:4180} INFO - Setting next_dagrun for hdb_resale_pipeline to 2026-07-25 00:00:00+00:00, run_after=2026-07-26 00:00:00+00:00
[2026-07-25T13:57:28.727+0000] {processor.py:208} INFO - Processing /opt/airflow/dags/hdb_pipeline.py took 0.526 seconds
[2026-07-25T13:57:58.913+0000] {processor.py:186} INFO - Started process (PID=2312) to work on /opt/airflow/dags/hdb_pipeline.py
[2026-07-25T13:57:58.914+0000] {processor.py:914} INFO - Processing file /opt/airflow/dags/hdb_pipeline.py for tasks to queue
[2026-07-25T13:57:58.916+0000] {logging_mixin.py:190} INFO - [2026-07-25T13:57:58.916+0000] {dagbag.py:588} INFO - Filling up the DagBag from /opt/airflow/dags/hdb_pipeline.py
[2026-07-25T13:57:59.365+0000] {processor.py:925} INFO - DAG(s) 'hdb_resale_pipeline' retrieved from /opt/airflow/dags/hdb_pipeline.py
[2026-07-25T13:57:59.381+0000] {logging_mixin.py:190} INFO - [2026-07-25T13:57:59.380+0000] {dag.py:3239} INFO - Sync 1 DAGs
[2026-07-25T13:57:59.395+0000] {logging_mixin.py:190} INFO - [2026-07-25T13:57:59.395+0000] {dag.py:4180} INFO - Setting next_dagrun for hdb_resale_pipeline to 2026-07-25 00:00:00+00:00, run_after=2026-07-26 00:00:00+00:00
[2026-07-25T13:57:59.409+0000] {processor.py:208} INFO - Processing /opt/airflow/dags/hdb_pipeline.py took 0.502 seconds
[2026-07-25T13:58:29.543+0000] {processor.py:186} INFO - Started process (PID=2335) to work on /opt/airflow/dags/hdb_pipeline.py
[2026-07-25T13:58:29.544+0000] {processor.py:914} INFO - Processing file /opt/airflow/dags/hdb_pipeline.py for tasks to queue
[2026-07-25T13:58:29.547+0000] {logging_mixin.py:190} INFO - [2026-07-25T13:58:29.547+0000] {dagbag.py:588} INFO - Filling up the DagBag from /opt/airflow/dags/hdb_pipeline.py
[2026-07-25T13:58:29.991+0000] {processor.py:925} INFO - DAG(s) 'hdb_resale_pipeline' retrieved from /opt/airflow/dags/hdb_pipeline.py
[2026-07-25T13:58:30.007+0000] {logging_mixin.py:190} INFO - [2026-07-25T13:58:30.007+0000] {dag.py:3239} INFO - Sync 1 DAGs
[2026-07-25T13:58:30.021+0000] {logging_mixin.py:190} INFO - [2026-07-25T13:58:30.021+0000] {dag.py:4180} INFO - Setting next_dagrun for hdb_resale_pipeline to 2026-07-25 00:00:00+00:00, run_after=2026-07-26 00:00:00+00:00
[2026-07-25T13:58:30.033+0000] {processor.py:208} INFO - Processing /opt/airflow/dags/hdb_pipeline.py took 0.494 seconds
[2026-07-25T13:59:00.212+0000] {processor.py:186} INFO - Started process (PID=2358) to work on /opt/airflow/dags/hdb_pipeline.py
[2026-07-25T13:59:00.213+0000] {processor.py:914} INFO - Processing file /opt/airflow/dags/hdb_pipeline.py for tasks to queue
[2026-07-25T13:59:00.215+0000] {logging_mixin.py:190} INFO - [2026-07-25T13:59:00.215+0000] {dagbag.py:588} INFO - Filling up the DagBag from /opt/airflow/dags/hdb_pipeline.py
[2026-07-25T13:59:00.672+0000] {processor.py:925} INFO - DAG(s) 'hdb_resale_pipeline' retrieved from /opt/airflow/dags/hdb_pipeline.py
[2026-07-25T13:59:00.688+0000] {logging_mixin.py:190} INFO - [2026-07-25T13:59:00.688+0000] {dag.py:3239} INFO - Sync 1 DAGs
[2026-07-25T13:59:00.703+0000] {logging_mixin.py:190} INFO - [2026-07-25T13:59:00.703+0000] {dag.py:4180} INFO - Setting next_dagrun for hdb_resale_pipeline to 2026-07-25 00:00:00+00:00, run_after=2026-07-26 00:00:00+00:00
[2026-07-25T13:59:00.714+0000] {processor.py:208} INFO - Processing /opt/airflow/dags/hdb_pipeline.py took 0.507 seconds
[2026-07-25T13:59:30.868+0000] {processor.py:186} INFO - Started process (PID=2381) to work on /opt/airflow/dags/hdb_pipeline.py
[2026-07-25T13:59:30.869+0000] {processor.py:914} INFO - Processing file /opt/airflow/dags/hdb_pipeline.py for tasks to queue
[2026-07-25T13:59:30.871+0000] {logging_mixin.py:190} INFO - [2026-07-25T13:59:30.870+0000] {dagbag.py:588} INFO - Filling up the DagBag from /opt/airflow/dags/hdb_pipeline.py
[2026-07-25T13:59:31.335+0000] {processor.py:925} INFO - DAG(s) 'hdb_resale_pipeline' retrieved from /opt/airflow/dags/hdb_pipeline.py
[2026-07-25T13:59:31.352+0000] {logging_mixin.py:190} INFO - [2026-07-25T13:59:31.351+0000] {dag.py:3239} INFO - Sync 1 DAGs
[2026-07-25T13:59:31.365+0000] {logging_mixin.py:190} INFO - [2026-07-25T13:59:31.365+0000] {dag.py:4180} INFO - Setting next_dagrun for hdb_resale_pipeline to 2026-07-25 00:00:00+00:00, run_after=2026-07-26 00:00:00+00:00
[2026-07-25T13:59:31.378+0000] {processor.py:208} INFO - Processing /opt/airflow/dags/hdb_pipeline.py took 0.513 seconds
[2026-07-25T14:00:01.560+0000] {processor.py:186} INFO - Started process (PID=2404) to work on /opt/airflow/dags/hdb_pipeline.py
[2026-07-25T14:00:01.561+0000] {processor.py:914} INFO - Processing file /opt/airflow/dags/hdb_pipeline.py for tasks to queue
[2026-07-25T14:00:01.563+0000] {logging_mixin.py:190} INFO - [2026-07-25T14:00:01.563+0000] {dagbag.py:588} INFO - Filling up the DagBag from /opt/airflow/dags/hdb_pipeline.py
[2026-07-25T14:00:02.024+0000] {processor.py:925} INFO - DAG(s) 'hdb_resale_pipeline' retrieved from /opt/airflow/dags/hdb_pipeline.py
[2026-07-25T14:00:02.039+0000] {logging_mixin.py:190} INFO - [2026-07-25T14:00:02.039+0000] {dag.py:3239} INFO - Sync 1 DAGs
[2026-07-25T14:00:02.052+0000] {logging_mixin.py:190} INFO - [2026-07-25T14:00:02.052+0000] {dag.py:4180} INFO - Setting next_dagrun for hdb_resale_pipeline to 2026-07-25 00:00:00+00:00, run_after=2026-07-26 00:00:00+00:00
[2026-07-25T14:00:02.069+0000] {processor.py:208} INFO - Processing /opt/airflow/dags/hdb_pipeline.py took 0.513 seconds
[2026-07-25T14:00:32.163+0000] {processor.py:186} INFO - Started process (PID=2427) to work on /opt/airflow/dags/hdb_pipeline.py
[2026-07-25T14:00:32.164+0000] {processor.py:914} INFO - Processing file /opt/airflow/dags/hdb_pipeline.py for tasks to queue
[2026-07-25T14:00:32.167+0000] {logging_mixin.py:190} INFO - [2026-07-25T14:00:32.166+0000] {dagbag.py:588} INFO - Filling up the DagBag from /opt/airflow/dags/hdb_pipeline.py
[2026-07-25T14:00:32.637+0000] {processor.py:925} INFO - DAG(s) 'hdb_resale_pipeline' retrieved from /opt/airflow/dags/hdb_pipeline.py
[2026-07-25T14:00:32.654+0000] {logging_mixin.py:190} INFO - [2026-07-25T14:00:32.654+0000] {dag.py:3239} INFO - Sync 1 DAGs
[2026-07-25T14:00:32.668+0000] {logging_mixin.py:190} INFO - [2026-07-25T14:00:32.668+0000] {dag.py:4180} INFO - Setting next_dagrun for hdb_resale_pipeline to 2026-07-25 00:00:00+00:00, run_after=2026-07-26 00:00:00+00:00
[2026-07-25T14:00:32.699+0000] {processor.py:208} INFO - Processing /opt/airflow/dags/hdb_pipeline.py took 0.540 seconds
[2026-07-25T14:01:02.879+0000] {processor.py:186} INFO - Started process (PID=2450) to work on /opt/airflow/dags/hdb_pipeline.py
[2026-07-25T14:01:02.880+0000] {processor.py:914} INFO - Processing file /opt/airflow/dags/hdb_pipeline.py for tasks to queue
[2026-07-25T14:01:02.882+0000] {logging_mixin.py:190} INFO - [2026-07-25T14:01:02.882+0000] {dagbag.py:588} INFO - Filling up the DagBag from /opt/airflow/dags/hdb_pipeline.py
[2026-07-25T14:01:03.365+0000] {processor.py:925} INFO - DAG(s) 'hdb_resale_pipeline' retrieved from /opt/airflow/dags/hdb_pipeline.py
[2026-07-25T14:01:03.382+0000] {logging_mixin.py:190} INFO - [2026-07-25T14:01:03.381+0000] {dag.py:3239} INFO - Sync 1 DAGs
[2026-07-25T14:01:03.394+0000] {logging_mixin.py:190} INFO - [2026-07-25T14:01:03.394+0000] {dag.py:4180} INFO - Setting next_dagrun for hdb_resale_pipeline to 2026-07-25 00:00:00+00:00, run_after=2026-07-26 00:00:00+00:00
[2026-07-25T14:01:03.407+0000] {processor.py:208} INFO - Processing /opt/airflow/dags/hdb_pipeline.py took 0.531 seconds
[2026-07-25T14:01:33.528+0000] {processor.py:186} INFO - Started process (PID=2479) to work on /opt/airflow/dags/hdb_pipeline.py
[2026-07-25T14:01:33.529+0000] {processor.py:914} INFO - Processing file /opt/airflow/dags/hdb_pipeline.py for tasks to queue
[2026-07-25T14:01:33.531+0000] {logging_mixin.py:190} INFO - [2026-07-25T14:01:33.531+0000] {dagbag.py:588} INFO - Filling up the DagBag from /opt/airflow/dags/hdb_pipeline.py
[2026-07-25T14:01:33.972+0000] {processor.py:925} INFO - DAG(s) 'hdb_resale_pipeline' retrieved from /opt/airflow/dags/hdb_pipeline.py
[2026-07-25T14:01:33.988+0000] {logging_mixin.py:190} INFO - [2026-07-25T14:01:33.987+0000] {dag.py:3239} INFO - Sync 1 DAGs
[2026-07-25T14:01:34.001+0000] {logging_mixin.py:190} INFO - [2026-07-25T14:01:34.001+0000] {dag.py:4180} INFO - Setting next_dagrun for hdb_resale_pipeline to 2026-07-25 00:00:00+00:00, run_after=2026-07-26 00:00:00+00:00
[2026-07-25T14:01:34.013+0000] {processor.py:208} INFO - Processing /opt/airflow/dags/hdb_pipeline.py took 0.489 seconds
[2026-07-25T14:02:04.194+0000] {processor.py:186} INFO - Started process (PID=2502) to work on /opt/airflow/dags/hdb_pipeline.py
[2026-07-25T14:02:04.195+0000] {processor.py:914} INFO - Processing file /opt/airflow/dags/hdb_pipeline.py for tasks to queue
[2026-07-25T14:02:04.197+0000] {logging_mixin.py:190} INFO - [2026-07-25T14:02:04.197+0000] {dagbag.py:588} INFO - Filling up the DagBag from /opt/airflow/dags/hdb_pipeline.py
[2026-07-25T14:02:04.633+0000] {processor.py:925} INFO - DAG(s) 'hdb_resale_pipeline' retrieved from /opt/airflow/dags/hdb_pipeline.py
[2026-07-25T14:02:04.649+0000] {logging_mixin.py:190} INFO - [2026-07-25T14:02:04.648+0000] {dag.py:3239} INFO - Sync 1 DAGs
[2026-07-25T14:02:04.662+0000] {logging_mixin.py:190} INFO - [2026-07-25T14:02:04.662+0000] {dag.py:4180} INFO - Setting next_dagrun for hdb_resale_pipeline to 2026-07-25 00:00:00+00:00, run_after=2026-07-26 00:00:00+00:00
[2026-07-25T14:02:04.675+0000] {processor.py:208} INFO - Processing /opt/airflow/dags/hdb_pipeline.py took 0.486 seconds
[2026-07-25T14:02:34.862+0000] {processor.py:186} INFO - Started process (PID=2525) to work on /opt/airflow/dags/hdb_pipeline.py
[2026-07-25T14:02:34.863+0000] {processor.py:914} INFO - Processing file /opt/airflow/dags/hdb_pipeline.py for tasks to queue
[2026-07-25T14:02:34.865+0000] {logging_mixin.py:190} INFO - [2026-07-25T14:02:34.865+0000] {dagbag.py:588} INFO - Filling up the DagBag from /opt/airflow/dags/hdb_pipeline.py
[2026-07-25T14:02:35.316+0000] {processor.py:925} INFO - DAG(s) 'hdb_resale_pipeline' retrieved from /opt/airflow/dags/hdb_pipeline.py
[2026-07-25T14:02:35.332+0000] {logging_mixin.py:190} INFO - [2026-07-25T14:02:35.332+0000] {dag.py:3239} INFO - Sync 1 DAGs
[2026-07-25T14:02:35.346+0000] {logging_mixin.py:190} INFO - [2026-07-25T14:02:35.346+0000] {dag.py:4180} INFO - Setting next_dagrun for hdb_resale_pipeline to 2026-07-25 00:00:00+00:00, run_after=2026-07-26 00:00:00+00:00
[2026-07-25T14:02:35.368+0000] {processor.py:208} INFO - Processing /opt/airflow/dags/hdb_pipeline.py took 0.509 seconds
[2026-07-25T14:03:05.595+0000] {processor.py:186} INFO - Started process (PID=2548) to work on /opt/airflow/dags/hdb_pipeline.py
[2026-07-25T14:03:05.596+0000] {processor.py:914} INFO - Processing file /opt/airflow/dags/hdb_pipeline.py for tasks to queue
[2026-07-25T14:03:05.598+0000] {logging_mixin.py:190} INFO - [2026-07-25T14:03:05.598+0000] {dagbag.py:588} INFO - Filling up the DagBag from /opt/airflow/dags/hdb_pipeline.py
[2026-07-25T14:03:06.078+0000] {processor.py:925} INFO - DAG(s) 'hdb_resale_pipeline' retrieved from /opt/airflow/dags/hdb_pipeline.py
[2026-07-25T14:03:06.095+0000] {logging_mixin.py:190} INFO - [2026-07-25T14:03:06.094+0000] {dag.py:3239} INFO - Sync 1 DAGs
[2026-07-25T14:03:06.108+0000] {logging_mixin.py:190} INFO - [2026-07-25T14:03:06.108+0000] {dag.py:4180} INFO - Setting next_dagrun for hdb_resale_pipeline to 2026-07-25 00:00:00+00:00, run_after=2026-07-26 00:00:00+00:00
[2026-07-25T14:03:06.121+0000] {processor.py:208} INFO - Processing /opt/airflow/dags/hdb_pipeline.py took 0.530 seconds
[2026-07-25T14:03:36.164+0000] {processor.py:186} INFO - Started process (PID=2571) to work on /opt/airflow/dags/hdb_pipeline.py
[2026-07-25T14:03:36.164+0000] {processor.py:914} INFO - Processing file /opt/airflow/dags/hdb_pipeline.py for tasks to queue
[2026-07-25T14:03:36.166+0000] {logging_mixin.py:190} INFO - [2026-07-25T14:03:36.166+0000] {dagbag.py:588} INFO - Filling up the DagBag from /opt/airflow/dags/hdb_pipeline.py
[2026-07-25T14:03:36.636+0000] {processor.py:925} INFO - DAG(s) 'hdb_resale_pipeline' retrieved from /opt/airflow/dags/hdb_pipeline.py
[2026-07-25T14:03:36.651+0000] {logging_mixin.py:190} INFO - [2026-07-25T14:03:36.651+0000] {dag.py:3239} INFO - Sync 1 DAGs
[2026-07-25T14:03:36.665+0000] {logging_mixin.py:190} INFO - [2026-07-25T14:03:36.665+0000] {dag.py:4180} INFO - Setting next_dagrun for hdb_resale_pipeline to 2026-07-25 00:00:00+00:00, run_after=2026-07-26 00:00:00+00:00
[2026-07-25T14:03:36.678+0000] {processor.py:208} INFO - Processing /opt/airflow/dags/hdb_pipeline.py took 0.518 seconds
[2026-07-25T14:04:06.852+0000] {processor.py:186} INFO - Started process (PID=2594) to work on /opt/airflow/dags/hdb_pipeline.py
[2026-07-25T14:04:06.853+0000] {processor.py:914} INFO - Processing file /opt/airflow/dags/hdb_pipeline.py for tasks to queue
[2026-07-25T14:04:06.855+0000] {logging_mixin.py:190} INFO - [2026-07-25T14:04:06.855+0000] {dagbag.py:588} INFO - Filling up the DagBag from /opt/airflow/dags/hdb_pipeline.py
[2026-07-25T14:04:07.289+0000] {processor.py:925} INFO - DAG(s) 'hdb_resale_pipeline' retrieved from /opt/airflow/dags/hdb_pipeline.py
[2026-07-25T14:04:07.306+0000] {logging_mixin.py:190} INFO - [2026-07-25T14:04:07.306+0000] {dag.py:3239} INFO - Sync 1 DAGs
[2026-07-25T14:04:07.320+0000] {logging_mixin.py:190} INFO - [2026-07-25T14:04:07.320+0000] {dag.py:4180} INFO - Setting next_dagrun for hdb_resale_pipeline to 2026-07-25 00:00:00+00:00, run_after=2026-07-26 00:00:00+00:00
[2026-07-25T14:04:07.332+0000] {processor.py:208} INFO - Processing /opt/airflow/dags/hdb_pipeline.py took 0.484 seconds
[2026-07-25T14:04:37.517+0000] {processor.py:186} INFO - Started process (PID=2617) to work on /opt/airflow/dags/hdb_pipeline.py
[2026-07-25T14:04:37.518+0000] {processor.py:914} INFO - Processing file /opt/airflow/dags/hdb_pipeline.py for tasks to queue
[2026-07-25T14:04:37.520+0000] {logging_mixin.py:190} INFO - [2026-07-25T14:04:37.519+0000] {dagbag.py:588} INFO - Filling up the DagBag from /opt/airflow/dags/hdb_pipeline.py
[2026-07-25T14:04:37.989+0000] {processor.py:925} INFO - DAG(s) 'hdb_resale_pipeline' retrieved from /opt/airflow/dags/hdb_pipeline.py
[2026-07-25T14:04:38.004+0000] {logging_mixin.py:190} INFO - [2026-07-25T14:04:38.003+0000] {dag.py:3239} INFO - Sync 1 DAGs
[2026-07-25T14:04:38.017+0000] {logging_mixin.py:190} INFO - [2026-07-25T14:04:38.017+0000] {dag.py:4180} INFO - Setting next_dagrun for hdb_resale_pipeline to 2026-07-25 00:00:00+00:00, run_after=2026-07-26 00:00:00+00:00
[2026-07-25T14:04:38.030+0000] {processor.py:208} INFO - Processing /opt/airflow/dags/hdb_pipeline.py took 0.518 seconds
[2026-07-25T14:05:08.148+0000] {processor.py:186} INFO - Started process (PID=2640) to work on /opt/airflow/dags/hdb_pipeline.py
[2026-07-25T14:05:08.149+0000] {processor.py:914} INFO - Processing file /opt/airflow/dags/hdb_pipeline.py for tasks to queue
[2026-07-25T14:05:08.151+0000] {logging_mixin.py:190} INFO - [2026-07-25T14:05:08.151+0000] {dagbag.py:588} INFO - Filling up the DagBag from /opt/airflow/dags/hdb_pipeline.py
[2026-07-25T14:05:08.592+0000] {processor.py:925} INFO - DAG(s) 'hdb_resale_pipeline' retrieved from /opt/airflow/dags/hdb_pipeline.py
[2026-07-25T14:05:08.608+0000] {logging_mixin.py:190} INFO - [2026-07-25T14:05:08.608+0000] {dag.py:3239} INFO - Sync 1 DAGs
[2026-07-25T14:05:08.621+0000] {logging_mixin.py:190} INFO - [2026-07-25T14:05:08.621+0000] {dag.py:4180} INFO - Setting next_dagrun for hdb_resale_pipeline to 2026-07-25 00:00:00+00:00, run_after=2026-07-26 00:00:00+00:00
[2026-07-25T14:05:08.632+0000] {processor.py:208} INFO - Processing /opt/airflow/dags/hdb_pipeline.py took 0.489 seconds
[2026-07-25T14:05:38.809+0000] {processor.py:186} INFO - Started process (PID=2663) to work on /opt/airflow/dags/hdb_pipeline.py
[2026-07-25T14:05:38.810+0000] {processor.py:914} INFO - Processing file /opt/airflow/dags/hdb_pipeline.py for tasks to queue
[2026-07-25T14:05:38.812+0000] {logging_mixin.py:190} INFO - [2026-07-25T14:05:38.812+0000] {dagbag.py:588} INFO - Filling up the DagBag from /opt/airflow/dags/hdb_pipeline.py
[2026-07-25T14:05:39.298+0000] {processor.py:925} INFO - DAG(s) 'hdb_resale_pipeline' retrieved from /opt/airflow/dags/hdb_pipeline.py
[2026-07-25T14:05:39.316+0000] {logging_mixin.py:190} INFO - [2026-07-25T14:05:39.316+0000] {dag.py:3239} INFO - Sync 1 DAGs
[2026-07-25T14:05:39.330+0000] {logging_mixin.py:190} INFO - [2026-07-25T14:05:39.330+0000] {dag.py:4180} INFO - Setting next_dagrun for hdb_resale_pipeline to 2026-07-25 00:00:00+00:00, run_after=2026-07-26 00:00:00+00:00
[2026-07-25T14:05:39.344+0000] {processor.py:208} INFO - Processing /opt/airflow/dags/hdb_pipeline.py took 0.539 seconds
[2026-07-25T14:06:09.476+0000] {processor.py:186} INFO - Started process (PID=2686) to work on /opt/airflow/dags/hdb_pipeline.py
[2026-07-25T14:06:09.477+0000] {processor.py:914} INFO - Processing file /opt/airflow/dags/hdb_pipeline.py for tasks to queue
[2026-07-25T14:06:09.479+0000] {logging_mixin.py:190} INFO - [2026-07-25T14:06:09.479+0000] {dagbag.py:588} INFO - Filling up the DagBag from /opt/airflow/dags/hdb_pipeline.py
[2026-07-25T14:06:09.915+0000] {processor.py:925} INFO - DAG(s) 'hdb_resale_pipeline' retrieved from /opt/airflow/dags/hdb_pipeline.py
[2026-07-25T14:06:09.931+0000] {logging_mixin.py:190} INFO - [2026-07-25T14:06:09.930+0000] {dag.py:3239} INFO - Sync 1 DAGs
[2026-07-25T14:06:09.943+0000] {logging_mixin.py:190} INFO - [2026-07-25T14:06:09.943+0000] {dag.py:4180} INFO - Setting next_dagrun for hdb_resale_pipeline to 2026-07-25 00:00:00+00:00, run_after=2026-07-26 00:00:00+00:00
[2026-07-25T14:06:09.956+0000] {processor.py:208} INFO - Processing /opt/airflow/dags/hdb_pipeline.py took 0.484 seconds
[2026-07-25T14:06:40.133+0000] {processor.py:186} INFO - Started process (PID=2709) to work on /opt/airflow/dags/hdb_pipeline.py
[2026-07-25T14:06:40.134+0000] {processor.py:914} INFO - Processing file /opt/airflow/dags/hdb_pipeline.py for tasks to queue
[2026-07-25T14:06:40.136+0000] {logging_mixin.py:190} INFO - [2026-07-25T14:06:40.135+0000] {dagbag.py:588} INFO - Filling up the DagBag from /opt/airflow/dags/hdb_pipeline.py
[2026-07-25T14:06:40.607+0000] {processor.py:925} INFO - DAG(s) 'hdb_resale_pipeline' retrieved from /opt/airflow/dags/hdb_pipeline.py
[2026-07-25T14:06:40.623+0000] {logging_mixin.py:190} INFO - [2026-07-25T14:06:40.622+0000] {dag.py:3239} INFO - Sync 1 DAGs
[2026-07-25T14:06:40.636+0000] {logging_mixin.py:190} INFO - [2026-07-25T14:06:40.636+0000] {dag.py:4180} INFO - Setting next_dagrun for hdb_resale_pipeline to 2026-07-25 00:00:00+00:00, run_after=2026-07-26 00:00:00+00:00
[2026-07-25T14:06:40.649+0000] {processor.py:208} INFO - Processing /opt/airflow/dags/hdb_pipeline.py took 0.520 seconds
[2026-07-25T14:07:10.787+0000] {processor.py:186} INFO - Started process (PID=2732) to work on /opt/airflow/dags/hdb_pipeline.py
[2026-07-25T14:07:10.788+0000] {processor.py:914} INFO - Processing file /opt/airflow/dags/hdb_pipeline.py for tasks to queue
[2026-07-25T14:07:10.790+0000] {logging_mixin.py:190} INFO - [2026-07-25T14:07:10.790+0000] {dagbag.py:588} INFO - Filling up the DagBag from /opt/airflow/dags/hdb_pipeline.py
[2026-07-25T14:07:11.242+0000] {processor.py:925} INFO - DAG(s) 'hdb_resale_pipeline' retrieved from /opt/airflow/dags/hdb_pipeline.py
[2026-07-25T14:07:11.259+0000] {logging_mixin.py:190} INFO - [2026-07-25T14:07:11.258+0000] {dag.py:3239} INFO - Sync 1 DAGs
[2026-07-25T14:07:11.273+0000] {logging_mixin.py:190} INFO - [2026-07-25T14:07:11.272+0000] {dag.py:4180} INFO - Setting next_dagrun for hdb_resale_pipeline to 2026-07-25 00:00:00+00:00, run_after=2026-07-26 00:00:00+00:00
[2026-07-25T14:07:11.285+0000] {processor.py:208} INFO - Processing /opt/airflow/dags/hdb_pipeline.py took 0.502 seconds
[2026-07-25T14:07:41.468+0000] {processor.py:186} INFO - Started process (PID=2755) to work on /opt/airflow/dags/hdb_pipeline.py
[2026-07-25T14:07:41.469+0000] {processor.py:914} INFO - Processing file /opt/airflow/dags/hdb_pipeline.py for tasks to queue
[2026-07-25T14:07:41.471+0000] {logging_mixin.py:190} INFO - [2026-07-25T14:07:41.470+0000] {dagbag.py:588} INFO - Filling up the DagBag from /opt/airflow/dags/hdb_pipeline.py
[2026-07-25T14:07:41.908+0000] {processor.py:925} INFO - DAG(s) 'hdb_resale_pipeline' retrieved from /opt/airflow/dags/hdb_pipeline.py
[2026-07-25T14:07:41.923+0000] {logging_mixin.py:190} INFO - [2026-07-25T14:07:41.923+0000] {dag.py:3239} INFO - Sync 1 DAGs
[2026-07-25T14:07:41.936+0000] {logging_mixin.py:190} INFO - [2026-07-25T14:07:41.936+0000] {dag.py:4180} INFO - Setting next_dagrun for hdb_resale_pipeline to 2026-07-25 00:00:00+00:00, run_after=2026-07-26 00:00:00+00:00
[2026-07-25T14:07:41.948+0000] {processor.py:208} INFO - Processing /opt/airflow/dags/hdb_pipeline.py took 0.485 seconds
[2026-07-25T14:08:12.129+0000] {processor.py:186} INFO - Started process (PID=2778) to work on /opt/airflow/dags/hdb_pipeline.py
[2026-07-25T14:08:12.130+0000] {processor.py:914} INFO - Processing file /opt/airflow/dags/hdb_pipeline.py for tasks to queue
[2026-07-25T14:08:12.132+0000] {logging_mixin.py:190} INFO - [2026-07-25T14:08:12.132+0000] {dagbag.py:588} INFO - Filling up the DagBag from /opt/airflow/dags/hdb_pipeline.py
[2026-07-25T14:08:12.568+0000] {processor.py:925} INFO - DAG(s) 'hdb_resale_pipeline' retrieved from /opt/airflow/dags/hdb_pipeline.py
[2026-07-25T14:08:12.584+0000] {logging_mixin.py:190} INFO - [2026-07-25T14:08:12.584+0000] {dag.py:3239} INFO - Sync 1 DAGs
[2026-07-25T14:08:12.597+0000] {logging_mixin.py:190} INFO - [2026-07-25T14:08:12.597+0000] {dag.py:4180} INFO - Setting next_dagrun for hdb_resale_pipeline to 2026-07-25 00:00:00+00:00, run_after=2026-07-26 00:00:00+00:00
[2026-07-25T14:08:12.610+0000] {processor.py:208} INFO - Processing /opt/airflow/dags/hdb_pipeline.py took 0.484 seconds
[2026-07-25T14:08:42.794+0000] {processor.py:186} INFO - Started process (PID=2801) to work on /opt/airflow/dags/hdb_pipeline.py
[2026-07-25T14:08:42.795+0000] {processor.py:914} INFO - Processing file /opt/airflow/dags/hdb_pipeline.py for tasks to queue
[2026-07-25T14:08:42.797+0000] {logging_mixin.py:190} INFO - [2026-07-25T14:08:42.797+0000] {dagbag.py:588} INFO - Filling up the DagBag from /opt/airflow/dags/hdb_pipeline.py
[2026-07-25T14:08:43.227+0000] {processor.py:925} INFO - DAG(s) 'hdb_resale_pipeline' retrieved from /opt/airflow/dags/hdb_pipeline.py
[2026-07-25T14:08:43.244+0000] {logging_mixin.py:190} INFO - [2026-07-25T14:08:43.244+0000] {dag.py:3239} INFO - Sync 1 DAGs
[2026-07-25T14:08:43.259+0000] {logging_mixin.py:190} INFO - [2026-07-25T14:08:43.259+0000] {dag.py:4180} INFO - Setting next_dagrun for hdb_resale_pipeline to 2026-07-25 00:00:00+00:00, run_after=2026-07-26 00:00:00+00:00
[2026-07-25T14:08:43.272+0000] {processor.py:208} INFO - Processing /opt/airflow/dags/hdb_pipeline.py took 0.482 seconds
[2026-07-25T14:09:13.434+0000] {processor.py:186} INFO - Started process (PID=2824) to work on /opt/airflow/dags/hdb_pipeline.py
[2026-07-25T14:09:13.435+0000] {processor.py:914} INFO - Processing file /opt/airflow/dags/hdb_pipeline.py for tasks to queue
[2026-07-25T14:09:13.437+0000] {logging_mixin.py:190} INFO - [2026-07-25T14:09:13.437+0000] {dagbag.py:588} INFO - Filling up the DagBag from /opt/airflow/dags/hdb_pipeline.py
[2026-07-25T14:09:13.876+0000] {processor.py:925} INFO - DAG(s) 'hdb_resale_pipeline' retrieved from /opt/airflow/dags/hdb_pipeline.py
[2026-07-25T14:09:13.893+0000] {logging_mixin.py:190} INFO - [2026-07-25T14:09:13.892+0000] {dag.py:3239} INFO - Sync 1 DAGs
[2026-07-25T14:09:13.906+0000] {logging_mixin.py:190} INFO - [2026-07-25T14:09:13.906+0000] {dag.py:4180} INFO - Setting next_dagrun for hdb_resale_pipeline to 2026-07-25 00:00:00+00:00, run_after=2026-07-26 00:00:00+00:00
[2026-07-25T14:09:13.918+0000] {processor.py:208} INFO - Processing /opt/airflow/dags/hdb_pipeline.py took 0.487 seconds
[2026-07-25T14:09:44.096+0000] {processor.py:186} INFO - Started process (PID=2847) to work on /opt/airflow/dags/hdb_pipeline.py
[2026-07-25T14:09:44.097+0000] {processor.py:914} INFO - Processing file /opt/airflow/dags/hdb_pipeline.py for tasks to queue
[2026-07-25T14:09:44.099+0000] {logging_mixin.py:190} INFO - [2026-07-25T14:09:44.099+0000] {dagbag.py:588} INFO - Filling up the DagBag from /opt/airflow/dags/hdb_pipeline.py
[2026-07-25T14:09:44.551+0000] {processor.py:925} INFO - DAG(s) 'hdb_resale_pipeline' retrieved from /opt/airflow/dags/hdb_pipeline.py
[2026-07-25T14:09:44.568+0000] {logging_mixin.py:190} INFO - [2026-07-25T14:09:44.568+0000] {dag.py:3239} INFO - Sync 1 DAGs
[2026-07-25T14:09:44.583+0000] {logging_mixin.py:190} INFO - [2026-07-25T14:09:44.583+0000] {dag.py:4180} INFO - Setting next_dagrun for hdb_resale_pipeline to 2026-07-25 00:00:00+00:00, run_after=2026-07-26 00:00:00+00:00
[2026-07-25T14:09:44.595+0000] {processor.py:208} INFO - Processing /opt/airflow/dags/hdb_pipeline.py took 0.503 seconds
[2026-07-25T14:10:14.731+0000] {processor.py:186} INFO - Started process (PID=2870) to work on /opt/airflow/dags/hdb_pipeline.py
[2026-07-25T14:10:14.732+0000] {processor.py:914} INFO - Processing file /opt/airflow/dags/hdb_pipeline.py for tasks to queue
[2026-07-25T14:10:14.734+0000] {logging_mixin.py:190} INFO - [2026-07-25T14:10:14.734+0000] {dagbag.py:588} INFO - Filling up the DagBag from /opt/airflow/dags/hdb_pipeline.py
[2026-07-25T14:10:15.188+0000] {processor.py:925} INFO - DAG(s) 'hdb_resale_pipeline' retrieved from /opt/airflow/dags/hdb_pipeline.py
[2026-07-25T14:10:15.203+0000] {logging_mixin.py:190} INFO - [2026-07-25T14:10:15.203+0000] {dag.py:3239} INFO - Sync 1 DAGs
[2026-07-25T14:10:15.218+0000] {logging_mixin.py:190} INFO - [2026-07-25T14:10:15.218+0000] {dag.py:4180} INFO - Setting next_dagrun for hdb_resale_pipeline to 2026-07-25 00:00:00+00:00, run_after=2026-07-26 00:00:00+00:00
[2026-07-25T14:10:15.232+0000] {processor.py:208} INFO - Processing /opt/airflow/dags/hdb_pipeline.py took 0.505 seconds
[2026-07-25T14:10:45.415+0000] {processor.py:186} INFO - Started process (PID=2893) to work on /opt/airflow/dags/hdb_pipeline.py
[2026-07-25T14:10:45.416+0000] {processor.py:914} INFO - Processing file /opt/airflow/dags/hdb_pipeline.py for tasks to queue
[2026-07-25T14:10:45.419+0000] {logging_mixin.py:190} INFO - [2026-07-25T14:10:45.418+0000] {dagbag.py:588} INFO - Filling up the DagBag from /opt/airflow/dags/hdb_pipeline.py
[2026-07-25T14:10:45.904+0000] {processor.py:925} INFO - DAG(s) 'hdb_resale_pipeline' retrieved from /opt/airflow/dags/hdb_pipeline.py
[2026-07-25T14:10:45.920+0000] {logging_mixin.py:190} INFO - [2026-07-25T14:10:45.919+0000] {dag.py:3239} INFO - Sync 1 DAGs
[2026-07-25T14:10:45.934+0000] {logging_mixin.py:190} INFO - [2026-07-25T14:10:45.934+0000] {dag.py:4180} INFO - Setting next_dagrun for hdb_resale_pipeline to 2026-07-25 00:00:00+00:00, run_after=2026-07-26 00:00:00+00:00
[2026-07-25T14:10:45.946+0000] {processor.py:208} INFO - Processing /opt/airflow/dags/hdb_pipeline.py took 0.535 seconds
[2026-07-25T14:11:16.031+0000] {processor.py:186} INFO - Started process (PID=2916) to work on /opt/airflow/dags/hdb_pipeline.py
[2026-07-25T14:11:16.032+0000] {processor.py:914} INFO - Processing file /opt/airflow/dags/hdb_pipeline.py for tasks to queue
[2026-07-25T14:11:16.034+0000] {logging_mixin.py:190} INFO - [2026-07-25T14:11:16.034+0000] {dagbag.py:588} INFO - Filling up the DagBag from /opt/airflow/dags/hdb_pipeline.py
[2026-07-25T14:11:16.492+0000] {processor.py:925} INFO - DAG(s) 'hdb_resale_pipeline' retrieved from /opt/airflow/dags/hdb_pipeline.py
[2026-07-25T14:11:16.511+0000] {logging_mixin.py:190} INFO - [2026-07-25T14:11:16.510+0000] {dag.py:3239} INFO - Sync 1 DAGs
[2026-07-25T14:11:16.523+0000] {logging_mixin.py:190} INFO - [2026-07-25T14:11:16.523+0000] {dag.py:4180} INFO - Setting next_dagrun for hdb_resale_pipeline to 2026-07-25 00:00:00+00:00, run_after=2026-07-26 00:00:00+00:00
[2026-07-25T14:11:16.534+0000] {processor.py:208} INFO - Processing /opt/airflow/dags/hdb_pipeline.py took 0.507 seconds
[2026-07-25T14:11:46.713+0000] {processor.py:186} INFO - Started process (PID=2939) to work on /opt/airflow/dags/hdb_pipeline.py
[2026-07-25T14:11:46.713+0000] {processor.py:914} INFO - Processing file /opt/airflow/dags/hdb_pipeline.py for tasks to queue
[2026-07-25T14:11:46.715+0000] {logging_mixin.py:190} INFO - [2026-07-25T14:11:46.715+0000] {dagbag.py:588} INFO - Filling up the DagBag from /opt/airflow/dags/hdb_pipeline.py
[2026-07-25T14:11:47.152+0000] {processor.py:925} INFO - DAG(s) 'hdb_resale_pipeline' retrieved from /opt/airflow/dags/hdb_pipeline.py
[2026-07-25T14:11:47.168+0000] {logging_mixin.py:190} INFO - [2026-07-25T14:11:47.167+0000] {dag.py:3239} INFO - Sync 1 DAGs
[2026-07-25T14:11:47.181+0000] {logging_mixin.py:190} INFO - [2026-07-25T14:11:47.181+0000] {dag.py:4180} INFO - Setting next_dagrun for hdb_resale_pipeline to 2026-07-25 00:00:00+00:00, run_after=2026-07-26 00:00:00+00:00
[2026-07-25T14:11:47.193+0000] {processor.py:208} INFO - Processing /opt/airflow/dags/hdb_pipeline.py took 0.485 seconds
[2026-07-25T14:12:17.378+0000] {processor.py:186} INFO - Started process (PID=2962) to work on /opt/airflow/dags/hdb_pipeline.py
[2026-07-25T14:12:17.378+0000] {processor.py:914} INFO - Processing file /opt/airflow/dags/hdb_pipeline.py for tasks to queue
[2026-07-25T14:12:17.381+0000] {logging_mixin.py:190} INFO - [2026-07-25T14:12:17.380+0000] {dagbag.py:588} INFO - Filling up the DagBag from /opt/airflow/dags/hdb_pipeline.py
[2026-07-25T14:12:17.824+0000] {processor.py:925} INFO - DAG(s) 'hdb_resale_pipeline' retrieved from /opt/airflow/dags/hdb_pipeline.py
[2026-07-25T14:12:17.840+0000] {logging_mixin.py:190} INFO - [2026-07-25T14:12:17.840+0000] {dag.py:3239} INFO - Sync 1 DAGs
[2026-07-25T14:12:17.853+0000] {logging_mixin.py:190} INFO - [2026-07-25T14:12:17.853+0000] {dag.py:4180} INFO - Setting next_dagrun for hdb_resale_pipeline to 2026-07-25 00:00:00+00:00, run_after=2026-07-26 00:00:00+00:00
[2026-07-25T14:12:17.866+0000] {processor.py:208} INFO - Processing /opt/airflow/dags/hdb_pipeline.py took 0.492 seconds
[2026-07-25T14:12:48.001+0000] {processor.py:186} INFO - Started process (PID=2985) to work on /opt/airflow/dags/hdb_pipeline.py
[2026-07-25T14:12:48.002+0000] {processor.py:914} INFO - Processing file /opt/airflow/dags/hdb_pipeline.py for tasks to queue
[2026-07-25T14:12:48.004+0000] {logging_mixin.py:190} INFO - [2026-07-25T14:12:48.004+0000] {dagbag.py:588} INFO - Filling up the DagBag from /opt/airflow/dags/hdb_pipeline.py
[2026-07-25T14:12:48.467+0000] {processor.py:925} INFO - DAG(s) 'hdb_resale_pipeline' retrieved from /opt/airflow/dags/hdb_pipeline.py
[2026-07-25T14:12:48.483+0000] {logging_mixin.py:190} INFO - [2026-07-25T14:12:48.483+0000] {dag.py:3239} INFO - Sync 1 DAGs
[2026-07-25T14:12:48.499+0000] {logging_mixin.py:190} INFO - [2026-07-25T14:12:48.498+0000] {dag.py:4180} INFO - Setting next_dagrun for hdb_resale_pipeline to 2026-07-25 00:00:00+00:00, run_after=2026-07-26 00:00:00+00:00
[2026-07-25T14:12:48.510+0000] {processor.py:208} INFO - Processing /opt/airflow/dags/hdb_pipeline.py took 0.513 seconds
[2026-07-25T14:13:18.694+0000] {processor.py:186} INFO - Started process (PID=3008) to work on /opt/airflow/dags/hdb_pipeline.py
[2026-07-25T14:13:18.695+0000] {processor.py:914} INFO - Processing file /opt/airflow/dags/hdb_pipeline.py for tasks to queue
[2026-07-25T14:13:18.697+0000] {logging_mixin.py:190} INFO - [2026-07-25T14:13:18.697+0000] {dagbag.py:588} INFO - Filling up the DagBag from /opt/airflow/dags/hdb_pipeline.py
[2026-07-25T14:13:19.143+0000] {processor.py:925} INFO - DAG(s) 'hdb_resale_pipeline' retrieved from /opt/airflow/dags/hdb_pipeline.py
[2026-07-25T14:13:19.162+0000] {logging_mixin.py:190} INFO - [2026-07-25T14:13:19.162+0000] {dag.py:3239} INFO - Sync 1 DAGs
[2026-07-25T14:13:19.176+0000] {logging_mixin.py:190} INFO - [2026-07-25T14:13:19.176+0000] {dag.py:4180} INFO - Setting next_dagrun for hdb_resale_pipeline to 2026-07-25 00:00:00+00:00, run_after=2026-07-26 00:00:00+00:00
[2026-07-25T14:13:19.188+0000] {processor.py:208} INFO - Processing /opt/airflow/dags/hdb_pipeline.py took 0.498 seconds
[2026-07-25T14:13:49.345+0000] {processor.py:186} INFO - Started process (PID=3031) to work on /opt/airflow/dags/hdb_pipeline.py
[2026-07-25T14:13:49.346+0000] {processor.py:914} INFO - Processing file /opt/airflow/dags/hdb_pipeline.py for tasks to queue
[2026-07-25T14:13:49.349+0000] {logging_mixin.py:190} INFO - [2026-07-25T14:13:49.349+0000] {dagbag.py:588} INFO - Filling up the DagBag from /opt/airflow/dags/hdb_pipeline.py
[2026-07-25T14:13:49.825+0000] {processor.py:925} INFO - DAG(s) 'hdb_resale_pipeline' retrieved from /opt/airflow/dags/hdb_pipeline.py
[2026-07-25T14:13:49.842+0000] {logging_mixin.py:190} INFO - [2026-07-25T14:13:49.841+0000] {dag.py:3239} INFO - Sync 1 DAGs
[2026-07-25T14:13:49.857+0000] {logging_mixin.py:190} INFO - [2026-07-25T14:13:49.857+0000] {dag.py:4180} INFO - Setting next_dagrun for hdb_resale_pipeline to 2026-07-25 00:00:00+00:00, run_after=2026-07-26 00:00:00+00:00
[2026-07-25T14:13:49.870+0000] {processor.py:208} INFO - Processing /opt/airflow/dags/hdb_pipeline.py took 0.529 seconds
[2026-07-25T14:14:20.054+0000] {processor.py:186} INFO - Started process (PID=3054) to work on /opt/airflow/dags/hdb_pipeline.py
[2026-07-25T14:14:20.055+0000] {processor.py:914} INFO - Processing file /opt/airflow/dags/hdb_pipeline.py for tasks to queue
[2026-07-25T14:14:20.057+0000] {logging_mixin.py:190} INFO - [2026-07-25T14:14:20.057+0000] {dagbag.py:588} INFO - Filling up the DagBag from /opt/airflow/dags/hdb_pipeline.py
[2026-07-25T14:14:20.507+0000] {processor.py:925} INFO - DAG(s) 'hdb_resale_pipeline' retrieved from /opt/airflow/dags/hdb_pipeline.py
[2026-07-25T14:14:20.524+0000] {logging_mixin.py:190} INFO - [2026-07-25T14:14:20.523+0000] {dag.py:3239} INFO - Sync 1 DAGs
[2026-07-25T14:14:20.537+0000] {logging_mixin.py:190} INFO - [2026-07-25T14:14:20.537+0000] {dag.py:4180} INFO - Setting next_dagrun for hdb_resale_pipeline to 2026-07-25 00:00:00+00:00, run_after=2026-07-26 00:00:00+00:00
[2026-07-25T14:14:20.550+0000] {processor.py:208} INFO - Processing /opt/airflow/dags/hdb_pipeline.py took 0.500 seconds
[2026-07-25T14:14:50.638+0000] {processor.py:186} INFO - Started process (PID=3077) to work on /opt/airflow/dags/hdb_pipeline.py
[2026-07-25T14:14:50.639+0000] {processor.py:914} INFO - Processing file /opt/airflow/dags/hdb_pipeline.py for tasks to queue
[2026-07-25T14:14:50.641+0000] {logging_mixin.py:190} INFO - [2026-07-25T14:14:50.640+0000] {dagbag.py:588} INFO - Filling up the DagBag from /opt/airflow/dags/hdb_pipeline.py
[2026-07-25T14:14:51.089+0000] {processor.py:925} INFO - DAG(s) 'hdb_resale_pipeline' retrieved from /opt/airflow/dags/hdb_pipeline.py
[2026-07-25T14:14:51.104+0000] {logging_mixin.py:190} INFO - [2026-07-25T14:14:51.104+0000] {dag.py:3239} INFO - Sync 1 DAGs
[2026-07-25T14:14:51.118+0000] {logging_mixin.py:190} INFO - [2026-07-25T14:14:51.118+0000] {dag.py:4180} INFO - Setting next_dagrun for hdb_resale_pipeline to 2026-07-25 00:00:00+00:00, run_after=2026-07-26 00:00:00+00:00
[2026-07-25T14:14:51.130+0000] {processor.py:208} INFO - Processing /opt/airflow/dags/hdb_pipeline.py took 0.496 seconds
[2026-07-25T14:15:21.307+0000] {processor.py:186} INFO - Started process (PID=3100) to work on /opt/airflow/dags/hdb_pipeline.py
[2026-07-25T14:15:21.308+0000] {processor.py:914} INFO - Processing file /opt/airflow/dags/hdb_pipeline.py for tasks to queue
[2026-07-25T14:15:21.310+0000] {logging_mixin.py:190} INFO - [2026-07-25T14:15:21.309+0000] {dagbag.py:588} INFO - Filling up the DagBag from /opt/airflow/dags/hdb_pipeline.py
[2026-07-25T14:15:21.750+0000] {processor.py:925} INFO - DAG(s) 'hdb_resale_pipeline' retrieved from /opt/airflow/dags/hdb_pipeline.py
[2026-07-25T14:15:21.767+0000] {logging_mixin.py:190} INFO - [2026-07-25T14:15:21.767+0000] {dag.py:3239} INFO - Sync 1 DAGs
[2026-07-25T14:15:21.780+0000] {logging_mixin.py:190} INFO - [2026-07-25T14:15:21.779+0000] {dag.py:4180} INFO - Setting next_dagrun for hdb_resale_pipeline to 2026-07-25 00:00:00+00:00, run_after=2026-07-26 00:00:00+00:00
[2026-07-25T14:15:21.792+0000] {processor.py:208} INFO - Processing /opt/airflow/dags/hdb_pipeline.py took 0.490 seconds
[2026-07-25T14:15:51.975+0000] {processor.py:186} INFO - Started process (PID=3123) to work on /opt/airflow/dags/hdb_pipeline.py
[2026-07-25T14:15:51.976+0000] {processor.py:914} INFO - Processing file /opt/airflow/dags/hdb_pipeline.py for tasks to queue
[2026-07-25T14:15:51.979+0000] {logging_mixin.py:190} INFO - [2026-07-25T14:15:51.978+0000] {dagbag.py:588} INFO - Filling up the DagBag from /opt/airflow/dags/hdb_pipeline.py
[2026-07-25T14:15:52.465+0000] {processor.py:925} INFO - DAG(s) 'hdb_resale_pipeline' retrieved from /opt/airflow/dags/hdb_pipeline.py
[2026-07-25T14:15:52.481+0000] {logging_mixin.py:190} INFO - [2026-07-25T14:15:52.481+0000] {dag.py:3239} INFO - Sync 1 DAGs
[2026-07-25T14:15:52.498+0000] {logging_mixin.py:190} INFO - [2026-07-25T14:15:52.498+0000] {dag.py:4180} INFO - Setting next_dagrun for hdb_resale_pipeline to 2026-07-25 00:00:00+00:00, run_after=2026-07-26 00:00:00+00:00
[2026-07-25T14:15:52.511+0000] {processor.py:208} INFO - Processing /opt/airflow/dags/hdb_pipeline.py took 0.543 seconds
[2026-07-25T14:16:22.601+0000] {processor.py:186} INFO - Started process (PID=3146) to work on /opt/airflow/dags/hdb_pipeline.py
[2026-07-25T14:16:22.602+0000] {processor.py:914} INFO - Processing file /opt/airflow/dags/hdb_pipeline.py for tasks to queue
[2026-07-25T14:16:22.605+0000] {logging_mixin.py:190} INFO - [2026-07-25T14:16:22.604+0000] {dagbag.py:588} INFO - Filling up the DagBag from /opt/airflow/dags/hdb_pipeline.py
[2026-07-25T14:16:23.049+0000] {processor.py:925} INFO - DAG(s) 'hdb_resale_pipeline' retrieved from /opt/airflow/dags/hdb_pipeline.py
[2026-07-25T14:16:23.065+0000] {logging_mixin.py:190} INFO - [2026-07-25T14:16:23.065+0000] {dag.py:3239} INFO - Sync 1 DAGs
[2026-07-25T14:16:23.077+0000] {logging_mixin.py:190} INFO - [2026-07-25T14:16:23.077+0000] {dag.py:4180} INFO - Setting next_dagrun for hdb_resale_pipeline to 2026-07-25 00:00:00+00:00, run_after=2026-07-26 00:00:00+00:00
[2026-07-25T14:16:23.090+0000] {processor.py:208} INFO - Processing /opt/airflow/dags/hdb_pipeline.py took 0.492 seconds
[2026-07-25T14:16:53.264+0000] {processor.py:186} INFO - Started process (PID=3169) to work on /opt/airflow/dags/hdb_pipeline.py
[2026-07-25T14:16:53.265+0000] {processor.py:914} INFO - Processing file /opt/airflow/dags/hdb_pipeline.py for tasks to queue
[2026-07-25T14:16:53.268+0000] {logging_mixin.py:190} INFO - [2026-07-25T14:16:53.268+0000] {dagbag.py:588} INFO - Filling up the DagBag from /opt/airflow/dags/hdb_pipeline.py
[2026-07-25T14:16:53.709+0000] {processor.py:925} INFO - DAG(s) 'hdb_resale_pipeline' retrieved from /opt/airflow/dags/hdb_pipeline.py
[2026-07-25T14:16:53.724+0000] {logging_mixin.py:190} INFO - [2026-07-25T14:16:53.724+0000] {dag.py:3239} INFO - Sync 1 DAGs
[2026-07-25T14:16:53.738+0000] {logging_mixin.py:190} INFO - [2026-07-25T14:16:53.738+0000] {dag.py:4180} INFO - Setting next_dagrun for hdb_resale_pipeline to 2026-07-25 00:00:00+00:00, run_after=2026-07-26 00:00:00+00:00
[2026-07-25T14:16:53.751+0000] {processor.py:208} INFO - Processing /opt/airflow/dags/hdb_pipeline.py took 0.492 seconds
[2026-07-25T14:17:23.934+0000] {processor.py:186} INFO - Started process (PID=3192) to work on /opt/airflow/dags/hdb_pipeline.py
[2026-07-25T14:17:23.935+0000] {processor.py:914} INFO - Processing file /opt/airflow/dags/hdb_pipeline.py for tasks to queue
[2026-07-25T14:17:23.937+0000] {logging_mixin.py:190} INFO - [2026-07-25T14:17:23.937+0000] {dagbag.py:588} INFO - Filling up the DagBag from /opt/airflow/dags/hdb_pipeline.py
[2026-07-25T14:17:24.374+0000] {processor.py:925} INFO - DAG(s) 'hdb_resale_pipeline' retrieved from /opt/airflow/dags/hdb_pipeline.py
[2026-07-25T14:17:24.390+0000] {logging_mixin.py:190} INFO - [2026-07-25T14:17:24.389+0000] {dag.py:3239} INFO - Sync 1 DAGs
[2026-07-25T14:17:24.403+0000] {logging_mixin.py:190} INFO - [2026-07-25T14:17:24.402+0000] {dag.py:4180} INFO - Setting next_dagrun for hdb_resale_pipeline to 2026-07-25 00:00:00+00:00, run_after=2026-07-26 00:00:00+00:00
[2026-07-25T14:17:24.415+0000] {processor.py:208} INFO - Processing /opt/airflow/dags/hdb_pipeline.py took 0.485 seconds
[2026-07-25T14:17:54.560+0000] {processor.py:186} INFO - Started process (PID=3215) to work on /opt/airflow/dags/hdb_pipeline.py
[2026-07-25T14:17:54.561+0000] {processor.py:914} INFO - Processing file /opt/airflow/dags/hdb_pipeline.py for tasks to queue
[2026-07-25T14:17:54.563+0000] {logging_mixin.py:190} INFO - [2026-07-25T14:17:54.563+0000] {dagbag.py:588} INFO - Filling up the DagBag from /opt/airflow/dags/hdb_pipeline.py
[2026-07-25T14:17:55.005+0000] {processor.py:925} INFO - DAG(s) 'hdb_resale_pipeline' retrieved from /opt/airflow/dags/hdb_pipeline.py
[2026-07-25T14:17:55.020+0000] {logging_mixin.py:190} INFO - [2026-07-25T14:17:55.020+0000] {dag.py:3239} INFO - Sync 1 DAGs
[2026-07-25T14:17:55.033+0000] {logging_mixin.py:190} INFO - [2026-07-25T14:17:55.033+0000] {dag.py:4180} INFO - Setting next_dagrun for hdb_resale_pipeline to 2026-07-25 00:00:00+00:00, run_after=2026-07-26 00:00:00+00:00
[2026-07-25T14:17:55.046+0000] {processor.py:208} INFO - Processing /opt/airflow/dags/hdb_pipeline.py took 0.489 seconds
[2026-07-25T14:18:25.268+0000] {processor.py:186} INFO - Started process (PID=3238) to work on /opt/airflow/dags/hdb_pipeline.py
[2026-07-25T14:18:25.269+0000] {processor.py:914} INFO - Processing file /opt/airflow/dags/hdb_pipeline.py for tasks to queue
[2026-07-25T14:18:25.271+0000] {logging_mixin.py:190} INFO - [2026-07-25T14:18:25.270+0000] {dagbag.py:588} INFO - Filling up the DagBag from /opt/airflow/dags/hdb_pipeline.py
[2026-07-25T14:18:25.715+0000] {processor.py:925} INFO - DAG(s) 'hdb_resale_pipeline' retrieved from /opt/airflow/dags/hdb_pipeline.py
[2026-07-25T14:18:25.730+0000] {logging_mixin.py:190} INFO - [2026-07-25T14:18:25.730+0000] {dag.py:3239} INFO - Sync 1 DAGs
[2026-07-25T14:18:25.744+0000] {logging_mixin.py:190} INFO - [2026-07-25T14:18:25.744+0000] {dag.py:4180} INFO - Setting next_dagrun for hdb_resale_pipeline to 2026-07-25 00:00:00+00:00, run_after=2026-07-26 00:00:00+00:00
[2026-07-25T14:18:25.758+0000] {processor.py:208} INFO - Processing /opt/airflow/dags/hdb_pipeline.py took 0.494 seconds
[2026-07-25T14:18:55.860+0000] {processor.py:186} INFO - Started process (PID=3261) to work on /opt/airflow/dags/hdb_pipeline.py
[2026-07-25T14:18:55.861+0000] {processor.py:914} INFO - Processing file /opt/airflow/dags/hdb_pipeline.py for tasks to queue
[2026-07-25T14:18:55.863+0000] {logging_mixin.py:190} INFO - [2026-07-25T14:18:55.863+0000] {dagbag.py:588} INFO - Filling up the DagBag from /opt/airflow/dags/hdb_pipeline.py
[2026-07-25T14:18:56.293+0000] {processor.py:925} INFO - DAG(s) 'hdb_resale_pipeline' retrieved from /opt/airflow/dags/hdb_pipeline.py
[2026-07-25T14:18:56.310+0000] {logging_mixin.py:190} INFO - [2026-07-25T14:18:56.309+0000] {dag.py:3239} INFO - Sync 1 DAGs
[2026-07-25T14:18:56.324+0000] {logging_mixin.py:190} INFO - [2026-07-25T14:18:56.324+0000] {dag.py:4180} INFO - Setting next_dagrun for hdb_resale_pipeline to 2026-07-25 00:00:00+00:00, run_after=2026-07-26 00:00:00+00:00
[2026-07-25T14:18:56.336+0000] {processor.py:208} INFO - Processing /opt/airflow/dags/hdb_pipeline.py took 0.480 seconds
[2026-07-25T14:19:26.510+0000] {processor.py:186} INFO - Started process (PID=3284) to work on /opt/airflow/dags/hdb_pipeline.py
[2026-07-25T14:19:26.511+0000] {processor.py:914} INFO - Processing file /opt/airflow/dags/hdb_pipeline.py for tasks to queue
[2026-07-25T14:19:26.513+0000] {logging_mixin.py:190} INFO - [2026-07-25T14:19:26.513+0000] {dagbag.py:588} INFO - Filling up the DagBag from /opt/airflow/dags/hdb_pipeline.py
[2026-07-25T14:19:26.956+0000] {processor.py:925} INFO - DAG(s) 'hdb_resale_pipeline' retrieved from /opt/airflow/dags/hdb_pipeline.py
[2026-07-25T14:19:26.972+0000] {logging_mixin.py:190} INFO - [2026-07-25T14:19:26.972+0000] {dag.py:3239} INFO - Sync 1 DAGs
[2026-07-25T14:19:26.986+0000] {logging_mixin.py:190} INFO - [2026-07-25T14:19:26.985+0000] {dag.py:4180} INFO - Setting next_dagrun for hdb_resale_pipeline to 2026-07-25 00:00:00+00:00, run_after=2026-07-26 00:00:00+00:00
[2026-07-25T14:19:26.998+0000] {processor.py:208} INFO - Processing /opt/airflow/dags/hdb_pipeline.py took 0.492 seconds
[2026-07-25T14:19:57.178+0000] {processor.py:186} INFO - Started process (PID=3307) to work on /opt/airflow/dags/hdb_pipeline.py
[2026-07-25T14:19:57.179+0000] {processor.py:914} INFO - Processing file /opt/airflow/dags/hdb_pipeline.py for tasks to queue
[2026-07-25T14:19:57.181+0000] {logging_mixin.py:190} INFO - [2026-07-25T14:19:57.181+0000] {dagbag.py:588} INFO - Filling up the DagBag from /opt/airflow/dags/hdb_pipeline.py
[2026-07-25T14:19:57.638+0000] {processor.py:925} INFO - DAG(s) 'hdb_resale_pipeline' retrieved from /opt/airflow/dags/hdb_pipeline.py
[2026-07-25T14:19:57.656+0000] {logging_mixin.py:190} INFO - [2026-07-25T14:19:57.656+0000] {dag.py:3239} INFO - Sync 1 DAGs
[2026-07-25T14:19:57.672+0000] {logging_mixin.py:190} INFO - [2026-07-25T14:19:57.671+0000] {dag.py:4180} INFO - Setting next_dagrun for hdb_resale_pipeline to 2026-07-25 00:00:00+00:00, run_after=2026-07-26 00:00:00+00:00
[2026-07-25T14:19:57.684+0000] {processor.py:208} INFO - Processing /opt/airflow/dags/hdb_pipeline.py took 0.510 seconds
[2026-07-25T14:20:27.801+0000] {processor.py:186} INFO - Started process (PID=3330) to work on /opt/airflow/dags/hdb_pipeline.py
[2026-07-25T14:20:27.802+0000] {processor.py:914} INFO - Processing file /opt/airflow/dags/hdb_pipeline.py for tasks to queue
[2026-07-25T14:20:27.804+0000] {logging_mixin.py:190} INFO - [2026-07-25T14:20:27.804+0000] {dagbag.py:588} INFO - Filling up the DagBag from /opt/airflow/dags/hdb_pipeline.py
[2026-07-25T14:20:28.242+0000] {processor.py:925} INFO - DAG(s) 'hdb_resale_pipeline' retrieved from /opt/airflow/dags/hdb_pipeline.py
[2026-07-25T14:20:28.257+0000] {logging_mixin.py:190} INFO - [2026-07-25T14:20:28.257+0000] {dag.py:3239} INFO - Sync 1 DAGs
[2026-07-25T14:20:28.270+0000] {logging_mixin.py:190} INFO - [2026-07-25T14:20:28.270+0000] {dag.py:4180} INFO - Setting next_dagrun for hdb_resale_pipeline to 2026-07-25 00:00:00+00:00, run_after=2026-07-26 00:00:00+00:00
[2026-07-25T14:20:28.283+0000] {processor.py:208} INFO - Processing /opt/airflow/dags/hdb_pipeline.py took 0.486 seconds
[2026-07-25T14:20:58.463+0000] {processor.py:186} INFO - Started process (PID=3353) to work on /opt/airflow/dags/hdb_pipeline.py
[2026-07-25T14:20:58.464+0000] {processor.py:914} INFO - Processing file /opt/airflow/dags/hdb_pipeline.py for tasks to queue
[2026-07-25T14:20:58.466+0000] {logging_mixin.py:190} INFO - [2026-07-25T14:20:58.465+0000] {dagbag.py:588} INFO - Filling up the DagBag from /opt/airflow/dags/hdb_pipeline.py
[2026-07-25T14:20:58.948+0000] {processor.py:925} INFO - DAG(s) 'hdb_resale_pipeline' retrieved from /opt/airflow/dags/hdb_pipeline.py
[2026-07-25T14:20:58.965+0000] {logging_mixin.py:190} INFO - [2026-07-25T14:20:58.965+0000] {dag.py:3239} INFO - Sync 1 DAGs
[2026-07-25T14:20:58.979+0000] {logging_mixin.py:190} INFO - [2026-07-25T14:20:58.979+0000] {dag.py:4180} INFO - Setting next_dagrun for hdb_resale_pipeline to 2026-07-25 00:00:00+00:00, run_after=2026-07-26 00:00:00+00:00
[2026-07-25T14:20:58.990+0000] {processor.py:208} INFO - Processing /opt/airflow/dags/hdb_pipeline.py took 0.532 seconds
[2026-07-25T14:21:29.120+0000] {processor.py:186} INFO - Started process (PID=3376) to work on /opt/airflow/dags/hdb_pipeline.py
[2026-07-25T14:21:29.121+0000] {processor.py:914} INFO - Processing file /opt/airflow/dags/hdb_pipeline.py for tasks to queue
[2026-07-25T14:21:29.123+0000] {logging_mixin.py:190} INFO - [2026-07-25T14:21:29.123+0000] {dagbag.py:588} INFO - Filling up the DagBag from /opt/airflow/dags/hdb_pipeline.py
[2026-07-25T14:21:29.558+0000] {processor.py:925} INFO - DAG(s) 'hdb_resale_pipeline' retrieved from /opt/airflow/dags/hdb_pipeline.py
[2026-07-25T14:21:29.574+0000] {logging_mixin.py:190} INFO - [2026-07-25T14:21:29.574+0000] {dag.py:3239} INFO - Sync 1 DAGs
[2026-07-25T14:21:29.587+0000] {logging_mixin.py:190} INFO - [2026-07-25T14:21:29.587+0000] {dag.py:4180} INFO - Setting next_dagrun for hdb_resale_pipeline to 2026-07-25 00:00:00+00:00, run_after=2026-07-26 00:00:00+00:00
[2026-07-25T14:21:29.599+0000] {processor.py:208} INFO - Processing /opt/airflow/dags/hdb_pipeline.py took 0.483 seconds
[2026-07-25T14:21:59.775+0000] {processor.py:186} INFO - Started process (PID=3399) to work on /opt/airflow/dags/hdb_pipeline.py
[2026-07-25T14:21:59.776+0000] {processor.py:914} INFO - Processing file /opt/airflow/dags/hdb_pipeline.py for tasks to queue
[2026-07-25T14:21:59.778+0000] {logging_mixin.py:190} INFO - [2026-07-25T14:21:59.778+0000] {dagbag.py:588} INFO - Filling up the DagBag from /opt/airflow/dags/hdb_pipeline.py
[2026-07-25T14:22:00.176+0000] {processor.py:925} INFO - DAG(s) 'hdb_resale_pipeline' retrieved from /opt/airflow/dags/hdb_pipeline.py
[2026-07-25T14:22:00.190+0000] {logging_mixin.py:190} INFO - [2026-07-25T14:22:00.189+0000] {dag.py:3239} INFO - Sync 1 DAGs
[2026-07-25T14:22:00.202+0000] {logging_mixin.py:190} INFO - [2026-07-25T14:22:00.201+0000] {dag.py:4180} INFO - Setting next_dagrun for hdb_resale_pipeline to 2026-07-25 00:00:00+00:00, run_after=2026-07-26 00:00:00+00:00
[2026-07-25T14:22:00.223+0000] {processor.py:208} INFO - Processing /opt/airflow/dags/hdb_pipeline.py took 0.451 seconds
[2026-07-25T14:22:30.395+0000] {processor.py:186} INFO - Started process (PID=3422) to work on /opt/airflow/dags/hdb_pipeline.py
[2026-07-25T14:22:30.396+0000] {processor.py:914} INFO - Processing file /opt/airflow/dags/hdb_pipeline.py for tasks to queue
[2026-07-25T14:22:30.398+0000] {logging_mixin.py:190} INFO - [2026-07-25T14:22:30.398+0000] {dagbag.py:588} INFO - Filling up the DagBag from /opt/airflow/dags/hdb_pipeline.py
[2026-07-25T14:22:30.788+0000] {processor.py:925} INFO - DAG(s) 'hdb_resale_pipeline' retrieved from /opt/airflow/dags/hdb_pipeline.py
[2026-07-25T14:22:30.801+0000] {logging_mixin.py:190} INFO - [2026-07-25T14:22:30.801+0000] {dag.py:3239} INFO - Sync 1 DAGs
[2026-07-25T14:22:30.813+0000] {logging_mixin.py:190} INFO - [2026-07-25T14:22:30.813+0000] {dag.py:4180} INFO - Setting next_dagrun for hdb_resale_pipeline to 2026-07-25 00:00:00+00:00, run_after=2026-07-26 00:00:00+00:00
[2026-07-25T14:22:30.826+0000] {processor.py:208} INFO - Processing /opt/airflow/dags/hdb_pipeline.py took 0.434 seconds
[2026-07-25T14:23:00.988+0000] {processor.py:186} INFO - Started process (PID=3446) to work on /opt/airflow/dags/hdb_pipeline.py
[2026-07-25T14:23:00.989+0000] {processor.py:914} INFO - Processing file /opt/airflow/dags/hdb_pipeline.py for tasks to queue
[2026-07-25T14:23:00.991+0000] {logging_mixin.py:190} INFO - [2026-07-25T14:23:00.991+0000] {dagbag.py:588} INFO - Filling up the DagBag from /opt/airflow/dags/hdb_pipeline.py
[2026-07-25T14:23:01.416+0000] {processor.py:925} INFO - DAG(s) 'hdb_resale_pipeline' retrieved from /opt/airflow/dags/hdb_pipeline.py
[2026-07-25T14:23:01.430+0000] {logging_mixin.py:190} INFO - [2026-07-25T14:23:01.430+0000] {dag.py:3239} INFO - Sync 1 DAGs
[2026-07-25T14:23:01.443+0000] {logging_mixin.py:190} INFO - [2026-07-25T14:23:01.443+0000] {dag.py:4180} INFO - Setting next_dagrun for hdb_resale_pipeline to 2026-07-25 00:00:00+00:00, run_after=2026-07-26 00:00:00+00:00
[2026-07-25T14:23:01.455+0000] {processor.py:208} INFO - Processing /opt/airflow/dags/hdb_pipeline.py took 0.470 seconds
[2026-07-25T14:23:31.630+0000] {processor.py:186} INFO - Started process (PID=3469) to work on /opt/airflow/dags/hdb_pipeline.py
[2026-07-25T14:23:31.631+0000] {processor.py:914} INFO - Processing file /opt/airflow/dags/hdb_pipeline.py for tasks to queue
[2026-07-25T14:23:31.633+0000] {logging_mixin.py:190} INFO - [2026-07-25T14:23:31.633+0000] {dagbag.py:588} INFO - Filling up the DagBag from /opt/airflow/dags/hdb_pipeline.py
[2026-07-25T14:23:32.019+0000] {processor.py:925} INFO - DAG(s) 'hdb_resale_pipeline' retrieved from /opt/airflow/dags/hdb_pipeline.py
[2026-07-25T14:23:32.034+0000] {logging_mixin.py:190} INFO - [2026-07-25T14:23:32.033+0000] {dag.py:3239} INFO - Sync 1 DAGs
[2026-07-25T14:23:32.045+0000] {logging_mixin.py:190} INFO - [2026-07-25T14:23:32.045+0000] {dag.py:4180} INFO - Setting next_dagrun for hdb_resale_pipeline to 2026-07-25 00:00:00+00:00, run_after=2026-07-26 00:00:00+00:00
[2026-07-25T14:23:32.057+0000] {processor.py:208} INFO - Processing /opt/airflow/dags/hdb_pipeline.py took 0.430 seconds
[2026-07-25T14:24:02.231+0000] {processor.py:186} INFO - Started process (PID=3492) to work on /opt/airflow/dags/hdb_pipeline.py
[2026-07-25T14:24:02.232+0000] {processor.py:914} INFO - Processing file /opt/airflow/dags/hdb_pipeline.py for tasks to queue
[2026-07-25T14:24:02.234+0000] {logging_mixin.py:190} INFO - [2026-07-25T14:24:02.234+0000] {dagbag.py:588} INFO - Filling up the DagBag from /opt/airflow/dags/hdb_pipeline.py
[2026-07-25T14:24:02.669+0000] {processor.py:925} INFO - DAG(s) 'hdb_resale_pipeline' retrieved from /opt/airflow/dags/hdb_pipeline.py
[2026-07-25T14:24:02.685+0000] {logging_mixin.py:190} INFO - [2026-07-25T14:24:02.684+0000] {dag.py:3239} INFO - Sync 1 DAGs
[2026-07-25T14:24:02.698+0000] {logging_mixin.py:190} INFO - [2026-07-25T14:24:02.698+0000] {dag.py:4180} INFO - Setting next_dagrun for hdb_resale_pipeline to 2026-07-25 00:00:00+00:00, run_after=2026-07-26 00:00:00+00:00
[2026-07-25T14:24:02.710+0000] {processor.py:208} INFO - Processing /opt/airflow/dags/hdb_pipeline.py took 0.483 seconds
[2026-07-25T14:24:32.892+0000] {processor.py:186} INFO - Started process (PID=3515) to work on /opt/airflow/dags/hdb_pipeline.py
[2026-07-25T14:24:32.893+0000] {processor.py:914} INFO - Processing file /opt/airflow/dags/hdb_pipeline.py for tasks to queue
[2026-07-25T14:24:32.895+0000] {logging_mixin.py:190} INFO - [2026-07-25T14:24:32.895+0000] {dagbag.py:588} INFO - Filling up the DagBag from /opt/airflow/dags/hdb_pipeline.py
[2026-07-25T14:24:33.323+0000] {processor.py:925} INFO - DAG(s) 'hdb_resale_pipeline' retrieved from /opt/airflow/dags/hdb_pipeline.py
[2026-07-25T14:24:33.338+0000] {logging_mixin.py:190} INFO - [2026-07-25T14:24:33.338+0000] {dag.py:3239} INFO - Sync 1 DAGs
[2026-07-25T14:24:33.351+0000] {logging_mixin.py:190} INFO - [2026-07-25T14:24:33.351+0000] {dag.py:4180} INFO - Setting next_dagrun for hdb_resale_pipeline to 2026-07-25 00:00:00+00:00, run_after=2026-07-26 00:00:00+00:00
[2026-07-25T14:24:33.363+0000] {processor.py:208} INFO - Processing /opt/airflow/dags/hdb_pipeline.py took 0.475 seconds
[2026-07-25T14:25:03.515+0000] {processor.py:186} INFO - Started process (PID=3538) to work on /opt/airflow/dags/hdb_pipeline.py
[2026-07-25T14:25:03.516+0000] {processor.py:914} INFO - Processing file /opt/airflow/dags/hdb_pipeline.py for tasks to queue
[2026-07-25T14:25:03.518+0000] {logging_mixin.py:190} INFO - [2026-07-25T14:25:03.518+0000] {dagbag.py:588} INFO - Filling up the DagBag from /opt/airflow/dags/hdb_pipeline.py
[2026-07-25T14:25:03.913+0000] {processor.py:925} INFO - DAG(s) 'hdb_resale_pipeline' retrieved from /opt/airflow/dags/hdb_pipeline.py
[2026-07-25T14:25:03.927+0000] {logging_mixin.py:190} INFO - [2026-07-25T14:25:03.926+0000] {dag.py:3239} INFO - Sync 1 DAGs
[2026-07-25T14:25:03.939+0000] {logging_mixin.py:190} INFO - [2026-07-25T14:25:03.939+0000] {dag.py:4180} INFO - Setting next_dagrun for hdb_resale_pipeline to 2026-07-25 00:00:00+00:00, run_after=2026-07-26 00:00:00+00:00
[2026-07-25T14:25:03.950+0000] {processor.py:208} INFO - Processing /opt/airflow/dags/hdb_pipeline.py took 0.438 seconds
[2026-07-25T14:25:34.115+0000] {processor.py:186} INFO - Started process (PID=3561) to work on /opt/airflow/dags/hdb_pipeline.py
[2026-07-25T14:25:34.116+0000] {processor.py:914} INFO - Processing file /opt/airflow/dags/hdb_pipeline.py for tasks to queue
[2026-07-25T14:25:34.118+0000] {logging_mixin.py:190} INFO - [2026-07-25T14:25:34.118+0000] {dagbag.py:588} INFO - Filling up the DagBag from /opt/airflow/dags/hdb_pipeline.py
[2026-07-25T14:25:34.515+0000] {processor.py:925} INFO - DAG(s) 'hdb_resale_pipeline' retrieved from /opt/airflow/dags/hdb_pipeline.py
[2026-07-25T14:25:34.529+0000] {logging_mixin.py:190} INFO - [2026-07-25T14:25:34.528+0000] {dag.py:3239} INFO - Sync 1 DAGs
[2026-07-25T14:25:34.541+0000] {logging_mixin.py:190} INFO - [2026-07-25T14:25:34.541+0000] {dag.py:4180} INFO - Setting next_dagrun for hdb_resale_pipeline to 2026-07-25 00:00:00+00:00, run_after=2026-07-26 00:00:00+00:00
[2026-07-25T14:25:34.552+0000] {processor.py:208} INFO - Processing /opt/airflow/dags/hdb_pipeline.py took 0.441 seconds
[2026-07-25T14:26:04.717+0000] {processor.py:186} INFO - Started process (PID=3584) to work on /opt/airflow/dags/hdb_pipeline.py
[2026-07-25T14:26:04.718+0000] {processor.py:914} INFO - Processing file /opt/airflow/dags/hdb_pipeline.py for tasks to queue
[2026-07-25T14:26:04.720+0000] {logging_mixin.py:190} INFO - [2026-07-25T14:26:04.720+0000] {dagbag.py:588} INFO - Filling up the DagBag from /opt/airflow/dags/hdb_pipeline.py
[2026-07-25T14:26:05.096+0000] {processor.py:925} INFO - DAG(s) 'hdb_resale_pipeline' retrieved from /opt/airflow/dags/hdb_pipeline.py
[2026-07-25T14:26:05.110+0000] {logging_mixin.py:190} INFO - [2026-07-25T14:26:05.110+0000] {dag.py:3239} INFO - Sync 1 DAGs
[2026-07-25T14:26:05.123+0000] {logging_mixin.py:190} INFO - [2026-07-25T14:26:05.122+0000] {dag.py:4180} INFO - Setting next_dagrun for hdb_resale_pipeline to 2026-07-25 00:00:00+00:00, run_after=2026-07-26 00:00:00+00:00
[2026-07-25T14:26:05.134+0000] {processor.py:208} INFO - Processing /opt/airflow/dags/hdb_pipeline.py took 0.420 seconds
[2026-07-25T14:26:35.298+0000] {processor.py:186} INFO - Started process (PID=3607) to work on /opt/airflow/dags/hdb_pipeline.py
[2026-07-25T14:26:35.299+0000] {processor.py:914} INFO - Processing file /opt/airflow/dags/hdb_pipeline.py for tasks to queue
[2026-07-25T14:26:35.302+0000] {logging_mixin.py:190} INFO - [2026-07-25T14:26:35.301+0000] {dagbag.py:588} INFO - Filling up the DagBag from /opt/airflow/dags/hdb_pipeline.py
[2026-07-25T14:26:35.671+0000] {processor.py:925} INFO - DAG(s) 'hdb_resale_pipeline' retrieved from /opt/airflow/dags/hdb_pipeline.py
[2026-07-25T14:26:35.685+0000] {logging_mixin.py:190} INFO - [2026-07-25T14:26:35.685+0000] {dag.py:3239} INFO - Sync 1 DAGs
[2026-07-25T14:26:35.697+0000] {logging_mixin.py:190} INFO - [2026-07-25T14:26:35.697+0000] {dag.py:4180} INFO - Setting next_dagrun for hdb_resale_pipeline to 2026-07-25 00:00:00+00:00, run_after=2026-07-26 00:00:00+00:00
[2026-07-25T14:26:35.708+0000] {processor.py:208} INFO - Processing /opt/airflow/dags/hdb_pipeline.py took 0.415 seconds
[2026-07-25T14:27:05.872+0000] {processor.py:186} INFO - Started process (PID=3630) to work on /opt/airflow/dags/hdb_pipeline.py
[2026-07-25T14:27:05.873+0000] {processor.py:914} INFO - Processing file /opt/airflow/dags/hdb_pipeline.py for tasks to queue
[2026-07-25T14:27:05.875+0000] {logging_mixin.py:190} INFO - [2026-07-25T14:27:05.875+0000] {dagbag.py:588} INFO - Filling up the DagBag from /opt/airflow/dags/hdb_pipeline.py
[2026-07-25T14:27:06.299+0000] {processor.py:925} INFO - DAG(s) 'hdb_resale_pipeline' retrieved from /opt/airflow/dags/hdb_pipeline.py
[2026-07-25T14:27:06.315+0000] {logging_mixin.py:190} INFO - [2026-07-25T14:27:06.315+0000] {dag.py:3239} INFO - Sync 1 DAGs
[2026-07-25T14:27:06.329+0000] {logging_mixin.py:190} INFO - [2026-07-25T14:27:06.329+0000] {dag.py:4180} INFO - Setting next_dagrun for hdb_resale_pipeline to 2026-07-25 00:00:00+00:00, run_after=2026-07-26 00:00:00+00:00
[2026-07-25T14:27:06.341+0000] {processor.py:208} INFO - Processing /opt/airflow/dags/hdb_pipeline.py took 0.472 seconds
[2026-07-25T14:27:36.509+0000] {processor.py:186} INFO - Started process (PID=3659) to work on /opt/airflow/dags/hdb_pipeline.py
[2026-07-25T14:27:36.510+0000] {processor.py:914} INFO - Processing file /opt/airflow/dags/hdb_pipeline.py for tasks to queue
[2026-07-25T14:27:36.511+0000] {logging_mixin.py:190} INFO - [2026-07-25T14:27:36.511+0000] {dagbag.py:588} INFO - Filling up the DagBag from /opt/airflow/dags/hdb_pipeline.py
[2026-07-25T14:27:36.893+0000] {processor.py:925} INFO - DAG(s) 'hdb_resale_pipeline' retrieved from /opt/airflow/dags/hdb_pipeline.py
[2026-07-25T14:27:36.908+0000] {logging_mixin.py:190} INFO - [2026-07-25T14:27:36.908+0000] {dag.py:3239} INFO - Sync 1 DAGs
[2026-07-25T14:27:36.920+0000] {logging_mixin.py:190} INFO - [2026-07-25T14:27:36.920+0000] {dag.py:4180} INFO - Setting next_dagrun for hdb_resale_pipeline to 2026-07-25 00:00:00+00:00, run_after=2026-07-26 00:00:00+00:00
[2026-07-25T14:27:36.931+0000] {processor.py:208} INFO - Processing /opt/airflow/dags/hdb_pipeline.py took 0.426 seconds
[2026-07-25T14:28:07.100+0000] {processor.py:186} INFO - Started process (PID=3682) to work on /opt/airflow/dags/hdb_pipeline.py
[2026-07-25T14:28:07.101+0000] {processor.py:914} INFO - Processing file /opt/airflow/dags/hdb_pipeline.py for tasks to queue
[2026-07-25T14:28:07.102+0000] {logging_mixin.py:190} INFO - [2026-07-25T14:28:07.102+0000] {dagbag.py:588} INFO - Filling up the DagBag from /opt/airflow/dags/hdb_pipeline.py
[2026-07-25T14:28:07.489+0000] {processor.py:925} INFO - DAG(s) 'hdb_resale_pipeline' retrieved from /opt/airflow/dags/hdb_pipeline.py
[2026-07-25T14:28:07.503+0000] {logging_mixin.py:190} INFO - [2026-07-25T14:28:07.503+0000] {dag.py:3239} INFO - Sync 1 DAGs
[2026-07-25T14:28:07.515+0000] {logging_mixin.py:190} INFO - [2026-07-25T14:28:07.515+0000] {dag.py:4180} INFO - Setting next_dagrun for hdb_resale_pipeline to 2026-07-25 00:00:00+00:00, run_after=2026-07-26 00:00:00+00:00
[2026-07-25T14:28:07.526+0000] {processor.py:208} INFO - Processing /opt/airflow/dags/hdb_pipeline.py took 0.430 seconds
[2026-07-25T14:28:37.694+0000] {processor.py:186} INFO - Started process (PID=3705) to work on /opt/airflow/dags/hdb_pipeline.py
[2026-07-25T14:28:37.695+0000] {processor.py:914} INFO - Processing file /opt/airflow/dags/hdb_pipeline.py for tasks to queue
[2026-07-25T14:28:37.697+0000] {logging_mixin.py:190} INFO - [2026-07-25T14:28:37.697+0000] {dagbag.py:588} INFO - Filling up the DagBag from /opt/airflow/dags/hdb_pipeline.py
[2026-07-25T14:28:38.072+0000] {processor.py:925} INFO - DAG(s) 'hdb_resale_pipeline' retrieved from /opt/airflow/dags/hdb_pipeline.py
[2026-07-25T14:28:38.086+0000] {logging_mixin.py:190} INFO - [2026-07-25T14:28:38.086+0000] {dag.py:3239} INFO - Sync 1 DAGs
[2026-07-25T14:28:38.099+0000] {logging_mixin.py:190} INFO - [2026-07-25T14:28:38.099+0000] {dag.py:4180} INFO - Setting next_dagrun for hdb_resale_pipeline to 2026-07-25 00:00:00+00:00, run_after=2026-07-26 00:00:00+00:00
[2026-07-25T14:28:38.110+0000] {processor.py:208} INFO - Processing /opt/airflow/dags/hdb_pipeline.py took 0.419 seconds
[2026-07-25T14:29:08.270+0000] {processor.py:186} INFO - Started process (PID=3728) to work on /opt/airflow/dags/hdb_pipeline.py
[2026-07-25T14:29:08.271+0000] {processor.py:914} INFO - Processing file /opt/airflow/dags/hdb_pipeline.py for tasks to queue
[2026-07-25T14:29:08.273+0000] {logging_mixin.py:190} INFO - [2026-07-25T14:29:08.273+0000] {dagbag.py:588} INFO - Filling up the DagBag from /opt/airflow/dags/hdb_pipeline.py
[2026-07-25T14:29:08.646+0000] {processor.py:925} INFO - DAG(s) 'hdb_resale_pipeline' retrieved from /opt/airflow/dags/hdb_pipeline.py
[2026-07-25T14:29:08.660+0000] {logging_mixin.py:190} INFO - [2026-07-25T14:29:08.660+0000] {dag.py:3239} INFO - Sync 1 DAGs
[2026-07-25T14:29:08.673+0000] {logging_mixin.py:190} INFO - [2026-07-25T14:29:08.673+0000] {dag.py:4180} INFO - Setting next_dagrun for hdb_resale_pipeline to 2026-07-25 00:00:00+00:00, run_after=2026-07-26 00:00:00+00:00
[2026-07-25T14:29:08.685+0000] {processor.py:208} INFO - Processing /opt/airflow/dags/hdb_pipeline.py took 0.419 seconds
[2026-07-25T14:29:38.847+0000] {processor.py:186} INFO - Started process (PID=3751) to work on /opt/airflow/dags/hdb_pipeline.py
[2026-07-25T14:29:38.848+0000] {processor.py:914} INFO - Processing file /opt/airflow/dags/hdb_pipeline.py for tasks to queue
[2026-07-25T14:29:38.850+0000] {logging_mixin.py:190} INFO - [2026-07-25T14:29:38.849+0000] {dagbag.py:588} INFO - Filling up the DagBag from /opt/airflow/dags/hdb_pipeline.py
[2026-07-25T14:29:39.244+0000] {processor.py:925} INFO - DAG(s) 'hdb_resale_pipeline' retrieved from /opt/airflow/dags/hdb_pipeline.py
[2026-07-25T14:29:39.258+0000] {logging_mixin.py:190} INFO - [2026-07-25T14:29:39.258+0000] {dag.py:3239} INFO - Sync 1 DAGs
[2026-07-25T14:29:39.270+0000] {logging_mixin.py:190} INFO - [2026-07-25T14:29:39.269+0000] {dag.py:4180} INFO - Setting next_dagrun for hdb_resale_pipeline to 2026-07-25 00:00:00+00:00, run_after=2026-07-26 00:00:00+00:00
[2026-07-25T14:29:39.281+0000] {processor.py:208} INFO - Processing /opt/airflow/dags/hdb_pipeline.py took 0.437 seconds
[2026-07-25T14:30:09.439+0000] {processor.py:186} INFO - Started process (PID=3774) to work on /opt/airflow/dags/hdb_pipeline.py
[2026-07-25T14:30:09.440+0000] {processor.py:914} INFO - Processing file /opt/airflow/dags/hdb_pipeline.py for tasks to queue
[2026-07-25T14:30:09.442+0000] {logging_mixin.py:190} INFO - [2026-07-25T14:30:09.442+0000] {dagbag.py:588} INFO - Filling up the DagBag from /opt/airflow/dags/hdb_pipeline.py
[2026-07-25T14:30:09.818+0000] {processor.py:925} INFO - DAG(s) 'hdb_resale_pipeline' retrieved from /opt/airflow/dags/hdb_pipeline.py
[2026-07-25T14:30:09.832+0000] {logging_mixin.py:190} INFO - [2026-07-25T14:30:09.832+0000] {dag.py:3239} INFO - Sync 1 DAGs
[2026-07-25T14:30:09.844+0000] {logging_mixin.py:190} INFO - [2026-07-25T14:30:09.844+0000] {dag.py:4180} INFO - Setting next_dagrun for hdb_resale_pipeline to 2026-07-25 00:00:00+00:00, run_after=2026-07-26 00:00:00+00:00
[2026-07-25T14:30:09.855+0000] {processor.py:208} INFO - Processing /opt/airflow/dags/hdb_pipeline.py took 0.419 seconds
[2026-07-25T14:30:40.014+0000] {processor.py:186} INFO - Started process (PID=3797) to work on /opt/airflow/dags/hdb_pipeline.py
[2026-07-25T14:30:40.014+0000] {processor.py:914} INFO - Processing file /opt/airflow/dags/hdb_pipeline.py for tasks to queue
[2026-07-25T14:30:40.016+0000] {logging_mixin.py:190} INFO - [2026-07-25T14:30:40.016+0000] {dagbag.py:588} INFO - Filling up the DagBag from /opt/airflow/dags/hdb_pipeline.py
[2026-07-25T14:30:40.421+0000] {processor.py:925} INFO - DAG(s) 'hdb_resale_pipeline' retrieved from /opt/airflow/dags/hdb_pipeline.py
[2026-07-25T14:30:40.436+0000] {logging_mixin.py:190} INFO - [2026-07-25T14:30:40.435+0000] {dag.py:3239} INFO - Sync 1 DAGs
[2026-07-25T14:30:40.448+0000] {logging_mixin.py:190} INFO - [2026-07-25T14:30:40.448+0000] {dag.py:4180} INFO - Setting next_dagrun for hdb_resale_pipeline to 2026-07-25 00:00:00+00:00, run_after=2026-07-26 00:00:00+00:00
[2026-07-25T14:30:40.464+0000] {processor.py:208} INFO - Processing /opt/airflow/dags/hdb_pipeline.py took 0.454 seconds
[2026-07-25T14:30:52.074+0000] {processor.py:186} INFO - Started process (PID=3814) to work on /opt/airflow/dags/hdb_pipeline.py
[2026-07-25T14:30:52.075+0000] {processor.py:914} INFO - Processing file /opt/airflow/dags/hdb_pipeline.py for tasks to queue
[2026-07-25T14:30:52.077+0000] {logging_mixin.py:190} INFO - [2026-07-25T14:30:52.077+0000] {dagbag.py:588} INFO - Filling up the DagBag from /opt/airflow/dags/hdb_pipeline.py
[2026-07-25T14:30:52.464+0000] {processor.py:925} INFO - DAG(s) 'hdb_resale_pipeline' retrieved from /opt/airflow/dags/hdb_pipeline.py
[2026-07-25T14:30:52.625+0000] {logging_mixin.py:190} INFO - [2026-07-25T14:30:52.625+0000] {dag.py:3239} INFO - Sync 1 DAGs
[2026-07-25T14:30:52.637+0000] {logging_mixin.py:190} INFO - [2026-07-25T14:30:52.637+0000] {dag.py:4180} INFO - Setting next_dagrun for hdb_resale_pipeline to 2026-07-25 00:00:00+00:00, run_after=2026-07-26 00:00:00+00:00
[2026-07-25T14:30:52.652+0000] {processor.py:208} INFO - Processing /opt/airflow/dags/hdb_pipeline.py took 0.582 seconds
[2026-07-25T14:31:22.693+0000] {processor.py:186} INFO - Started process (PID=3837) to work on /opt/airflow/dags/hdb_pipeline.py
[2026-07-25T14:31:22.693+0000] {processor.py:914} INFO - Processing file /opt/airflow/dags/hdb_pipeline.py for tasks to queue
[2026-07-25T14:31:22.695+0000] {logging_mixin.py:190} INFO - [2026-07-25T14:31:22.695+0000] {dagbag.py:588} INFO - Filling up the DagBag from /opt/airflow/dags/hdb_pipeline.py
[2026-07-25T14:31:23.100+0000] {processor.py:925} INFO - DAG(s) 'hdb_resale_pipeline' retrieved from /opt/airflow/dags/hdb_pipeline.py
[2026-07-25T14:31:23.114+0000] {logging_mixin.py:190} INFO - [2026-07-25T14:31:23.114+0000] {dag.py:3239} INFO - Sync 1 DAGs
[2026-07-25T14:31:23.126+0000] {logging_mixin.py:190} INFO - [2026-07-25T14:31:23.126+0000] {dag.py:4180} INFO - Setting next_dagrun for hdb_resale_pipeline to 2026-07-25 00:00:00+00:00, run_after=2026-07-26 00:00:00+00:00
[2026-07-25T14:31:23.138+0000] {processor.py:208} INFO - Processing /opt/airflow/dags/hdb_pipeline.py took 0.449 seconds
[2026-07-25T14:31:53.301+0000] {processor.py:186} INFO - Started process (PID=3861) to work on /opt/airflow/dags/hdb_pipeline.py
[2026-07-25T14:31:53.301+0000] {processor.py:914} INFO - Processing file /opt/airflow/dags/hdb_pipeline.py for tasks to queue
[2026-07-25T14:31:53.303+0000] {logging_mixin.py:190} INFO - [2026-07-25T14:31:53.303+0000] {dagbag.py:588} INFO - Filling up the DagBag from /opt/airflow/dags/hdb_pipeline.py
[2026-07-25T14:31:53.702+0000] {processor.py:925} INFO - DAG(s) 'hdb_resale_pipeline' retrieved from /opt/airflow/dags/hdb_pipeline.py
[2026-07-25T14:31:53.716+0000] {logging_mixin.py:190} INFO - [2026-07-25T14:31:53.716+0000] {dag.py:3239} INFO - Sync 1 DAGs
[2026-07-25T14:31:53.728+0000] {logging_mixin.py:190} INFO - [2026-07-25T14:31:53.728+0000] {dag.py:4180} INFO - Setting next_dagrun for hdb_resale_pipeline to 2026-07-25 00:00:00+00:00, run_after=2026-07-26 00:00:00+00:00
[2026-07-25T14:31:53.740+0000] {processor.py:208} INFO - Processing /opt/airflow/dags/hdb_pipeline.py took 0.442 seconds
[2026-07-25T14:32:23.439+0000] {processor.py:186} INFO - Started process (PID=3884) to work on /opt/airflow/dags/hdb_pipeline.py
[2026-07-25T14:32:23.440+0000] {processor.py:914} INFO - Processing file /opt/airflow/dags/hdb_pipeline.py for tasks to queue
[2026-07-25T14:32:23.442+0000] {logging_mixin.py:190} INFO - [2026-07-25T14:32:23.442+0000] {dagbag.py:588} INFO - Filling up the DagBag from /opt/airflow/dags/hdb_pipeline.py
[2026-07-25T14:32:23.835+0000] {processor.py:925} INFO - DAG(s) 'hdb_resale_pipeline' retrieved from /opt/airflow/dags/hdb_pipeline.py
[2026-07-25T14:32:23.849+0000] {logging_mixin.py:190} INFO - [2026-07-25T14:32:23.849+0000] {dag.py:3239} INFO - Sync 1 DAGs
[2026-07-25T14:32:23.862+0000] {logging_mixin.py:190} INFO - [2026-07-25T14:32:23.862+0000] {dag.py:4180} INFO - Setting next_dagrun for hdb_resale_pipeline to 2026-07-25 00:00:00+00:00, run_after=2026-07-26 00:00:00+00:00
[2026-07-25T14:32:23.877+0000] {processor.py:208} INFO - Processing /opt/airflow/dags/hdb_pipeline.py took 0.442 seconds
[2026-07-25T14:32:31.951+0000] {processor.py:186} INFO - Started process (PID=3901) to work on /opt/airflow/dags/hdb_pipeline.py
[2026-07-25T14:32:31.952+0000] {processor.py:914} INFO - Processing file /opt/airflow/dags/hdb_pipeline.py for tasks to queue
[2026-07-25T14:32:31.954+0000] {logging_mixin.py:190} INFO - [2026-07-25T14:32:31.954+0000] {dagbag.py:588} INFO - Filling up the DagBag from /opt/airflow/dags/hdb_pipeline.py
[2026-07-25T14:32:32.371+0000] {processor.py:925} INFO - DAG(s) 'hdb_resale_pipeline' retrieved from /opt/airflow/dags/hdb_pipeline.py
[2026-07-25T14:32:32.387+0000] {logging_mixin.py:190} INFO - [2026-07-25T14:32:32.387+0000] {dag.py:3239} INFO - Sync 1 DAGs
[2026-07-25T14:32:32.400+0000] {logging_mixin.py:190} INFO - [2026-07-25T14:32:32.400+0000] {dag.py:4180} INFO - Setting next_dagrun for hdb_resale_pipeline to 2026-07-25 00:00:00+00:00, run_after=2026-07-26 00:00:00+00:00
[2026-07-25T14:32:32.414+0000] {processor.py:208} INFO - Processing /opt/airflow/dags/hdb_pipeline.py took 0.466 seconds
[2026-07-25T14:33:02.577+0000] {processor.py:186} INFO - Started process (PID=3924) to work on /opt/airflow/dags/hdb_pipeline.py
[2026-07-25T14:33:02.577+0000] {processor.py:914} INFO - Processing file /opt/airflow/dags/hdb_pipeline.py for tasks to queue
[2026-07-25T14:33:02.579+0000] {logging_mixin.py:190} INFO - [2026-07-25T14:33:02.579+0000] {dagbag.py:588} INFO - Filling up the DagBag from /opt/airflow/dags/hdb_pipeline.py
[2026-07-25T14:33:03.006+0000] {processor.py:925} INFO - DAG(s) 'hdb_resale_pipeline' retrieved from /opt/airflow/dags/hdb_pipeline.py
[2026-07-25T14:33:03.021+0000] {logging_mixin.py:190} INFO - [2026-07-25T14:33:03.020+0000] {dag.py:3239} INFO - Sync 1 DAGs
[2026-07-25T14:33:03.034+0000] {logging_mixin.py:190} INFO - [2026-07-25T14:33:03.034+0000] {dag.py:4180} INFO - Setting next_dagrun for hdb_resale_pipeline to 2026-07-25 00:00:00+00:00, run_after=2026-07-26 00:00:00+00:00
[2026-07-25T14:33:03.045+0000] {processor.py:208} INFO - Processing /opt/airflow/dags/hdb_pipeline.py took 0.472 seconds
[2026-07-25T14:33:33.209+0000] {processor.py:186} INFO - Started process (PID=3947) to work on /opt/airflow/dags/hdb_pipeline.py
[2026-07-25T14:33:33.210+0000] {processor.py:914} INFO - Processing file /opt/airflow/dags/hdb_pipeline.py for tasks to queue
[2026-07-25T14:33:33.212+0000] {logging_mixin.py:190} INFO - [2026-07-25T14:33:33.212+0000] {dagbag.py:588} INFO - Filling up the DagBag from /opt/airflow/dags/hdb_pipeline.py
[2026-07-25T14:33:33.584+0000] {processor.py:925} INFO - DAG(s) 'hdb_resale_pipeline' retrieved from /opt/airflow/dags/hdb_pipeline.py
[2026-07-25T14:33:33.598+0000] {logging_mixin.py:190} INFO - [2026-07-25T14:33:33.598+0000] {dag.py:3239} INFO - Sync 1 DAGs
[2026-07-25T14:33:33.611+0000] {logging_mixin.py:190} INFO - [2026-07-25T14:33:33.611+0000] {dag.py:4180} INFO - Setting next_dagrun for hdb_resale_pipeline to 2026-07-25 00:00:00+00:00, run_after=2026-07-26 00:00:00+00:00
[2026-07-25T14:33:33.621+0000] {processor.py:208} INFO - Processing /opt/airflow/dags/hdb_pipeline.py took 0.415 seconds
[2026-07-25T14:34:03.781+0000] {processor.py:186} INFO - Started process (PID=3970) to work on /opt/airflow/dags/hdb_pipeline.py
[2026-07-25T14:34:03.782+0000] {processor.py:914} INFO - Processing file /opt/airflow/dags/hdb_pipeline.py for tasks to queue
[2026-07-25T14:34:03.784+0000] {logging_mixin.py:190} INFO - [2026-07-25T14:34:03.784+0000] {dagbag.py:588} INFO - Filling up the DagBag from /opt/airflow/dags/hdb_pipeline.py
[2026-07-25T14:34:04.184+0000] {processor.py:925} INFO - DAG(s) 'hdb_resale_pipeline' retrieved from /opt/airflow/dags/hdb_pipeline.py
[2026-07-25T14:34:04.199+0000] {logging_mixin.py:190} INFO - [2026-07-25T14:34:04.198+0000] {dag.py:3239} INFO - Sync 1 DAGs
[2026-07-25T14:34:04.211+0000] {logging_mixin.py:190} INFO - [2026-07-25T14:34:04.211+0000] {dag.py:4180} INFO - Setting next_dagrun for hdb_resale_pipeline to 2026-07-25 00:00:00+00:00, run_after=2026-07-26 00:00:00+00:00
[2026-07-25T14:34:04.222+0000] {processor.py:208} INFO - Processing /opt/airflow/dags/hdb_pipeline.py took 0.445 seconds
